,Class
9434,0
26912,0
47022,1
19371,0
17129,0
37131,1
42761,1
36233,1
16495,0
18074,0
35750,1
34917,1
34273,1
51339,1
7293,0
17163,0
32780,1
20198,0
42629,1
25002,0
53670,1
28549,0
27952,0
42123,1
15661,0
47368,1
22070,0
26878,0
2781,0
3749,0
40969,1
43874,1
39476,1
37052,1
19550,0
9361,0
8589,0
34305,1
8641,0
34462,1
40951,1
44971,1
19598,0
57475,1
37717,1
53013,1
6206,0
52818,1
42386,1
57290,1
47876,1
38444,1
41808,1
19671,0
11222,0
27402,0
30339,1
23449,0
46823,1
31386,1
701,0
609,0
57648,1
15150,0
39055,1
52357,1
56186,1
46750,1
15608,0
303,0
18167,0
57298,1
582,0
31468,1
52542,1
21945,0
54686,1
41716,1
43349,1
46268,1
9841,0
12288,0
45376,1
791,0
16430,0
5449,0
5304,0
9774,0
4407,0
7699,0
16987,0
47727,1
43624,1
9308,0
33414,1
24134,0
37687,1
17291,0
18847,0
52797,1
20548,0
41174,1
53316,1
21711,0
14991,0
23639,0
38132,1
49839,1
56463,1
10470,0
10876,0
12162,0
48576,1
35009,1
51877,1
57498,1
11919,0
19012,0
58525,1
48046,1
58406,1
13297,0
38473,1
23181,0
24424,0
22038,0
39066,1
52645,1
54728,1
40380,1
18956,0
45421,1
23647,0
41959,1
51029,1
30020,1
14632,0
8612,0
45552,1
15697,0
6182,0
16975,0
43022,1
11529,0
55530,1
12064,0
42094,1
36741,1
17110,0
42731,1
55152,1
40550,1
25339,0
41228,1
18973,0
29919,1
17540,0
52922,1
38983,1
54894,1
2570,0
7138,0
22580,0
4999,0
2441,0
7283,0
48756,1
6676,0
7779,0
51186,1
23453,0
28446,0
53858,1
16333,0
45236,1
11514,0
50529,1
29274,0
46104,1
49752,1
56680,1
39257,1
21694,0
10690,0
14944,0
26847,0
19919,0
27354,0
16884,0
35119,1
38864,1
16122,0
17346,0
52964,1
5608,0
51635,1
13579,0
24768,0
46219,1
24852,0
2246,0
56007,1
22153,0
49486,1
36470,1
52634,1
6226,0
33035,1
5620,0
33970,1
1334,0
54076,1
49081,1
13549,0
36520,1
31,0
38628,1
24878,0
36679,1
55331,1
31711,1
24782,0
14086,0
23469,0
5980,0
54133,1
381,0
14476,0
38541,1
30755,1
41476,1
54385,1
23775,0
53065,1
16293,0
42597,1
18100,0
7000,0
48719,1
38512,1
32797,1
56469,1
13529,0
37750,1
16696,0
13459,0
25140,0
72,0
38465,1
46808,1
57180,1
45502,1
43273,1
15604,0
46648,1
5329,0
26709,0
35023,1
26483,0
17078,0
22172,0
28167,0
41239,1
11250,0
50153,1
47703,1
22748,0
42673,1
32414,1
12102,0
41432,1
22839,0
15046,0
30735,1
16519,0
43915,1
40500,1
29129,0
25149,0
6454,0
4315,0
17902,0
35694,1
779,0
17807,0
54895,1
13754,0
52009,1
8509,0
17316,0
57886,1
16664,0
33052,1
257,0
1640,0
46625,1
1057,0
2722,0
4690,0
44537,1
20451,0
47707,1
46133,1
36452,1
53608,1
41578,1
10499,0
15331,0
25989,0
41335,1
35347,1
2716,0
21934,0
11339,0
13259,0
47449,1
38159,1
22397,0
41557,1
8345,0
4968,0
32646,1
29479,1
50357,1
13775,0
5611,0
21808,0
58203,1
41530,1
36500,1
37801,1
53217,1
49637,1
18134,0
51417,1
56913,1
52164,1
22597,0
17635,0
13530,0
777,0
47212,1
8008,0
596,0
24080,0
57022,1
31655,1
4503,0
11369,0
53043,1
9961,0
51778,1
26761,0
57391,1
58264,1
21075,0
15191,0
11112,0
2264,0
31527,1
58562,1
48881,1
15495,0
30204,1
24525,0
52807,1
47787,1
27662,0
54918,1
40307,1
46986,1
9157,0
48928,1
13110,0
29635,1
4631,0
48969,1
52524,1
27642,0
26323,0
27026,0
35434,1
22189,0
44292,1
38502,1
27061,0
5606,0
38384,1
21815,0
30916,1
13679,0
15400,0
48140,1
39649,1
6235,0
15475,0
35159,1
40423,1
46589,1
2532,0
30694,1
20594,0
53148,1
16399,0
50846,1
36335,1
29094,0
23152,0
13124,0
3448,0
52367,1
21791,0
12664,0
8695,0
47581,1
5359,0
42367,1
16709,0
42653,1
14197,0
27065,0
40729,1
49994,1
30084,1
9958,0
39900,1
30336,1
38933,1
333,0
18055,0
30982,1
35293,1
23000,0
36642,1
42450,1
37767,1
49826,1
35817,1
34652,1
30754,1
8773,0
46343,1
3608,0
42522,1
23381,0
21130,0
8353,0
13792,0
5663,0
57435,1
26606,0
16318,0
46618,1
16271,0
43307,1
12022,0
39070,1
19365,0
26708,0
37991,1
32816,1
48474,1
19615,0
46866,1
56467,1
28927,0
46056,1
6697,0
43295,1
44703,1
4829,0
56402,1
29569,1
28830,0
58069,1
43961,1
57143,1
32559,1
16325,0
2405,0
5154,0
42047,1
28442,0
8147,0
52506,1
22249,0
19311,0
28702,0
32828,1
46865,1
16064,0
31511,1
53645,1
37652,1
208,0
45895,1
5665,0
52831,1
35555,1
45391,1
25189,0
26516,0
49341,1
22369,0
42903,1
26299,0
35438,1
44682,1
35185,1
50981,1
46883,1
8798,0
33173,1
43739,1
22966,0
33547,1
25213,0
4745,0
3169,0
14220,0
21816,0
13169,0
21413,0
16525,0
42930,1
12242,0
53270,1
54362,1
26517,0
31316,1
7101,0
10766,0
47338,1
58265,1
14835,0
11090,0
37053,1
3172,0
46389,1
54651,1
10359,0
17038,0
15919,0
14934,0
22198,0
6466,0
21085,0
50975,1
34716,1
30172,1
14967,0
46815,1
28144,0
21579,0
34891,1
32729,1
49759,1
29211,0
55348,1
8220,0
6343,0
22578,0
3145,0
39389,1
26899,0
17938,0
20816,0
54839,1
9805,0
1204,0
46120,1
53745,1
7215,0
9247,0
48710,1
2377,0
11902,0
33965,1
18238,0
30711,1
26808,0
46665,1
35061,1
25798,0
2354,0
35588,1
37898,1
28182,0
2409,0
18652,0
22962,0
4660,0
10923,0
10830,0
57964,1
9317,0
55279,1
30209,1
10079,0
55888,1
46772,1
44937,1
23427,0
990,0
738,0
10146,0
27093,0
54888,1
25059,0
27191,0
2505,0
41694,1
57986,1
29767,1
10029,0
27423,0
35991,1
1775,0
48126,1
51627,1
22648,0
4301,0
6814,0
50612,1
17551,0
4680,0
8062,0
25330,0
48456,1
45605,1
30250,1
16047,0
30342,1
37022,1
55246,1
54287,1
56622,1
34194,1
51796,1
13636,0
1391,0
37213,1
37854,1
7786,0
57031,1
30611,1
43034,1
37682,1
43646,1
7803,0
14384,0
56579,1
51575,1
29734,1
8931,0
32123,1
11457,0
46820,1
47824,1
56784,1
55603,1
34755,1
38312,1
53046,1
21340,0
25768,0
39990,1
53714,1
1530,0
40033,1
12444,0
42669,1
19858,0
3364,0
53472,1
26217,0
30021,1
14351,0
3021,0
38871,1
47284,1
27157,0
12569,0
52076,1
25815,0
55763,1
35442,1
16735,0
4307,0
4174,0
28365,0
11141,0
2741,0
56199,1
35779,1
18620,0
47649,1
39648,1
12467,0
56332,1
19681,0
5785,0
32964,1
22697,0
7044,0
19251,0
8907,0
21435,0
13043,0
25400,0
24536,0
28663,0
1794,0
51010,1
27190,0
57389,1
496,0
41690,1
54861,1
1558,0
56220,1
22191,0
43650,1
50941,1
51986,1
2210,0
46481,1
24287,0
29313,1
32165,1
6902,0
51040,1
54324,1
7301,0
40593,1
35615,1
30229,1
29744,1
15714,0
48097,1
45621,1
27419,0
15084,0
14951,0
19450,0
54193,1
2625,0
29176,0
14640,0
31910,1
25286,0
48422,1
49179,1
43249,1
24554,0
24111,0
2819,0
50186,1
55044,1
38101,1
6248,0
10584,0
20308,0
21879,0
3425,0
31135,1
43433,1
3643,0
9711,0
5783,0
37691,1
21720,0
5050,0
7944,0
17207,0
41157,1
18142,0
31373,1
1047,0
17885,0
38714,1
39577,1
28793,0
34861,1
58050,1
29530,1
25812,0
50971,1
30393,1
50762,1
21649,0
17257,0
52584,1
7527,0
19100,0
3924,0
44233,1
2889,0
53368,1
36314,1
44679,1
35025,1
38423,1
51452,1
42899,1
22551,0
30140,1
45840,1
4072,0
26903,0
56261,1
19537,0
34316,1
23787,0
34309,1
33667,1
57569,1
50625,1
33223,1
18465,0
45144,1
34718,1
12101,0
1337,0
29548,1
9373,0
8061,0
54358,1
16120,0
53400,1
9976,0
56440,1
5420,0
45614,1
7515,0
22774,0
57548,1
28198,0
36551,1
37310,1
7517,0
29165,0
57377,1
11733,0
20136,0
32426,1
20449,0
26941,0
13597,0
14553,0
48891,1
37636,1
21504,0
14798,0
55312,1
33030,1
29016,0
34450,1
12929,0
9457,0
36132,1
50437,1
48869,1
23618,0
16178,0
53529,1
47785,1
58527,1
30881,1
9121,0
3393,0
11822,0
36228,1
45732,1
20371,0
48362,1
49750,1
28132,0
37534,1
19478,0
50029,1
21068,0
33588,1
27128,0
38510,1
24201,0
12116,0
40862,1
15314,0
1124,0
10714,0
54492,1
21053,0
15673,0
19329,0
49811,1
1083,0
1953,0
13726,0
50672,1
30652,1
51189,1
21944,0
32795,1
31182,1
19570,0
1874,0
6595,0
9846,0
9606,0
53912,1
38840,1
19743,0
17127,0
44815,1
7828,0
54233,1
25377,0
52182,1
50972,1
54911,1
27249,0
13817,0
46789,1
12460,0
24562,0
33695,1
1956,0
54102,1
22501,0
21890,0
41056,1
39093,1
32034,1
49301,1
39469,1
58297,1
31765,1
7562,0
48648,1
29894,1
19369,0
40411,1
56292,1
11162,0
53646,1
7608,0
19631,0
40812,1
1805,0
7502,0
53110,1
16655,0
1145,0
44121,1
43625,1
7620,0
28422,0
2245,0
10298,0
20027,0
49572,1
13344,0
54862,1
7978,0
18154,0
14198,0
30862,1
26025,0
42953,1
36956,1
18057,0
8476,0
48660,1
15245,0
55677,1
29750,1
3418,0
21331,0
38895,1
46834,1
20078,0
29246,0
55411,1
4270,0
6782,0
31952,1
22294,0
50133,1
48938,1
3474,0
11608,0
18840,0
50398,1
37494,1
43464,1
5692,0
15980,0
44090,1
4013,0
4585,0
51621,1
12643,0
25672,0
51183,1
48962,1
39171,1
12417,0
23127,0
38684,1
18256,0
45554,1
54037,1
34267,1
13128,0
16602,0
43989,1
38281,1
9819,0
36013,1
54294,1
843,0
707,0
31740,1
58341,1
22575,0
58060,1
12172,0
51833,1
9189,0
8014,0
15835,0
25207,0
23872,0
50424,1
44521,1
7034,0
52279,1
54941,1
24888,0
26740,0
11278,0
6683,0
58055,1
11511,0
50533,1
12919,0
56713,1
48088,1
15008,0
5761,0
33707,1
46496,1
11041,0
8030,0
52821,1
57096,1
3962,0
55203,1
50791,1
53820,1
10687,0
32012,1
29541,1
55732,1
48189,1
1748,0
44328,1
24958,0
2633,0
43492,1
22347,0
2691,0
1009,0
50313,1
45006,1
51042,1
27214,0
17656,0
19309,0
15056,0
28923,0
50974,1
7774,0
3358,0
31612,1
29627,1
55574,1
38058,1
22279,0
54712,1
32752,1
46425,1
15028,0
56173,1
28228,0
37415,1
5733,0
6744,0
57632,1
14233,0
952,0
1095,0
56817,1
26043,0
26943,0
44914,1
29859,1
24234,0
11734,0
50639,1
34974,1
43922,1
16532,0
49768,1
51201,1
3859,0
50459,1
49218,1
51311,1
26595,0
16543,0
21698,0
21373,0
29279,0
47431,1
20991,0
51656,1
8260,0
32107,1
22119,0
26469,0
30508,1
48019,1
11144,0
29877,1
51826,1
4867,0
58192,1
17624,0
57727,1
28796,0
6599,0
35559,1
26825,0
20860,0
38110,1
9617,0
38657,1
14404,0
41790,1
39491,1
25922,0
48187,1
25158,0
32526,1
43931,1
6357,0
14505,0
12912,0
41875,1
39625,1
16535,0
17362,0
16135,0
11603,0
22013,0
44534,1
14273,0
14801,0
25718,0
36569,1
53982,1
35958,1
44595,1
3882,0
31791,1
58492,1
17293,0
58215,1
1099,0
53888,1
45595,1
45499,1
47078,1
5272,0
26147,0
32568,1
1522,0
26648,0
710,0
48276,1
38713,1
38706,1
29247,0
1943,0
55667,1
19861,0
50712,1
22224,0
51238,1
40067,1
18101,0
40199,1
39919,1
27438,0
46973,1
25720,0
3685,0
52129,1
57966,1
46769,1
6088,0
35101,1
31732,1
47410,1
54424,1
41181,1
29110,0
36331,1
17546,0
9878,0
17524,0
6526,0
37257,1
2698,0
16345,0
37941,1
2587,0
30017,1
51262,1
46383,1
26704,0
9117,0
10689,0
7189,0
20798,0
41379,1
13353,0
29698,1
10920,0
47157,1
9560,0
16937,0
38443,1
41892,1
737,0
29645,1
8121,0
36480,1
20200,0
8816,0
54920,1
14402,0
10506,0
10297,0
58299,1
21929,0
35329,1
56985,1
17699,0
11911,0
623,0
41870,1
40589,1
32845,1
53235,1
124,0
20686,0
8439,0
46876,1
26314,0
13603,0
22930,0
19749,0
35297,1
45618,1
47932,1
27553,0
20541,0
30923,1
36518,1
50867,1
15210,0
56843,1
35895,1
4747,0
20894,0
50530,1
15511,0
39267,1
3264,0
46001,1
43460,1
37770,1
16464,0
34431,1
29995,1
38737,1
13628,0
48847,1
22032,0
11167,0
19814,0
50674,1
27913,0
48455,1
20523,0
18488,0
12694,0
9241,0
259,0
44504,1
24398,0
19918,0
44277,1
840,0
35222,1
17383,0
45768,1
16007,0
13277,0
18038,0
26306,0
49097,1
16682,0
15392,0
35584,1
7868,0
231,0
16219,0
33763,1
51784,1
7347,0
35843,1
57661,1
57228,1
29443,1
16657,0
53623,1
45468,1
3498,0
21236,0
46889,1
3454,0
18103,0
1583,0
48194,1
35721,1
29540,1
14488,0
35494,1
7842,0
46002,1
50758,1
21832,0
43419,1
23945,0
12943,0
51872,1
1703,0
23601,0
26059,0
53948,1
1197,0
55413,1
40826,1
54879,1
30069,1
1758,0
50602,1
13301,0
7251,0
41760,1
49313,1
41518,1
21163,0
13551,0
43939,1
17643,0
44812,1
8647,0
10042,0
49147,1
29260,0
25488,0
16683,0
8450,0
35174,1
41782,1
15912,0
19608,0
12393,0
55730,1
13780,0
3806,0
34514,1
48562,1
13470,0
2291,0
10226,0
9983,0
29324,1
17415,0
3,0
4420,0
39176,1
19665,0
57225,1
39047,1
41515,1
9325,0
45589,1
46439,1
37763,1
28102,0
30121,1
39352,1
43775,1
43620,1
49435,1
12273,0
37036,1
42762,1
3757,0
50691,1
38291,1
57157,1
50341,1
14577,0
47246,1
55505,1
21446,0
53177,1
2824,0
9242,0
8982,0
12429,0
14073,0
48810,1
54745,1
20510,0
20342,0
4323,0
41766,1
7841,0
43030,1
18952,0
12554,0
34033,1
22784,0
13194,0
53931,1
48650,1
13963,0
29421,1
17176,0
2149,0
12139,0
32081,1
10338,0
11773,0
26129,0
55522,1
57178,1
24646,0
32591,1
53494,1
9845,0
34570,1
9273,0
25896,0
9322,0
49584,1
9609,0
21154,0
46841,1
45513,1
9217,0
13038,0
56176,1
47554,1
33528,1
37197,1
22223,0
11686,0
18312,0
9834,0
3315,0
48662,1
52473,1
21147,0
41812,1
41386,1
47739,1
56202,1
1322,0
54333,1
38786,1
20100,0
17125,0
19695,0
38521,1
3815,0
37744,1
29249,0
20787,0
50353,1
28735,0
57771,1
2714,0
26845,0
48461,1
23260,0
13755,0
6486,0
57629,1
45526,1
16906,0
51834,1
35980,1
25190,0
24610,0
37740,1
58433,1
42934,1
23641,0
38505,1
5434,0
22639,0
36362,1
24721,0
30227,1
30855,1
23050,0
9048,0
12542,0
5053,0
10424,0
8729,0
38043,1
43336,1
10199,0
28871,0
3742,0
8194,0
13320,0
3353,0
547,0
45794,1
7469,0
14307,0
29009,0
8891,0
53841,1
43979,1
49505,1
5621,0
23027,0
46023,1
22454,0
49653,1
51221,1
48297,1
10306,0
35322,1
58572,1
37070,1
41246,1
26853,0
19821,0
11547,0
47255,1
24517,0
35359,1
33070,1
6291,0
36990,1
44607,1
1387,0
56520,1
50789,1
14879,0
55753,1
8365,0
50756,1
56465,1
34641,1
5218,0
6671,0
22204,0
48161,1
40519,1
57646,1
21012,0
3164,0
16545,0
30070,1
22649,0
48387,1
25595,0
25788,0
5209,0
15060,0
51802,1
39493,1
22384,0
26208,0
30349,1
38367,1
8572,0
5756,0
4462,0
40733,1
41211,1
38583,1
25856,0
5701,0
18298,0
51926,1
58428,1
37474,1
48827,1
6380,0
14776,0
29687,1
22448,0
43914,1
10581,0
23309,0
35737,1
39430,1
36493,1
1156,0
36081,1
43959,1
39512,1
3039,0
19668,0
11505,0
9260,0
25572,0
46569,1
14290,0
13371,0
28538,0
42818,1
2586,0
9933,0
79,0
9193,0
7152,0
20383,0
16824,0
12315,0
52189,1
12669,0
1008,0
46936,1
8667,0
33255,1
46734,1
28904,0
56529,1
16742,0
6324,0
49239,1
50301,1
1699,0
13454,0
16352,0
23727,0
55941,1
49565,1
47988,1
45284,1
43175,1
41527,1
15785,0
12044,0
50113,1
44722,1
44109,1
41861,1
28146,0
49531,1
33932,1
36957,1
47827,1
11869,0
6240,0
26325,0
16768,0
41365,1
43493,1
31892,1
51527,1
46447,1
37980,1
54463,1
34729,1
26831,0
3522,0
49906,1
15981,0
18785,0
41864,1
1711,0
2363,0
246,0
33220,1
12557,0
10072,0
26564,0
38280,1
5455,0
28573,0
48201,1
3467,0
52921,1
21184,0
38910,1
31525,1
32516,1
5646,0
46186,1
11678,0
54875,1
13924,0
211,0
17560,0
14689,0
38705,1
32635,1
53764,1
45855,1
27363,0
21078,0
6040,0
13079,0
23473,0
10864,0
2697,0
8629,0
16763,0
14254,0
1987,0
45450,1
29733,1
46305,1
12483,0
11925,0
48190,1
36727,1
47041,1
42290,1
54551,1
54136,1
14781,0
56586,1
18508,0
35689,1
42559,1
9693,0
9868,0
4400,0
21263,0
12498,0
33807,1
58461,1
55339,1
44800,1
27727,0
45394,1
22604,0
53927,1
5702,0
24502,0
15881,0
57619,1
44767,1
34862,1
34109,1
33774,1
33490,1
4217,0
7095,0
16658,0
50144,1
3212,0
27385,0
19454,0
45612,1
52700,1
22506,0
29416,1
32588,1
30675,1
28443,0
24862,0
45545,1
49481,1
16816,0
55538,1
26596,0
18688,0
18718,0
9920,0
43582,1
14356,0
43374,1
8655,0
33760,1
34088,1
33952,1
50219,1
19219,0
53088,1
36958,1
23130,0
15291,0
14786,0
54359,1
25668,0
44515,1
47232,1
29103,0
37190,1
49164,1
29486,1
29756,1
29839,1
23376,0
24925,0
11897,0
46324,1
30771,1
50137,1
23503,0
382,0
29864,1
17888,0
48405,1
47992,1
54711,1
10310,0
37191,1
2434,0
393,0
53473,1
48717,1
35316,1
3702,0
41921,1
17358,0
6950,0
35861,1
38559,1
908,0
7656,0
57267,1
20173,0
5006,0
325,0
52904,1
19364,0
49901,1
51265,1
53978,1
11474,0
28098,0
44184,1
51181,1
1388,0
20430,0
47302,1
27868,0
9849,0
16508,0
42904,1
49971,1
36508,1
23475,0
27908,0
8018,0
21064,0
54940,1
18930,0
30507,1
40040,1
47534,1
18760,0
49545,1
8522,0
26830,0
8802,0
25473,0
10678,0
22041,0
53965,1
24357,0
18432,0
29001,0
15181,0
12422,0
41717,1
56718,1
55853,1
36883,1
5173,0
26575,0
44944,1
34622,1
27340,0
7942,0
57857,1
50278,1
18273,0
36403,1
38500,1
16528,0
40710,1
43092,1
50500,1
20142,0
7586,0
55479,1
9787,0
15602,0
42984,1
34107,1
34672,1
4071,0
28026,0
49794,1
1712,0
40196,1
49398,1
48283,1
13126,0
10355,0
56458,1
44639,1
17354,0
2679,0
55814,1
32511,1
20481,0
40503,1
17686,0
45142,1
27100,0
3157,0
13586,0
43471,1
21226,0
35239,1
3710,0
23672,0
49724,1
14177,0
19720,0
38230,1
33457,1
4793,0
57694,1
16488,0
53827,1
52408,1
5317,0
22178,0
27622,0
38784,1
32971,1
58248,1
45122,1
49710,1
56269,1
24280,0
16784,0
41258,1
1550,0
44781,1
23611,0
16083,0
51112,1
7066,0
9379,0
43565,1
20370,0
37309,1
41373,1
6473,0
34624,1
10076,0
51541,1
6959,0
9668,0
12333,0
23996,0
23948,0
40433,1
3658,0
41230,1
12887,0
37296,1
31928,1
49546,1
33320,1
47965,1
33224,1
33159,1
57488,1
27493,0
55114,1
2792,0
31090,1
17591,0
8409,0
58448,1
30802,1
27503,0
11160,0
30495,1
2552,0
1565,0
17246,0
50000,1
31976,1
30376,1
36112,1
44129,1
26131,0
26747,0
56424,1
55316,1
29076,0
11117,0
28729,0
51688,1
53916,1
3493,0
21581,0
52869,1
54365,1
34081,1
9343,0
29154,0
10970,0
31781,1
11013,0
34068,1
26111,0
51689,1
58319,1
12477,0
34759,1
32820,1
29259,0
51226,1
13844,0
1164,0
5814,0
39777,1
18482,0
14013,0
500,0
28293,0
35509,1
7553,0
1320,0
44851,1
28680,0
31070,1
42776,1
8515,0
13000,0
28833,0
2561,0
42037,1
48978,1
44153,1
7121,0
10413,0
10373,0
31456,1
51369,1
42408,1
52827,1
25069,0
48335,1
4509,0
45879,1
4741,0
55591,1
15598,0
29107,0
24048,0
33560,1
4715,0
43824,1
11760,0
40424,1
55632,1
42086,1
7118,0
24701,0
49628,1
37514,1
49044,1
16051,0
53629,1
49023,1
32852,1
17744,0
36561,1
38618,1
39051,1
35021,1
58247,1
43000,1
8190,0
19844,0
23444,0
10101,0
16872,0
17382,0
42098,1
26114,0
42782,1
43453,1
4707,0
58457,1
8379,0
23141,0
50305,1
15103,0
30343,1
30466,1
20811,0
38887,1
30323,1
8495,0
19925,0
31214,1
41849,1
31941,1
37643,1
21673,0
47298,1
55226,1
22341,0
8459,0
30181,1
46703,1
51381,1
28588,0
15300,0
35985,1
9463,0
25220,0
1232,0
45620,1
16781,0
31785,1
5594,0
55237,1
31652,1
43995,1
50048,1
52574,1
9128,0
25980,0
14498,0
16798,0
3193,0
6813,0
38935,1
11313,0
17134,0
11497,0
30157,1
44218,1
20807,0
7145,0
47362,1
9164,0
49426,1
39783,1
28956,0
27077,0
51553,1
27898,0
25273,0
56121,1
48970,1
26850,0
16412,0
44983,1
53789,1
56624,1
24146,0
44409,1
32613,1
18659,0
14767,0
22546,0
18720,0
16507,0
37218,1
40937,1
23159,0
21910,0
34983,1
17516,0
32920,1
15306,0
23573,0
45269,1
41571,1
36130,1
27209,0
17610,0
108,0
27522,0
5001,0
13207,0
16635,0
34054,1
6067,0
29651,1
44990,1
30202,1
15727,0
42837,1
35910,1
4385,0
38114,1
13348,0
39991,1
57866,1
34443,1
42459,1
40117,1
7554,0
24859,0
20998,0
6212,0
35920,1
23145,0
48548,1
55988,1
37989,1
6995,0
8569,0
1222,0
36540,1
54653,1
52351,1
10607,0
33524,1
17471,0
42427,1
29848,1
27609,0
893,0
41754,1
21398,0
30345,1
6522,0
37058,1
31915,1
37748,1
2031,0
17128,0
52070,1
7968,0
9494,0
44480,1
52386,1
9464,0
44669,1
15219,0
27765,0
17051,0
8373,0
39400,1
53484,1
21820,0
10250,0
19010,0
53842,1
29854,1
51640,1
23532,0
13022,0
39048,1
8272,0
38865,1
40530,1
14548,0
23298,0
731,0
51748,1
7207,0
6899,0
43201,1
57426,1
35317,1
19432,0
53806,1
32650,1
1543,0
31780,1
47098,1
13862,0
5397,0
42503,1
45918,1
25579,0
49373,1
52962,1
3771,0
42155,1
327,0
36499,1
44475,1
34438,1
13465,0
15055,0
36874,1
52850,1
40628,1
12578,0
4052,0
35357,1
28454,0
26120,0
7607,0
14067,0
24513,0
14867,0
14600,0
17944,0
22493,0
2397,0
34664,1
25463,0
34815,1
48720,1
23859,0
6143,0
18668,0
12471,0
55023,1
39365,1
50224,1
34840,1
22026,0
44906,1
20865,0
3495,0
31966,1
30260,1
24222,0
40435,1
43462,1
17016,0
43010,1
12981,0
29302,1
20069,0
31793,1
1450,0
39281,1
15676,0
4259,0
16218,0
10417,0
21139,0
52995,1
32282,1
15461,0
14252,0
591,0
40224,1
7588,0
35614,1
9558,0
24876,0
28397,0
45035,1
23463,0
15327,0
52556,1
1880,0
39004,1
32042,1
4693,0
8573,0
18415,0
43554,1
35321,1
18716,0
25195,0
5477,0
20497,0
43461,1
22329,0
48701,1
40325,1
57944,1
30011,1
12959,0
20622,0
32383,1
51898,1
34201,1
54184,1
24258,0
37136,1
52644,1
24179,0
36743,1
11073,0
24617,0
21196,0
7441,0
7653,0
20656,0
25984,0
53778,1
36894,1
19703,0
6942,0
22220,0
43745,1
41794,1
46306,1
8986,0
35007,1
57739,1
43813,1
55910,1
52254,1
52938,1
51257,1
29478,1
49808,1
29236,0
31681,1
37175,1
2912,0
22215,0
53576,1
17934,0
38140,1
10227,0
8261,0
38746,1
45931,1
35377,1
22812,0
13142,0
24518,0
19640,0
26184,0
14184,0
28934,0
43593,1
30465,1
36928,1
50411,1
1650,0
2506,0
36099,1
30240,1
14603,0
52874,1
33078,1
5731,0
32673,1
1671,0
13771,0
45024,1
16587,0
45663,1
10515,0
40181,1
32217,1
19913,0
14353,0
22934,0
27586,0
32648,1
23406,0
9505,0
53204,1
30124,1
42563,1
38687,1
10369,0
40562,1
55315,1
28133,0
19568,0
22258,0
56081,1
24169,0
11441,0
48113,1
27161,0
2439,0
25136,0
9113,0
54993,1
45814,1
45422,1
23335,0
3958,0
40124,1
52910,1
29696,1
46556,1
46368,1
30572,1
36836,1
39909,1
18499,0
50432,1
2455,0
2585,0
17785,0
43386,1
54295,1
36712,1
35260,1
15685,0
57620,1
22262,0
3213,0
31820,1
42050,1
54732,1
11282,0
49914,1
37419,1
24073,0
5454,0
50290,1
19479,0
9006,0
40536,1
7584,0
9927,0
26945,0
44784,1
11178,0
23340,0
20577,0
57969,1
24119,0
15239,0
23913,0
54672,1
57672,1
38407,1
2970,0
42375,1
31520,1
55394,1
25191,0
13077,0
22267,0
3257,0
48042,1
22532,0
19605,0
18664,0
51007,1
32146,1
25370,0
7513,0
48167,1
1674,0
1745,0
15999,0
12171,0
23316,0
54159,1
45993,1
30714,1
56433,1
21073,0
36953,1
12584,0
22795,0
14137,0
14817,0
36884,1
49131,1
5700,0
50455,1
23324,0
12524,0
45313,1
45693,1
10196,0
14304,0
42315,1
1115,0
31264,1
5969,0
45608,1
2687,0
5998,0
53097,1
29369,1
35304,1
825,0
44880,1
42573,1
46872,1
17469,0
1309,0
12958,0
33778,1
29872,1
37368,1
55623,1
49935,1
27469,0
4952,0
1702,0
42526,1
56842,1
4900,0
25878,0
15530,0
26824,0
46384,1
33500,1
11348,0
12702,0
56874,1
51698,1
13591,0
41305,1
57103,1
13562,0
9506,0
23565,0
19868,0
53029,1
46592,1
26765,0
477,0
51151,1
50285,1
28548,0
37681,1
50092,1
2877,0
12098,0
40540,1
805,0
26106,0
48255,1
21478,0
39432,1
1453,0
1291,0
15991,0
25571,0
9661,0
36577,1
35094,1
18839,0
29861,1
18229,0
51836,1
1934,0
47611,1
50066,1
42892,1
5607,0
46,0
40042,1
34905,1
47763,1
34030,1
42524,1
10091,0
30485,1
14684,0
40596,1
39000,1
47167,1
45913,1
26816,0
21882,0
53713,1
19842,0
29487,1
49877,1
55377,1
43038,1
24399,0
19907,0
15858,0
54259,1
20682,0
15937,0
26826,0
31327,1
31483,1
15268,0
37852,1
13588,0
5512,0
49117,1
29950,1
27121,0
56080,1
28387,0
40567,1
49652,1
9918,0
38807,1
55336,1
52414,1
46916,1
3397,0
47333,1
3507,0
56437,1
28597,0
41595,1
21213,0
52649,1
5376,0
55404,1
20891,0
26801,0
51195,1
29034,0
42881,1
51650,1
23334,0
52465,1
51913,1
7015,0
45968,1
18044,0
36560,1
46372,1
44367,1
39060,1
44332,1
5143,0
49760,1
38580,1
50010,1
39177,1
1174,0
56472,1
45104,1
7825,0
5913,0
40650,1
53600,1
38675,1
8854,0
54441,1
27995,0
34288,1
39067,1
7406,0
5354,0
46386,1
36240,1
26655,0
53769,1
9856,0
26317,0
54605,1
44268,1
48111,1
40410,1
49209,1
41506,1
46991,1
48639,1
57322,1
12152,0
38262,1
30248,1
10272,0
48730,1
57535,1
13354,0
33245,1
54099,1
30392,1
43246,1
3377,0
24687,0
19954,0
41215,1
31167,1
41257,1
33402,1
57666,1
27957,0
14975,0
44546,1
33779,1
34523,1
52359,1
7105,0
10618,0
55174,1
35469,1
19632,0
46534,1
19088,0
39519,1
57957,1
13569,0
47443,1
18966,0
5115,0
9109,0
48213,1
2725,0
19521,0
38833,1
27966,0
8083,0
17739,0
41150,1
45687,1
29922,1
28486,0
21569,0
3537,0
45820,1
12622,0
48464,1
13632,0
51113,1
25089,0
6156,0
27016,0
7867,0
35736,1
23157,0
19795,0
15558,0
35942,1
17158,0
52334,1
44400,1
47600,1
4977,0
4932,0
12366,0
2034,0
4097,0
33512,1
18854,0
13345,0
50854,1
19160,0
26780,0
3479,0
42105,1
6108,0
2527,0
50799,1
31912,1
1028,0
18633,0
34650,1
51891,1
6853,0
35273,1
39031,1
58573,1
54269,1
39282,1
9842,0
8383,0
10697,0
42114,1
4482,0
14790,0
48262,1
16510,0
41605,1
49257,1
12008,0
28944,0
48564,1
44315,1
37269,1
5273,0
56683,1
4613,0
20940,0
31139,1
48763,1
9601,0
11324,0
34367,1
14371,0
53145,1
23004,0
20992,0
18250,0
26300,0
17285,0
4614,0
54163,1
34253,1
28915,0
53466,1
4692,0
55643,1
14568,0
4199,0
55662,1
19110,0
46514,1
35756,1
54097,1
27330,0
51477,1
22199,0
38567,1
46893,1
18679,0
38083,1
47806,1
13423,0
52567,1
40556,1
51825,1
41418,1
20257,0
9687,0
16349,0
20743,0
15344,0
6863,0
10702,0
5532,0
26695,0
37107,1
50864,1
36852,1
19759,0
13670,0
11286,0
34833,1
52066,1
8180,0
50377,1
27320,0
27116,0
6111,0
48442,1
27854,0
991,0
31487,1
51168,1
32268,1
27873,0
19575,0
30301,1
28627,0
45579,1
13818,0
6506,0
20457,0
13400,0
12090,0
12396,0
53028,1
18434,0
9332,0
41452,1
32686,1
55731,1
11068,0
39197,1
20627,0
9424,0
35389,1
13059,0
34728,1
48820,1
19095,0
32049,1
8451,0
49333,1
6672,0
3632,0
592,0
43719,1
1490,0
14891,0
19601,0
1355,0
46026,1
44791,1
29498,1
36657,1
28290,0
48728,1
1901,0
55417,1
53971,1
17604,0
56976,1
50127,1
57354,1
10929,0
21652,0
17531,0
29117,0
55956,1
14624,0
33280,1
52912,1
19542,0
43358,1
29314,1
27502,0
8845,0
4435,0
52609,1
20610,0
44994,1
11659,0
852,0
2293,0
38498,1
31859,1
48129,1
29139,0
3037,0
1507,0
29860,1
45255,1
1225,0
23343,0
2968,0
27123,0
43748,1
49363,1
10809,0
35234,1
15464,0
22999,0
11176,0
57769,1
43675,1
24729,0
12348,0
35116,1
38799,1
44676,1
29598,1
8494,0
57840,1
54780,1
42422,1
11604,0
33330,1
5971,0
52894,1
50536,1
45202,1
35716,1
24609,0
56308,1
23195,0
50847,1
9469,0
16305,0
25933,0
28369,0
43769,1
22657,0
51841,1
25655,0
17949,0
46159,1
34944,1
14096,0
28716,0
4947,0
23448,0
47460,1
24608,0
14447,0
50552,1
14960,0
17940,0
38728,1
20432,0
41283,1
40914,1
55646,1
37001,1
10761,0
10559,0
31516,1
17319,0
30276,1
33277,1
36776,1
12579,0
27224,0
8661,0
20996,0
15447,0
45521,1
34601,1
21967,0
7822,0
31865,1
46587,1
11415,0
16254,0
28415,0
7047,0
55175,1
50140,1
44189,1
36912,1
51395,1
53519,1
7956,0
47807,1
537,0
7545,0
54039,1
13751,0
51808,1
3938,0
45171,1
47159,1
29453,1
22542,0
56328,1
51580,1
34934,1
31856,1
19700,0
2394,0
32204,1
18630,0
2457,0
20632,0
2406,0
3950,0
8281,0
49013,1
34938,1
37667,1
12082,0
16328,0
35516,1
54454,1
37322,1
33492,1
41804,1
56252,1
50727,1
26918,0
52356,1
52368,1
16017,0
27462,0
25157,0
23511,0
37409,1
53572,1
53062,1
7881,0
10336,0
39939,1
7824,0
25938,0
51120,1
53449,1
31611,1
33315,1
28971,0
24545,0
23337,0
16993,0
52599,1
41967,1
55698,1
24079,0
10289,0
57649,1
50697,1
678,0
10764,0
16255,0
16604,0
22016,0
24759,0
21043,0
20030,0
52421,1
55147,1
43638,1
54399,1
11132,0
21708,0
32987,1
19004,0
10156,0
54830,1
49349,1
37796,1
45830,1
57603,1
40546,1
9403,0
20230,0
42280,1
34163,1
52456,1
26694,0
56576,1
47973,1
55308,1
14205,0
19316,0
32594,1
1365,0
50221,1
48707,1
16073,0
43044,1
54813,1
2183,0
45569,1
11346,0
54665,1
8391,0
24016,0
48054,1
53780,1
24569,0
26244,0
52253,1
40079,1
58175,1
31398,1
27808,0
3092,0
1233,0
2299,0
15675,0
10256,0
32975,1
8852,0
50185,1
57764,1
4006,0
48897,1
27148,0
27247,0
17997,0
13909,0
17446,0
28516,0
44304,1
19879,0
25307,0
17020,0
5751,0
52056,1
26430,0
22673,0
55860,1
27125,0
36082,1
56653,1
22678,0
23538,0
49905,1
25393,0
8923,0
49287,1
4570,0
10001,0
31517,1
19051,0
15894,0
39539,1
8091,0
19602,0
50641,1
27494,0
37264,1
53773,1
35378,1
26812,0
52137,1
20339,0
32157,1
28875,0
54755,1
8732,0
30352,1
48761,1
48382,1
53501,1
33429,1
47670,1
56595,1
42595,1
1648,0
36296,1
58322,1
23148,0
13950,0
32654,1
17837,0
55278,1
2167,0
15281,0
36245,1
45954,1
34820,1
657,0
34318,1
56344,1
41293,1
14545,0
26253,0
47917,1
18404,0
52420,1
29407,1
14556,0
7482,0
16136,0
19970,0
45022,1
34175,1
7381,0
47405,1
53877,1
27943,0
17495,0
38229,1
48245,1
30024,1
48148,1
4155,0
15411,0
20488,0
45168,1
50084,1
39372,1
47615,1
41724,1
46838,1
36633,1
23290,0
20863,0
30195,1
3197,0
22538,0
13732,0
43573,1
22438,0
49254,1
24462,0
46272,1
48075,1
85,0
30796,1
18605,0
47700,1
30601,1
34955,1
37904,1
40940,1
30775,1
15691,0
47027,1
19834,0
6051,0
46170,1
33949,1
57588,1
57978,1
4593,0
57798,1
12671,0
27012,0
3127,0
48906,1
38997,1
11903,0
7113,0
25102,0
31944,1
6607,0
17171,0
56737,1
25870,0
21280,0
16951,0
32411,1
49128,1
29545,1
8143,0
7405,0
54723,1
41195,1
30526,1
50921,1
53471,1
29072,0
17930,0
27783,0
56783,1
40381,1
56592,1
5206,0
5041,0
17493,0
32908,1
58102,1
21046,0
50690,1
1741,0
245,0
29026,0
7534,0
47849,1
51620,1
55605,1
18736,0
11203,0
13845,0
7918,0
7525,0
3681,0
7689,0
28430,0
12754,0
39111,1
14741,0
48025,1
3489,0
55742,1
54218,1
13066,0
12925,0
56537,1
16214,0
35126,1
33369,1
44116,1
49170,1
47571,1
26447,0
3793,0
31148,1
13513,0
20999,0
286,0
14390,0
2554,0
50834,1
34896,1
28743,0
40768,1
37712,1
33259,1
4417,0
23421,0
12141,0
49866,1
9049,0
35902,1
27879,0
18836,0
58046,1
55877,1
37298,1
14045,0
45662,1
40191,1
48310,1
6153,0
2013,0
22371,0
55091,1
47071,1
39003,1
28822,0
23969,0
58508,1
47792,1
53966,1
14299,0
47184,1
28563,0
30576,1
56203,1
13559,0
40669,1
15263,0
48495,1
12988,0
26926,0
6246,0
21741,0
45536,1
53655,1
34411,1
24149,0
39490,1
28114,0
28838,0
14192,0
49593,1
8446,0
51158,1
19983,0
35180,1
23124,0
50507,1
5541,0
53960,1
17221,0
18177,0
44493,1
2762,0
20834,0
40081,1
1577,0
39128,1
24671,0
22007,0
35800,1
6321,0
37725,1
40252,1
915,0
37091,1
6502,0
18968,0
27541,0
27535,0
41279,1
25813,0
47306,1
54257,1
56214,1
34171,1
22106,0
12368,0
10249,0
11376,0
54049,1
18756,0
17467,0
36766,1
33527,1
14625,0
28037,0
30969,1
24795,0
39872,1
41232,1
26352,0
49201,1
18015,0
139,0
52080,1
33053,1
41434,1
44417,1
26942,0
54698,1
27639,0
56067,1
10661,0
2662,0
46759,1
4075,0
41545,1
34190,1
4508,0
29537,1
11433,0
53859,1
27630,0
36482,1
17565,0
56255,1
40725,1
44313,1
50560,1
45959,1
9311,0
39687,1
43401,1
25177,0
24676,0
52467,1
8212,0
40787,1
53683,1
15234,0
3466,0
26563,0
1078,0
17597,0
49462,1
1909,0
53443,1
45091,1
24864,0
39225,1
11716,0
10556,0
56742,1
55714,1
11370,0
32223,1
52844,1
24658,0
47855,1
48849,1
37865,1
37558,1
8973,0
26452,0
31486,1
8178,0
23575,0
34468,1
22975,0
50142,1
9537,0
40610,1
10666,0
41845,1
14399,0
37382,1
43969,1
9090,0
5580,0
44377,1
30608,1
8,0
53185,1
24773,0
8192,0
44200,1
17256,0
10479,0
14803,0
31965,1
30252,1
20423,0
54867,1
18039,0
39099,1
33151,1
22398,0
3922,0
2699,0
12853,0
50960,1
30895,1
57864,1
15878,0
52210,1
24117,0
27027,0
47495,1
22938,0
5894,0
56014,1
38400,1
31794,1
24483,0
50,0
19276,0
32454,1
58481,1
12577,0
42433,1
43117,1
33373,1
26009,0
18729,0
32008,1
5481,0
24708,0
30682,1
45679,1
51604,1
9307,0
8317,0
54205,1
23829,0
5993,0
24960,0
55428,1
41755,1
16845,0
47624,1
49960,1
19735,0
3325,0
14656,0
54403,1
43789,1
42722,1
11341,0
332,0
53152,1
32494,1
10571,0
9355,0
46879,1
28878,0
41071,1
36675,1
38726,1
7733,0
26989,0
49708,1
9737,0
45914,1
2999,0
14614,0
47523,1
20351,0
16551,0
26080,0
10765,0
24719,0
49806,1
10448,0
47438,1
44782,1
23550,0
8955,0
501,0
47969,1
54691,1
11325,0
37028,1
1348,0
22518,0
39627,1
57471,1
29755,1
35640,1
7465,0
14681,0
5321,0
27095,0
41455,1
9014,0
14866,0
36285,1
5562,0
32028,1
27691,0
32054,1
11715,0
14734,0
52866,1
4143,0
15237,0
12522,0
31006,1
24227,0
56318,1
6309,0
20361,0
25484,0
10192,0
33974,1
7200,0
498,0
49591,1
11399,0
48538,1
12932,0
50936,1
51292,1
7065,0
26891,0
19977,0
37878,1
30647,1
21021,0
38574,1
30594,1
41823,1
22435,0
18665,0
15139,0
16187,0
36680,1
7225,0
41832,1
39749,1
47575,1
47840,1
46010,1
1162,0
28978,0
46771,1
25889,0
52653,1
18072,0
9072,0
56244,1
38771,1
54188,1
25374,0
36772,1
48903,1
52429,1
54212,1
18391,0
34931,1
42474,1
25512,0
51850,1
58210,1
38293,1
49993,1
49603,1
17480,0
55419,1
1027,0
43531,1
32047,1
90,0
6394,0
41831,1
14094,0
18582,0
23827,0
56191,1
29515,1
2923,0
12274,0
42296,1
50583,1
27567,0
4902,0
31567,1
6179,0
29667,1
46995,1
33177,1
41393,1
5042,0
54805,1
24976,0
31577,1
43954,1
30538,1
49489,1
75,0
14845,0
33872,1
54898,1
29587,1
44310,1
35887,1
31152,1
40251,1
21873,0
782,0
28062,0
51729,1
50085,1
33881,1
18411,0
39955,1
51282,1
6464,0
43870,1
13955,0
46337,1
1516,0
2241,0
41103,1
45534,1
43881,1
18702,0
41749,1
16276,0
34447,1
47648,1
50196,1
50922,1
27145,0
38800,1
16226,0
54676,1
25434,0
8330,0
33351,1
21304,0
1159,0
376,0
38100,1
34143,1
52026,1
644,0
51,0
33694,1
50772,1
23170,0
37824,1
17433,0
1236,0
17284,0
45843,1
12918,0
24511,0
50199,1
34351,1
5215,0
41171,1
21895,0
17113,0
21715,0
23397,0
1114,0
12050,0
55418,1
56145,1
24409,0
40757,1
12888,0
37984,1
38547,1
17814,0
17810,0
54587,1
4588,0
2422,0
26548,0
16180,0
54764,1
7432,0
52946,1
16455,0
16629,0
17428,0
11864,0
20237,0
33169,1
27256,0
6687,0
52350,1
48216,1
6305,0
28742,0
16640,0
18832,0
15204,0
7524,0
13793,0
45270,1
11810,0
41735,1
27042,0
51700,1
38049,1
38969,1
10063,0
57164,1
28741,0
51490,1
27252,0
21283,0
23070,0
31622,1
37571,1
23305,0
22111,0
42423,1
33037,1
3887,0
35965,1
40975,1
13709,0
39409,1
9023,0
40897,1
22899,0
56439,1
43106,1
19093,0
9725,0
33354,1
39998,1
16213,0
28827,0
5962,0
48671,1
28637,0
10868,0
3245,0
20297,0
37429,1
43879,1
49194,1
25903,0
53731,1
7313,0
223,0
43527,1
44636,1
17873,0
17781,0
47487,1
14328,0
1469,0
56129,1
3566,0
49243,1
17696,0
12363,0
16162,0
58292,1
40373,1
52547,1
14791,0
6951,0
49709,1
9881,0
30064,1
39366,1
58162,1
47672,1
48406,1
13151,0
24839,0
1806,0
7413,0
42553,1
47401,1
57708,1
14538,0
10870,0
18226,0
55475,1
19072,0
57578,1
43286,1
40726,1
27732,0
33657,1
44501,1
17550,0
15645,0
8300,0
36134,1
34709,1
46212,1
49248,1
58197,1
28141,0
14361,0
10621,0
9793,0
15642,0
12238,0
14503,0
34662,1
31222,1
19670,0
7427,0
51724,1
31986,1
54720,1
19725,0
54824,1
55890,1
37463,1
4751,0
30293,1
2656,0
16324,0
4501,0
47720,1
24205,0
52624,1
53292,1
49482,1
21863,0
51428,1
12062,0
33147,1
31985,1
6064,0
9381,0
54014,1
45389,1
41684,1
49295,1
35835,1
26508,0
32363,1
27258,0
29013,0
25293,0
38662,1
56059,1
48666,1
27460,0
21449,0
2135,0
43060,1
39640,1
21269,0
18493,0
39596,1
29113,0
14499,0
34002,1
16699,0
34220,1
639,0
3698,0
12513,0
4344,0
32085,1
15267,0
48013,1
54239,1
40047,1
4574,0
1264,0
43564,1
24269,0
20422,0
14169,0
50336,1
12655,0
47862,1
39986,1
5659,0
38439,1
2215,0
844,0
14563,0
41141,1
1480,0
41852,1
35900,1
43406,1
15513,0
43798,1
9297,0
11840,0
57962,1
40359,1
41633,1
44709,1
35087,1
46422,1
57715,1
14168,0
54548,1
36184,1
27797,0
30517,1
1475,0
40749,1
53826,1
43955,1
21187,0
20528,0
35155,1
37576,1
57680,1
46416,1
29910,1
43495,1
44099,1
58161,1
57332,1
48950,1
2513,0
13666,0
44511,1
55206,1
52639,1
12012,0
49815,1
51054,1
30717,1
34780,1
10133,0
44131,1
29685,1
17299,0
20483,0
44869,1
24901,0
47478,1
16679,0
37806,1
24393,0
45780,1
12241,0
25535,0
30653,1
4066,0
41546,1
21356,0
13657,0
1729,0
38238,1
48256,1
30149,1
8860,0
44459,1
8168,0
47429,1
36988,1
46715,1
57379,1
17590,0
7727,0
55727,1
50352,1
21712,0
26481,0
32807,1
56025,1
49861,1
42667,1
24463,0
26479,0
5497,0
5444,0
28158,0
11424,0
14041,0
2804,0
57794,1
42993,1
21595,0
7612,0
31194,1
44391,1
49474,1
18791,0
5790,0
11489,0
21679,0
35925,1
26529,0
5856,0
27488,0
4638,0
55891,1
36350,1
46971,1
33721,1
6386,0
40876,1
13363,0
17666,0
26169,0
22157,0
31737,1
28138,0
6919,0
55656,1
22666,0
17458,0
16101,0
51812,1
18833,0
43180,1
907,0
46238,1
43456,1
57565,1
39394,1
25790,0
51091,1
5852,0
23751,0
6633,0
26864,0
6095,0
7889,0
49631,1
31698,1
34358,1
25841,0
56670,1
39264,1
11192,0
3438,0
26335,0
11727,0
6848,0
25633,0
15778,0
2067,0
14419,0
52954,1
47880,1
36495,1
2879,0
50232,1
38273,1
29363,1
47068,1
43047,1
5545,0
18116,0
8187,0
46965,1
32522,1
57999,1
41,0
27778,0
56746,1
44379,1
35678,1
5465,0
1205,0
15573,0
19752,0
50342,1
52376,1
2882,0
58534,1
58085,1
37751,1
57885,1
55460,1
13447,0
13617,0
48572,1
11900,0
39322,1
30423,1
13019,0
47586,1
37560,1
3068,0
35096,1
9269,0
47837,1
48462,1
26345,0
56218,1
38133,1
9329,0
2109,0
15188,0
47291,1
45162,1
43741,1
21297,0
31273,1
38404,1
12526,0
52996,1
36447,1
7448,0
13176,0
42444,1
52016,1
13899,0
10819,0
55251,1
31500,1
33559,1
22713,0
50779,1
10520,0
38385,1
33532,1
41444,1
32882,1
47634,1
20011,0
29493,1
23008,0
12610,0
40566,1
4235,0
6871,0
23389,0
27973,0
9643,0
38703,1
47794,1
48811,1
12672,0
51798,1
47473,1
5296,0
48392,1
52438,1
15418,0
56002,1
32206,1
51886,1
24978,0
58477,1
19064,0
24216,0
47929,1
27160,0
45435,1
4907,0
511,0
26814,0
40873,1
1818,0
46295,1
8850,0
36659,1
52640,1
41814,1
20099,0
9296,0
33632,1
35725,1
45274,1
52167,1
27056,0
31481,1
18494,0
25825,0
19289,0
15615,0
2236,0
45379,1
37403,1
9265,0
32923,1
26567,0
5068,0
26426,0
24855,0
34493,1
19402,0
53817,1
4295,0
39500,1
52226,1
47115,1
11584,0
14007,0
10486,0
51816,1
4941,0
50343,1
52887,1
25465,0
25820,0
54984,1
26526,0
58458,1
34180,1
7412,0
16272,0
38402,1
11292,0
40126,1
8285,0
23799,0
14436,0
10300,0
38708,1
14174,0
16860,0
18178,0
8310,0
16049,0
39689,1
25586,0
45154,1
49678,1
34302,1
1464,0
39120,1
277,0
56755,1
30718,1
43523,1
25066,0
57269,1
13821,0
3822,0
595,0
39423,1
31716,1
7328,0
39680,1
31574,1
12370,0
35742,1
28521,0
47754,1
15173,0
56327,1
11086,0
12815,0
35247,1
30876,1
36327,1
8166,0
54091,1
43322,1
12388,0
55424,1
47742,1
53442,1
40972,1
50069,1
56436,1
20007,0
41021,1
53115,1
29166,0
49633,1
24583,0
52534,1
4137,0
16813,0
116,0
34678,1
29524,1
52328,1
5175,0
3994,0
37554,1
54714,1
13287,0
26357,0
45407,1
19634,0
41916,1
37424,1
35109,1
54804,1
48415,1
52801,1
23694,0
56430,1
38485,1
26229,0
33461,1
9183,0
22184,0
18129,0
19084,0
31168,1
25603,0
23477,0
32838,1
5865,0
42081,1
42692,1
20271,0
17234,0
28010,0
12848,0
35644,1
1545,0
38340,1
12626,0
6860,0
46192,1
13254,0
25139,0
17803,0
4990,0
42882,1
318,0
22552,0
29931,1
54474,1
36357,1
36626,1
34023,1
23924,0
20729,0
4753,0
44827,1
21517,0
17601,0
450,0
15983,0
11942,0
33458,1
31953,1
57363,1
34073,1
52658,1
38393,1
34129,1
29683,1
1570,0
33964,1
18774,0
50601,1
48400,1
31802,1
16466,0
39182,1
35398,1
45322,1
39154,1
46792,1
43399,1
30869,1
8957,0
15451,0
10762,0
22628,0
13523,0
33717,1
53832,1
24587,0
7930,0
34813,1
51934,1
54589,1
49894,1
47856,1
23045,0
13215,0
38346,1
7178,0
4942,0
38353,1
50057,1
58123,1
10532,0
40324,1
34362,1
36652,1
19068,0
23926,0
50124,1
4596,0
49691,1
13457,0
47915,1
37456,1
51402,1
56323,1
30899,1
43711,1
32332,1
43108,1
49093,1
3652,0
53866,1
51370,1
37457,1
29358,1
36513,1
11570,0
3000,0
31583,1
34720,1
12797,0
32978,1
1916,0
29201,0
33939,1
17156,0
25756,0
52997,1
9940,0
32945,1
37660,1
55457,1
2813,0
21905,0
2886,0
26048,0
44402,1
37911,1
39291,1
31352,1
31925,1
14064,0
38585,1
40619,1
26450,0
28708,0
42052,1
19845,0
8760,0
36322,1
34671,1
26276,0
52004,1
48929,1
25234,0
11010,0
8164,0
39157,1
3526,0
20848,0
10632,0
6775,0
41838,1
4277,0
32773,1
54806,1
32938,1
3118,0
50060,1
38358,1
4551,0
39383,1
15617,0
39319,1
16665,0
25460,0
32169,1
46414,1
28441,0
53167,1
55233,1
51039,1
31223,1
49858,1
20435,0
6958,0
44045,1
37151,1
835,0
26799,0
49535,1
53015,1
14158,0
39644,1
4252,0
21094,0
46285,1
9748,0
39861,1
22004,0
23905,0
52144,1
32179,1
40890,1
10543,0
54213,1
38338,1
40341,1
17793,0
22940,0
44371,1
33642,1
17682,0
25062,0
33762,1
8249,0
41234,1
45973,1
12267,0
16677,0
57149,1
33210,1
49800,1
621,0
37686,1
31160,1
5960,0
32197,1
46356,1
17280,0
25396,0
8523,0
51317,1
37270,1
55120,1
6433,0
26937,0
57340,1
30561,1
36552,1
3784,0
15620,0
36535,1
5031,0
11380,0
4322,0
58185,1
46553,1
33692,1
10883,0
46374,1
27889,0
19863,0
46675,1
33270,1
16334,0
41511,1
53681,1
26365,0
8517,0
44311,1
44038,1
34674,1
11947,0
4685,0
7257,0
31404,1
50189,1
15653,0
21788,0
42666,1
11300,0
58328,1
27112,0
8825,0
28329,0
51211,1
6330,0
12079,0
13185,0
15884,0
44047,1
33680,1
27155,0
42949,1
26061,0
2752,0
6612,0
48132,1
2575,0
33816,1
37201,1
43814,1
54238,1
34256,1
12645,0
38336,1
20311,0
7335,0
43110,1
27505,0
25411,0
4955,0
39501,1
25866,0
32368,1
47899,1
30422,1
42796,1
48518,1
41020,1
55159,1
35016,1
921,0
36595,1
11458,0
36648,1
30200,1
54742,1
55287,1
38763,1
24764,0
49705,1
29022,0
51111,1
56789,1
31504,1
4487,0
24799,0
52046,1
39787,1
14779,0
3407,0
40961,1
34046,1
13445,0
3335,0
52346,1
15132,0
31359,1
57847,1
42926,1
13768,0
40660,1
12126,0
30638,1
20116,0
32060,1
4923,0
7181,0
6045,0
15518,0
20395,0
19154,0
46967,1
36150,1
58117,1
12030,0
24929,0
32745,1
52435,1
34451,1
10430,0
46298,1
45695,1
16342,0
50994,1
4388,0
51917,1
33001,1
30205,1
43991,1
22071,0
44568,1
5002,0
45098,1
47833,1
26600,0
27433,0
10405,0
18683,0
4532,0
5883,0
25738,0
14807,0
6983,0
35395,1
13011,0
47666,1
40691,1
8426,0
19985,0
40440,1
13166,0
22509,0
57207,1
10429,0
9625,0
44683,1
9084,0
53766,1
3669,0
3770,0
32791,1
23085,0
56870,1
10057,0
18472,0
57760,1
31097,1
20690,0
890,0
44237,1
25748,0
39962,1
3650,0
13733,0
54722,1
7467,0
25257,0
49825,1
34515,1
11582,0
33516,1
42040,1
56089,1
57317,1
19785,0
4189,0
23062,0
35882,1
51820,1
47852,1
2283,0
36058,1
47480,1
50956,1
11666,0
8033,0
40096,1
41555,1
36407,1
24003,0
27927,0
55104,1
44471,1
12220,0
18820,0
21224,0
11342,0
46658,1
47605,1
44913,1
35830,1
13177,0
54942,1
42822,1
41267,1
10454,0
13473,0
2258,0
2916,0
42721,1
11674,0
39326,1
4414,0
52444,1
21643,0
28484,0
40220,1
41064,1
28351,0
44342,1
40928,1
14988,0
35435,1
14733,0
44624,1
54006,1
52355,1
35788,1
43379,1
4321,0
39297,1
37508,1
6596,0
18826,0
37971,1
48048,1
54433,1
55606,1
17763,0
40322,1
48326,1
53166,1
42746,1
29186,0
6900,0
42093,1
55387,1
10461,0
53994,1
25616,0
24116,0
51868,1
14019,0
6726,0
42516,1
33439,1
36388,1
31648,1
40271,1
9210,0
41337,1
26034,0
3336,0
19442,0
14723,0
3867,0
37868,1
43429,1
27101,0
31357,1
11818,0
46398,1
4473,0
38836,1
210,0
38306,1
5830,0
44146,1
11785,0
26925,0
57774,1
54731,1
41190,1
14155,0
23512,0
6457,0
30319,1
4306,0
11401,0
30667,1
20688,0
31693,1
52401,1
35545,1
1315,0
4411,0
55748,1
41990,1
26022,0
21893,0
52223,1
55220,1
12229,0
32137,1
37381,1
3154,0
9691,0
13134,0
17542,0
54202,1
29642,1
5121,0
35252,1
17956,0
49977,1
57023,1
52209,1
49438,1
10669,0
40366,1
38294,1
48750,1
36767,1
26060,0
26499,0
44018,1
5834,0
15320,0
47825,1
33561,1
24973,0
22209,0
35907,1
36596,1
14315,0
46517,1
19155,0
40778,1
4548,0
57518,1
16358,0
11609,0
9648,0
41281,1
27917,0
49772,1
29945,1
33291,1
40652,1
34996,1
51276,1
19418,0
10236,0
30844,1
14668,0
39180,1
23564,0
54048,1
581,0
28748,0
3080,0
40142,1
39504,1
42774,1
4151,0
48578,1
25110,0
12633,0
13520,0
1503,0
24808,0
810,0
4467,0
51686,1
25453,0
57881,1
1578,0
9001,0
6940,0
26324,0
37167,1
54709,1
38934,1
44953,1
36227,1
28015,0
51994,1
7088,0
7076,0
39110,1
2272,0
28041,0
46954,1
34901,1
6221,0
36117,1
9831,0
24455,0
30749,1
42117,1
46510,1
43342,1
958,0
53571,1
12603,0
13351,0
17411,0
48649,1
837,0
24038,0
27709,0
17149,0
22905,0
14021,0
31414,1
41634,1
36876,1
29085,0
2248,0
6234,0
9331,0
3165,0
44436,1
30434,1
35031,1
55469,1
36891,1
39088,1
47723,1
11389,0
27537,0
46830,1
50067,1
5742,0
53417,1
2538,0
38691,1
27809,0
49127,1
37743,1
16547,0
49411,1
6674,0
54939,1
40572,1
52986,1
3398,0
18320,0
8653,0
45238,1
46842,1
48577,1
53285,1
37658,1
13469,0
52441,1
40038,1
40335,1
9309,0
30374,1
50175,1
39207,1
12496,0
20952,0
32301,1
43465,1
5653,0
11795,0
46020,1
50217,1
2542,0
35816,1
50685,1
34313,1
16970,0
28811,0
20408,0
41079,1
40910,1
34743,1
57998,1
42886,1
9188,0
13874,0
19199,0
32944,1
25487,0
52505,1
15651,0
45796,1
42225,1
9387,0
18495,0
50783,1
26582,0
56800,1
35636,1
22921,0
2425,0
8013,0
31250,1
34941,1
15477,0
4219,0
32540,1
15318,0
23632,0
2724,0
26581,0
15382,0
43636,1
5172,0
4811,0
40899,1
52952,1
1723,0
53082,1
23828,0
423,0
56977,1
6499,0
3015,0
28166,0
41642,1
46340,1
43123,1
54329,1
49492,1
29855,1
27501,0
34064,1
42494,1
41783,1
38260,1
18162,0
11677,0
42601,1
2046,0
30223,1
50669,1
51703,1
10528,0
4602,0
22879,0
26409,0
10292,0
52205,1
31035,1
19254,0
19252,0
39405,1
15755,0
40140,1
5236,0
7901,0
56546,1
38211,1
28394,0
36329,1
53633,1
56421,1
7503,0
50917,1
10608,0
41488,1
56693,1
1090,0
55033,1
4972,0
1257,0
41227,1
1190,0
50939,1
19052,0
29220,0
18772,0
23950,0
1359,0
44615,1
31701,1
35520,1
45678,1
53909,1
15428,0
2267,0
24730,0
972,0
30644,1
19058,0
23494,0
56127,1
363,0
31383,1
37198,1
32742,1
24053,0
35405,1
52141,1
6521,0
8499,0
31784,1
948,0
35470,1
37359,1
27742,0
30255,1
3231,0
19593,0
34004,1
2998,0
46290,1
53366,1
41208,1
53355,1
26946,0
45345,1
23059,0
5890,0
36682,1
11213,0
38579,1
15723,0
36737,1
28991,0
9761,0
5049,0
27235,0
6679,0
14925,0
32055,1
42803,1
33995,1
23168,0
13198,0
30178,1
31206,1
9038,0
43804,1
29682,1
6866,0
19040,0
7902,0
42001,1
34859,1
34764,1
37659,1
30529,1
53513,1
17510,0
21341,0
12491,0
44898,1
22829,0
22681,0
28739,0
4257,0
17137,0
35628,1
16071,0
38116,1
1765,0
5809,0
38499,1
4521,0
55282,1
2080,0
16485,0
12543,0
800,0
44084,1
41072,1
56247,1
31365,1
31939,1
33465,1
24408,0
283,0
57608,1
26294,0
15667,0
28097,0
14126,0
217,0
52710,1
2043,0
12024,0
43121,1
43338,1
14966,0
15643,0
797,0
54527,1
9180,0
23099,0
7933,0
37732,1
30182,1
54482,1
47376,1
34230,1
46785,1
54644,1
38950,1
46982,1
25006,0
12675,0
50938,1
10594,0
15017,0
54543,1
7666,0
3482,0
16642,0
16227,0
13988,0
13510,0
14200,0
2859,0
11521,0
7353,0
12832,0
7229,0
26707,0
44718,1
20684,0
33345,1
6993,0
19395,0
35567,1
46851,1
52443,1
37819,1
54776,1
43314,1
42877,1
27920,0
35070,1
39780,1
22545,0
23074,0
7838,0
1946,0
36948,1
25574,0
16716,0
39167,1
27651,0
2647,0
36467,1
25691,0
45936,1
42062,1
46626,1
28884,0
14331,0
13667,0
43780,1
42351,1
11124,0
8273,0
56781,1
56809,1
5522,0
9815,0
13640,0
9211,0
55498,1
49068,1
53159,1
40448,1
43181,1
5798,0
46719,1
35151,1
26246,0
24290,0
52484,1
14659,0
30019,1
25258,0
23133,0
55448,1
19346,0
33827,1
55160,1
57867,1
5603,0
44732,1
9633,0
39286,1
10786,0
23832,0
24515,0
47191,1
45232,1
32262,1
53358,1
21958,0
53707,1
52389,1
3328,0
15965,0
57761,1
24356,0
5129,0
53264,1
45804,1
55696,1
46890,1
26167,0
22889,0
29728,1
8271,0
22521,0
44412,1
30990,1
34578,1
8753,0
5153,0
43383,1
41748,1
24050,0
27711,0
53415,1
42150,1
9640,0
57162,1
48608,1
38064,1
7267,0
10739,0
17080,0
4772,0
28589,0
49328,1
2696,0
24060,0
55521,1
37010,1
56656,1
36079,1
23520,0
1069,0
7520,0
53027,1
8302,0
20692,0
8788,0
30708,1
26818,0
53665,1
2794,0
6552,0
56524,1
43396,1
24352,0
24748,0
53289,1
3835,0
53350,1
54964,1
24844,0
55223,1
11332,0
13993,0
46989,1
51308,1
18932,0
8590,0
37208,1
6580,0
51554,1
46493,1
10132,0
21222,0
22790,0
33715,1
47695,1
12023,0
23894,0
5207,0
55592,1
440,0
11602,0
53276,1
12777,0
14034,0
10960,0
47320,1
42221,1
15548,0
28390,0
397,0
3951,0
448,0
42401,1
11517,0
52212,1
9619,0
36916,1
21987,0
48309,1
40611,1
36783,1
9740,0
7833,0
32892,1
19854,0
38027,1
57741,1
19421,0
15897,0
21248,0
2670,0
22672,0
43599,1
41614,1
24318,0
3078,0
23259,0
3232,0
751,0
2126,0
18265,0
2776,0
13509,0
57738,1
18260,0
54310,1
30821,1
30505,1
36189,1
28572,0
20325,0
8990,0
48790,1
33488,1
17345,0
54766,1
19887,0
26506,0
39141,1
29505,1
44222,1
20429,0
22122,0
56459,1
56875,1
2087,0
15938,0
37695,1
34916,1
9052,0
51628,1
10540,0
43241,1
24459,0
52919,1
36370,1
45853,1
9069,0
29484,1
18742,0
38213,1
49311,1
30906,1
51867,1
5902,0
48814,1
2902,0
45462,1
41915,1
23041,0
3988,0
46656,1
35019,1
46317,1
48253,1
39575,1
46161,1
32104,1
9562,0
21971,0
53635,1
729,0
4676,0
42254,1
20658,0
16423,0
24168,0
41500,1
57075,1
16452,0
996,0
41183,1
29552,1
29817,1
8534,0
2946,0
34977,1
36449,1
35131,1
55190,1
44610,1
4639,0
46661,1
36057,1
42407,1
45063,1
38106,1
12055,0
24301,0
46513,1
26392,0
55634,1
23536,0
56068,1
38679,1
44206,1
44003,1
53132,1
26275,0
46634,1
20615,0
16411,0
8453,0
46892,1
44580,1
50628,1
14076,0
52732,1
9763,0
50438,1
55902,1
38792,1
12955,0
32706,1
57208,1
41998,1
32761,1
11597,0
14240,0
5396,0
52646,1
50333,1
56070,1
13449,0
53456,1
18165,0
602,0
24890,0
20944,0
27248,0
476,0
41284,1
54687,1
12591,0
45706,1
34051,1
37268,1
39126,1
6597,0
10835,0
46797,1
43397,1
42845,1
24656,0
40967,1
11770,0
18735,0
11251,0
905,0
31920,1
32076,1
7157,0
33769,1
32407,1
33497,1
39420,1
37009,1
47561,1
26097,0
7873,0
27105,0
43053,1
52734,1
43508,1
24711,0
16821,0
28,0
44485,1
13084,0
51048,1
26896,0
25172,0
3823,0
18964,0
42658,1
5508,0
30046,1
20566,0
56474,1
46676,1
24663,0
11859,0
42777,1
33041,1
19998,0
18979,0
9239,0
40742,1
29468,1
3837,0
55874,1
49980,1
55697,1
55293,1
23726,0
43204,1
30325,1
11720,0
25270,0
51498,1
38930,1
23134,0
38254,1
39982,1
19030,0
35242,1
22090,0
43105,1
5062,0
12632,0
29885,1
44840,1
13548,0
58271,1
8670,0
23659,0
26149,0
45524,1
36694,1
51549,1
46840,1
28984,0
25263,0
37742,1
32357,1
50584,1
437,0
8915,0
43683,1
56352,1
38795,1
14958,0
40052,1
46955,1
36631,1
37416,1
45933,1
27449,0
19469,0
39311,1
46868,1
33207,1
49987,1
32981,1
34574,1
31613,1
35649,1
36416,1
52067,1
10946,0
12454,0
31677,1
20209,0
7472,0
29083,0
8842,0
53300,1
47274,1
44555,1
39661,1
36663,1
5340,0
6372,0
49413,1
10162,0
29367,1
32288,1
56844,1
50150,1
49463,1
22352,0
47668,1
43366,1
22336,0
11619,0
41282,1
34293,1
27891,0
41887,1
41213,1
49253,1
45660,1
1873,0
45123,1
51842,1
38377,1
6395,0
37906,1
15006,0
2931,0
38532,1
11614,0
51394,1
3375,0
13204,0
3904,0
36637,1
53039,1
35718,1
34407,1
15757,0
45262,1
31471,1
17173,0
33316,1
50818,1
14006,0
37963,1
42811,1
37884,1
4455,0
42636,1
24021,0
54431,1
23571,0
24675,0
47222,1
8100,0
28176,0
21013,0
32369,1
50572,1
16008,0
48087,1
42734,1
54868,1
30489,1
3318,0
29787,1
16359,0
13528,0
22919,0
13431,0
19687,0
8398,0
33856,1
49748,1
21476,0
1094,0
35082,1
42853,1
45254,1
45533,1
35264,1
22970,0
12900,0
47640,1
32348,1
13314,0
45191,1
28790,0
11460,0
19699,0
18551,0
31421,1
12898,0
2470,0
35106,1
38324,1
24891,0
27811,0
13034,0
8174,0
32724,1
28911,0
57400,1
22176,0
55840,1
10019,0
40493,1
55187,1
5341,0
52598,1
57017,1
2511,0
42285,1
15091,0
37181,1
33411,1
52446,1
52851,1
49924,1
27051,0
33098,1
13491,0
52897,1
15844,0
17945,0
45622,1
4512,0
1929,0
13308,0
23139,0
26132,0
9459,0
2270,0
44447,1
19633,0
25990,0
3032,0
54627,1
51090,1
11018,0
18757,0
9278,0
78,0
22006,0
40713,1
40583,1
36027,1
18305,0
28500,0
29517,1
41799,1
30836,1
24555,0
50372,1
16113,0
10281,0
19728,0
9490,0
2318,0
38232,1
56278,1
2759,0
3549,0
10140,0
12668,0
27220,0
24640,0
225,0
13228,0
13150,0
55571,1
53770,1
4319,0
41592,1
20387,0
57501,1
9539,0
24723,0
26528,0
1915,0
15393,0
46843,1
11890,0
32830,1
37199,1
2567,0
5727,0
17423,0
35182,1
54609,1
16381,0
42754,1
37195,1
54025,1
9553,0
47442,1
36216,1
25954,0
32255,1
18586,0
42026,1
16695,0
43793,1
49347,1
42965,1
10598,0
36587,1
24456,0
38472,1
44172,1
17537,0
51894,1
23770,0
44496,1
49314,1
22982,0
57091,1
28105,0
1285,0
6257,0
2150,0
50112,1
30113,1
53952,1
22637,0
10563,0
8352,0
25899,0
17222,0
13812,0
45164,1
25501,0
45661,1
8936,0
36054,1
17398,0
48754,1
35770,1
2908,0
22720,0
40166,1
19804,0
33631,1
16705,0
564,0
24384,0
54640,1
31981,1
3378,0
6861,0
49066,1
58594,1
39461,1
53848,1
38053,1
28885,0
47981,1
46287,1
39112,1
51135,1
50605,1
8154,0
6189,0
10779,0
15606,0
57101,1
57674,1
17973,0
2130,0
43487,1
48678,1
43449,1
12549,0
19207,0
54681,1
23016,0
57786,1
12032,0
42061,1
19659,0
3990,0
31033,1
39636,1
53253,1
25786,0
42415,1
2313,0
30479,1
29893,1
40061,1
23739,0
53592,1
6515,0
23308,0
5528,0
55777,1
20516,0
33833,1
5955,0
32842,1
38660,1
35288,1
30864,1
11523,0
29230,0
7025,0
13007,0
10445,0
54590,1
8134,0
22139,0
56365,1
2823,0
39036,1
9924,0
7338,0
6598,0
27611,0
6104,0
8720,0
2021,0
42234,1
5994,0
1273,0
28475,0
18885,0
6831,0
49457,1
48900,1
34487,1
27078,0
299,0
16946,0
28737,0
7781,0
34733,1
44878,1
29332,1
46667,1
34328,1
41550,1
19480,0
35458,1
29489,1
39859,1
9574,0
47365,1
41243,1
27033,0
31909,1
36821,1
35613,1
2326,0
49882,1
43975,1
14700,0
17571,0
57316,1
50794,1
49660,1
23860,0
32419,1
55284,1
52555,1
42675,1
53641,1
45653,1
13377,0
40473,1
46354,1
34596,1
3288,0
471,0
18280,0
12631,0
57139,1
37121,1
47974,1
2541,0
29499,1
53938,1
51526,1
2136,0
36525,1
11359,0
45223,1
56396,1
38651,1
41162,1
31962,1
30602,1
21216,0
25729,0
14543,0
35507,1
6202,0
56764,1
46891,1
9875,0
11229,0
555,0
11548,0
57278,1
31948,1
5684,0
16107,0
2098,0
22121,0
48104,1
11612,0
17142,0
14627,0
34701,1
21989,0
18554,0
4988,0
56527,1
14110,0
55928,1
41677,1
45107,1
10890,0
27721,0
18187,0
35076,1
10884,0
19027,0
55964,1
47056,1
22208,0
30473,1
57355,1
25034,0
29079,0
8197,0
51074,1
6180,0
48119,1
4550,0
32692,1
18746,0
36208,1
40331,1
54658,1
20152,0
52215,1
10840,0
46984,1
36164,1
56877,1
15847,0
29051,0
40720,1
24585,0
55688,1
54273,1
26741,0
45826,1
38269,1
20468,0
22726,0
14582,0
7649,0
44168,1
31990,1
54618,1
19707,0
53995,1
24445,0
54245,1
20710,0
16711,0
29262,0
25200,0
5538,0
34213,1
38145,1
46475,1
14024,0
7290,0
1055,0
57751,1
42191,1
50946,1
2826,0
7796,0
43971,1
44336,1
7983,0
9877,0
6035,0
22690,0
36033,1
35099,1
2442,0
41785,1
21813,0
23815,0
9070,0
35692,1
20024,0
45256,1
47475,1
57209,1
31302,1
33775,1
52374,1
5293,0
18769,0
27302,0
40544,1
44972,1
14400,0
57167,1
51657,1
39518,1
46264,1
19753,0
1975,0
20675,0
26464,0
39489,1
16607,0
56674,1
51515,1
6322,0
51376,1
46874,1
18475,0
2226,0
53898,1
6830,0
32075,1
45094,1
5535,0
7369,0
39132,1
16818,0
53060,1
34870,1
51548,1
50068,1
37690,1
12277,0
953,0
51980,1
42486,1
10481,0
54707,1
7566,0
35382,1
31868,1
46058,1
24739,0
33955,1
29730,1
39081,1
50497,1
41780,1
53933,1
36420,1
40645,1
35000,1
13373,0
11445,0
8848,0
4442,0
51346,1
8097,0
33732,1
31470,1
14336,0
56305,1
76,0
5418,0
18802,0
46162,1
677,0
36831,1
14910,0
34149,1
31634,1
24709,0
27361,0
55733,1
32553,1
55406,1
18776,0
36791,1
13362,0
14976,0
31543,1
12858,0
16703,0
15772,0
52881,1
4579,0
2024,0
25969,0
49869,1
18080,0
54266,1
28411,0
54341,1
48751,1
29692,1
38530,1
1404,0
46043,1
45532,1
44012,1
14915,0
42324,1
37516,1
45390,1
19016,0
48353,1
37360,1
40907,1
11812,0
49225,1
13724,0
6524,0
31508,1
42136,1
5227,0
32302,1
5182,0
15031,0
11520,0
37054,1
52460,1
7051,0
38601,1
2677,0
45100,1
37379,1
17361,0
39535,1
42006,1
46180,1
54955,1
28314,0
53956,1
56671,1
9080,0
29020,0
51584,1
3965,0
42622,1
925,0
42977,1
32537,1
26285,0
20425,0
20635,0
52684,1
34766,1
12431,0
25836,0
42972,1
58413,1
56657,1
11811,0
50280,1
16138,0
18200,0
21938,0
45525,1
16374,0
23222,0
12750,0
55440,1
21617,0
25248,0
35663,1
22607,0
2208,0
45300,1
21571,0
50086,1
3230,0
14245,0
6653,0
36785,1
34839,1
28786,0
33440,1
15492,0
17880,0
29040,0
770,0
7975,0
13190,0
24481,0
38764,1
14171,0
17964,0
20495,0
57382,1
44254,1
46220,1
819,0
58298,1
32891,1
20766,0
36810,1
31647,1
45264,1
7074,0
44705,1
48709,1
6947,0
51274,1
2984,0
53216,1
47994,1
34368,1
51114,1
33401,1
54501,1
50482,1
52469,1
46177,1
58361,1
41209,1
34614,1
44009,1
31091,1
45415,1
11780,0
6844,0
54763,1
58051,1
20375,0
58180,1
55817,1
21323,0
45460,1
1954,0
1859,0
52110,1
7624,0
27331,0
30740,1
58277,1
7912,0
94,0
17205,0
3722,0
16726,0
8403,0
44423,1
56137,1
12469,0
17084,0
22600,0
36814,1
41076,1
8988,0
51329,1
38456,1
42932,1
46279,1
27435,0
16772,0
9422,0
32675,1
10304,0
37168,1
8698,0
52126,1
30685,1
4381,0
34978,1
53277,1
50368,1
7089,0
46547,1
52234,1
14816,0
12481,0
4649,0
52303,1
38202,1
683,0
57006,1
39431,1
36326,1
5933,0
48834,1
24283,0
58407,1
7925,0
35215,1
37221,1
33880,1
56095,1
43566,1
25176,0
13574,0
56447,1
2016,0
32090,1
28773,0
41000,1
1107,0
41733,1
24412,0
20778,0
34739,1
31934,1
22156,0
35997,1
4415,0
54935,1
34050,1
604,0
52698,1
43428,1
42678,1
45593,1
6114,0
33719,1
10322,0
38760,1
54241,1
18436,0
49787,1
45841,1
6334,0
34785,1
11933,0
26919,0
289,0
23845,0
2042,0
22128,0
19451,0
20499,0
25628,0
51787,1
19815,0
24165,0
30138,1
40898,1
3451,0
56171,1
48220,1
17743,0
44414,1
26198,0
52717,1
5533,0
21016,0
4814,0
35585,1
25626,0
7558,0
20262,0
7475,0
17518,0
48557,1
34784,1
54473,1
13951,0
15110,0
33060,1
4347,0
14330,0
13602,0
13505,0
9371,0
1573,0
2115,0
265,0
13425,0
23414,0
22210,0
11832,0
47053,1
46803,1
6750,0
3535,0
15648,0
54502,1
38044,1
27923,0
36119,1
31056,1
34819,1
34408,1
10375,0
38177,1
7872,0
27821,0
387,0
47751,1
33987,1
24714,0
35051,1
53533,1
17693,0
34542,1
47539,1
31545,1
37504,1
52318,1
34035,1
27620,0
20326,0
13833,0
56033,1
36424,1
45570,1
53638,1
45564,1
1817,0
5680,0
279,0
36651,1
11542,0
23166,0
3302,0
10784,0
29924,1
5981,0
8899,0
32116,1
23204,0
50860,1
5885,0
33904,1
23937,0
53652,1
28384,0
466,0
53265,1
26063,0
27115,0
39930,1
27855,0
11225,0
32951,1
26929,0
38235,1
17451,0
35170,1
35732,1
46003,1
41624,1
9398,0
2335,0
40790,1
15225,0
53367,1
13091,0
15356,0
36555,1
27928,0
14655,0
52814,1
17762,0
8965,0
16362,0
38161,1
14008,0
54019,1
12922,0
4770,0
37601,1
55679,1
49416,1
56790,1
11258,0
45131,1
27896,0
7176,0
50546,1
19102,0
39355,1
10566,0
53583,1
6105,0
19588,0
53423,1
45147,1
52310,1
55581,1
16186,0
38696,1
3366,0
40581,1
8111,0
1131,0
38199,1
2078,0
28620,0
53934,1
5769,0
3119,0
35811,1
27788,0
35346,1
48745,1
7170,0
46566,1
16248,0
3295,0
33125,1
18823,0
36382,1
18051,0
50282,1
28331,0
2885,0
9258,0
42730,1
26624,0
31805,1
41746,1
58120,1
21382,0
29335,1
32286,1
20467,0
32078,1
40779,1
38536,1
27133,0
36391,1
31501,1
4034,0
17265,0
18876,0
12196,0
33164,1
21146,0
29312,1
22635,0
46054,1
802,0
8361,0
33969,1
34880,1
38591,1
25721,0
3027,0
26252,0
32015,1
14514,0
29604,1
17397,0
14432,0
36969,1
51702,1
37315,1
47483,1
27781,0
47894,1
37752,1
46801,1
9043,0
38208,1
24443,0
13886,0
17711,0
46811,1
26885,0
10329,0
13914,0
36529,1
58142,1
22576,0
32636,1
15480,0
19589,0
9030,0
3817,0
39737,1
57667,1
14763,0
12189,0
33638,1
11848,0
56485,1
34540,1
39068,1
55565,1
57213,1
33183,1
26093,0
3761,0
42923,1
13463,0
47838,1
44991,1
31661,1
50754,1
27222,0
47392,1
31521,1
25077,0
30690,1
36747,1
2172,0
22498,0
26238,0
8045,0
14953,0
38793,1
34095,1
57846,1
25100,0
36590,1
25221,0
14156,0
58441,1
32319,1
30102,1
47195,1
22254,0
4506,0
40188,1
13298,0
9089,0
48329,1
13101,0
49490,1
16899,0
9404,0
14751,0
21822,0
37261,1
43024,1
47583,1
33976,1
33170,1
15782,0
36585,1
26445,0
39285,1
28342,0
49698,1
32020,1
1686,0
20295,0
26187,0
19518,0
14165,0
50004,1
24712,0
39976,1
3352,0
31108,1
8240,0
38821,1
23826,0
29056,0
14670,0
44403,1
42157,1
47975,1
32295,1
23783,0
54638,1
55743,1
48698,1
20545,0
44811,1
34951,1
49016,1
24049,0
34892,1
37098,1
37835,1
51556,1
24589,0
7436,0
54208,1
35001,1
12890,0
35522,1
6405,0
54203,1
49732,1
28888,0
13199,0
29606,1
25129,0
36023,1
56944,1
9680,0
33198,1
52188,1
58520,1
20235,0
49260,1
48438,1
36796,1
2753,0
11020,0
21985,0
19495,0
51224,1
4859,0
54437,1
15353,0
24194,0
41658,1
34742,1
7070,0
58426,1
36183,1
30410,1
7614,0
21407,0
48676,1
47931,1
39447,1
49711,1
11289,0
32911,1
32313,1
23530,0
22631,0
31867,1
48565,1
36909,1
34843,1
668,0
36234,1
20243,0
6440,0
11107,0
33355,1
54631,1
4603,0
52322,1
19783,0
25623,0
47716,1
58220,1
23066,0
4379,0
48899,1
48922,1
11496,0
33016,1
39292,1
27269,0
11360,0
16015,0
51354,1
49716,1
53684,1
5458,0
15811,0
49043,1
53059,1
34800,1
7700,0
16817,0
43368,1
10393,0
2971,0
12426,0
45985,1
53548,1
45344,1
3545,0
52975,1
47476,1
23840,0
23113,0
11266,0
4349,0
38992,1
3106,0
7017,0
19260,0
23295,0
47598,1
18672,0
53581,1
50325,1
22247,0
58257,1
30043,1
16722,0
15885,0
40478,1
32335,1
17585,0
51875,1
54692,1
25357,0
44392,1
48641,1
25597,0
39774,1
53363,1
15350,0
49246,1
8217,0
24497,0
11025,0
38847,1
39090,1
8961,0
33491,1
45672,1
29668,1
19801,0
679,0
38097,1
54785,1
18042,0
29054,0
21553,0
10982,0
30484,1
57926,1
7278,0
3486,0
57056,1
29439,1
22882,0
22252,0
56681,1
29740,1
24076,0
57046,1
22477,0
29449,1
34517,1
49720,1
14710,0
8559,0
11395,0
6820,0
9055,0
44702,1
22586,0
47671,1
28358,0
130,0
50555,1
42689,1
57011,1
15279,0
4746,0
12398,0
31509,1
16618,0
36742,1
26315,0
51966,1
10734,0
47270,1
3509,0
39713,1
22988,0
33619,1
26468,0
1006,0
11993,0
25010,0
41667,1
22348,0
13815,0
38616,1
47428,1
9003,0
47160,1
35629,1
613,0
51915,1
665,0
19000,0
13419,0
15009,0
48780,1
9850,0
7921,0
39788,1
23755,0
44113,1
48450,1
29075,0
6752,0
25544,0
47530,1
1791,0
29946,1
1333,0
1905,0
20948,0
56974,1
57938,1
44181,1
49330,1
49554,1
42478,1
18904,0
32702,1
17667,0
19697,0
54994,1
10477,0
25447,0
49338,1
50866,1
42346,1
38770,1
5517,0
28188,0
39910,1
44325,1
23262,0
16262,0
29354,1
3862,0
47074,1
36666,1
51404,1
39965,1
18335,0
8747,0
6034,0
28606,0
25499,0
8632,0
48647,1
24361,0
47906,1
56300,1
29018,0
52396,1
47995,1
12601,0
10360,0
43733,1
16800,0
6937,0
13973,0
12399,0
49172,1
57678,1
14492,0
32696,1
36172,1
32546,1
29736,1
28325,0
21565,0
56245,1
38556,1
54954,1
35476,1
57834,1
29958,1
12205,0
45114,1
11647,0
38086,1
19232,0
28635,0
34116,1
22723,0
50388,1
3955,0
41309,1
54084,1
55141,1
57028,1
24916,0
22750,0
58278,1
11031,0
33443,1
27343,0
57965,1
49030,1
53360,1
53226,1
36182,1
38666,1
54373,1
12124,0
29251,0
7808,0
22856,0
32805,1
34306,1
52381,1
14166,0
50405,1
39433,1
53421,1
52566,1
22194,0
36849,1
18766,0
10546,0
56855,1
35759,1
34120,1
14237,0
15340,0
45912,1
35150,1
37746,1
28112,0
47265,1
56453,1
52992,1
46708,1
23651,0
11789,0
5169,0
29959,1
34197,1
29463,1
42019,1
17329,0
53787,1
22485,0
5777,0
47355,1
5188,0
15628,0
1432,0
34176,1
1048,0
19236,0
58033,1
52562,1
17968,0
6977,0
35751,1
26384,0
11611,0
52449,1
31378,1
1311,0
54795,1
51890,1
39605,1
9314,0
8421,0
27321,0
52613,1
12854,0
20286,0
38967,1
33381,1
42299,1
23105,0
16555,0
58590,1
56840,1
14057,0
24533,0
34838,1
48435,1
21525,0
24108,0
51654,1
26562,0
48571,1
56679,1
14,0
16250,0
5673,0
26440,0
42838,1
45335,1
50329,1
17729,0
58036,1
15241,0
38699,1
2277,0
5719,0
26338,0
30203,1
52177,1
12531,0
47959,1
53993,1
29266,0
24334,0
28053,0
5114,0
56989,1
9735,0
20731,0
47235,1
6448,0
40250,1
49193,1
37711,1
2117,0
22064,0
50148,1
38440,1
32280,1
52264,1
13810,0
35549,1
49460,1
42424,1
27904,0
11744,0
37818,1
46726,1
2833,0
58023,1
17409,0
21877,0
2072,0
26379,0
7571,0
4237,0
45318,1
205,0
53964,1
13378,0
21025,0
13021,0
17360,0
56686,1
25070,0
24320,0
48139,1
7027,0
8981,0
7671,0
32933,1
10854,0
34518,1
18136,0
48230,1
31549,1
35370,1
54220,1
50382,1
42035,1
39228,1
25951,0
38186,1
19976,0
49968,1
15767,0
34148,1
56769,1
878,0
43190,1
3525,0
35599,1
47637,1
11198,0
41040,1
45070,1
8176,0
56113,1
44322,1
1321,0
25441,0
46488,1
16929,0
44101,1
32946,1
43891,1
14648,0
47215,1
7364,0
32718,1
17704,0
38139,1
23131,0
26471,0
18892,0
43930,1
15813,0
46767,1
45111,1
30530,1
28094,0
36789,1
29769,1
40700,1
56587,1
12406,0
22730,0
8540,0
20621,0
33921,1
6885,0
57555,1
23430,0
49560,1
35735,1
10936,0
47415,1
7631,0
9947,0
12980,0
23820,0
16666,0
16782,0
37324,1
33406,1
54550,1
12911,0
57443,1
9326,0
42947,1
19553,0
33160,1
17942,0
50916,1
34906,1
29675,1
44370,1
38251,1
22115,0
15895,0
9167,0
33734,1
37478,1
16487,0
27612,0
5737,0
12536,0
10658,0
17874,0
39778,1
3730,0
7529,0
51435,1
34286,1
28263,0
28103,0
15041,0
12892,0
22367,0
15276,0
6911,0
49392,1
30704,1
22645,0
1253,0
53849,1
3459,0
23885,0
32129,1
29691,1
18336,0
22363,0
29858,1
28585,0
23153,0
41403,1
49835,1
13263,0
19628,0
1840,0
41276,1
10339,0
15581,0
39985,1
54085,1
55826,1
42210,1
27308,0
38239,1
34954,1
18001,0
17414,0
31997,1
51197,1
49688,1
5194,0
1534,0
36533,1
39547,1
6961,0
30320,1
5095,0
17385,0
26661,0
38906,1
41879,1
30912,1
11632,0
47090,1
28145,0
37778,1
18228,0
494,0
10311,0
33082,1
34561,1
53080,1
6525,0
27234,0
50331,1
14481,0
22490,0
19734,0
41653,1
57466,1
42783,1
660,0
32529,1
3003,0
49148,1
7286,0
42620,1
47264,1
52953,1
56200,1
37543,1
2937,0
54271,1
4325,0
41648,1
461,0
1434,0
16863,0
27048,0
43353,1
53830,1
24552,0
16419,0
36681,1
27680,0
41682,1
3519,0
38620,1
21530,0
14705,0
5358,0
47557,1
34092,1
8297,0
12589,0
55273,1
14150,0
38739,1
54951,1
29711,1
37569,1
10200,0
29132,0
5729,0
14343,0
26417,0
1172,0
43168,1
49532,1
23830,0
42293,1
7246,0
39841,1
3044,0
50750,1
12939,0
9542,0
38428,1
11257,0
52454,1
51153,1
57925,1
45477,1
37964,1
54848,1
6613,0
10086,0
26763,0
17410,0
31955,1
28375,0
762,0
58284,1
5083,0
56610,1
1831,0
29549,1
20272,0
22019,0
28866,0
8079,0
48672,1
2678,0
17408,0
46155,1
28219,0
10550,0
53831,1
26341,0
45847,1
57607,1
22886,0
18824,0
36692,1
24798,0
26738,0
55671,1
36945,1
42528,1
37120,1
50782,1
52575,1
45629,1
42373,1
12908,0
9375,0
14049,0
10496,0
37435,1
19822,0
1251,0
15959,0
47664,1
14847,0
20889,0
4889,0
42833,1
17963,0
24303,0
19981,0
15857,0
51631,1
51160,1
18980,0
57880,1
36526,1
23254,0
16275,0
14585,0
16540,0
18253,0
18905,0
42823,1
6004,0
9887,0
41483,1
37308,1
31480,1
18851,0
43292,1
33589,1
47633,1
43063,1
17523,0
18882,0
58401,1
9921,0
1839,0
31261,1
18953,0
10644,0
33141,1
20598,0
31110,1
15231,0
57122,1
4474,0
32538,1
12004,0
22701,0
8186,0
25809,0
40460,1
53497,1
16546,0
218,0
31529,1
12865,0
26380,0
22293,0
41507,1
32589,1
31309,1
47472,1
28410,0
29451,1
46695,1
12070,0
43970,1
33346,1
10613,0
37241,1
23825,0
17238,0
53374,1
40438,1
35065,1
18883,0
34837,1
58425,1
42275,1
24358,0
39679,1
31901,1
50642,1
36498,1
45691,1
48674,1
27166,0
47935,1
53468,1
16440,0
9252,0
27179,0
4113,0
33081,1
30404,1
26856,0
36819,1
55635,1
25880,0
33116,1
4468,0
26791,0
54773,1
36778,1
52342,1
30584,1
331,0
39019,1
58080,1
26887,0
13722,0
29297,0
38210,1
28115,0
32905,1
29660,1
16246,0
3131,0
3298,0
38178,1
35578,1
2862,0
44444,1
14469,0
23434,0
1809,0
3497,0
36193,1
3544,0
56231,1
36755,1
6875,0
47925,1
55752,1
16706,0
35426,1
35529,1
41028,1
4893,0
27905,0
5197,0
48838,1
40193,1
32079,1
21394,0
26851,0
29318,1
45655,1
19185,0
19407,0
8608,0
56491,1
41528,1
20373,0
48099,1
1138,0
11782,0
326,0
25451,0
34700,1
47846,1
56601,1
17917,0
5698,0
35670,1
43885,1
53311,1
39834,1
52924,1
24699,0
4423,0
31296,1
691,0
2944,0
7760,0
11269,0
30556,1
27626,0
18324,0
33420,1
52837,1
29897,1
30973,1
50288,1
14332,0
49161,1
2953,0
17477,0
24913,0
57119,1
45067,1
6138,0
15875,0
15470,0
8857,0
45325,1
1025,0
20477,0
28922,0
43352,1
45607,1
52160,1
25405,0
8840,0
55075,1
39822,1
52537,1
8588,0
27140,0
50766,1
38554,1
57248,1
7745,0
15944,0
5657,0
14963,0
58357,1
25170,0
53883,1
38984,1
12715,0
47857,1
49868,1
46113,1
32843,1
38016,1
54569,1
11009,0
18370,0
17198,0
9775,0
51100,1
29666,1
56934,1
56515,1
47344,1
15489,0
32006,1
5934,0
29989,1
36790,1
40339,1
36125,1
4607,0
58395,1
30807,1
51335,1
10415,0
50764,1
756,0
17598,0
49569,1
41110,1
25638,0
37104,1
49441,1
47360,1
20270,0
55299,1
1713,0
34125,1
9978,0
10826,0
18732,0
26135,0
8291,0
22274,0
36544,1
44655,1
32044,1
47860,1
43090,1
38822,1
45991,1
22894,0
39417,1
46663,1
9086,0
3409,0
19876,0
42481,1
47263,1
45399,1
39688,1
54598,1
3022,0
20353,0
56035,1
18714,0
7393,0
35866,1
33056,1
26713,0
43631,1
5322,0
21857,0
9522,0
8377,0
21275,0
38875,1
44776,1
23998,0
14706,0
56905,1
6969,0
26549,0
25988,0
8951,0
6965,0
46393,1
40612,1
14193,0
50835,1
36456,1
14838,0
10122,0
25981,0
46154,1
8332,0
16892,0
34015,1
24931,0
24492,0
38416,1
15737,0
10619,0
22624,0
47927,1
3665,0
1755,0
56182,1
53079,1
38104,1
52237,1
45387,1
38050,1
58028,1
23856,0
43330,1
23976,0
18350,0
33920,1
8128,0
57115,1
9859,0
17926,0
39800,1
15655,0
53988,1
21296,0
31961,1
49983,1
39464,1
16656,0
26653,0
11550,0
9734,0
5813,0
22743,0
53372,1
39622,1
9889,0
57982,1
6201,0
693,0
33036,1
56346,1
38074,1
51302,1
52725,1
43382,1
24623,0
10084,0
49613,1
16775,0
25371,0
14929,0
17236,0
2298,0
13157,0
5360,0
38348,1
13707,0
1590,0
31123,1
2874,0
46863,1
16016,0
8954,0
6286,0
17786,0
12138,0
17669,0
46363,1
11633,0
54526,1
31304,1
47558,1
26109,0
34472,1
12465,0
29252,0
9660,0
36433,1
7221,0
41291,1
2770,0
5617,0
28180,0
57953,1
40615,1
8195,0
6002,0
32065,1
20624,0
14644,0
13922,0
41017,1
18113,0
17800,0
41248,1
50952,1
2584,0
21589,0
18125,0
7127,0
45374,1
6781,0
3547,0
53155,1
18191,0
30736,1
47774,1
813,0
22450,0
26605,0
3095,0
50924,1
18126,0
7254,0
28591,0
40378,1
41029,1
52315,1
42518,1
1260,0
51911,1
55979,1
55416,1
39818,1
16681,0
648,0
27373,0
45235,1
37083,1
57573,1
13056,0
26118,0
16445,0
51951,1
872,0
8276,0
35391,1
56792,1
24648,0
52860,1
15662,0
27992,0
47145,1
8063,0
28696,0
531,0
9717,0
58077,1
55991,1
39122,1
12954,0
40676,1
14372,0
44054,1
39915,1
459,0
10905,0
24638,0
8610,0
13466,0
18750,0
40879,1
11665,0
35973,1
28439,0
45308,1
22393,0
22595,0
1050,0
24637,0
23439,0
48290,1
46185,1
8943,0
54595,1
27265,0
29951,1
1938,0
47559,1
46483,1
21282,0
22923,0
42412,1
23615,0
3954,0
42160,1
40871,1
7752,0
11498,0
15712,0
18744,0
12712,0
15458,0
43771,1
56388,1
5767,0
2654,0
36169,1
43662,1
30633,1
4386,0
47485,1
54767,1
56604,1
18033,0
18468,0
52040,1
2131,0
23542,0
3693,0
42010,1
52132,1
29233,0
33616,1
58010,1
38869,1
57058,1
57357,1
32245,1
48832,1
10489,0
26159,0
25267,0
25303,0
28537,0
27585,0
47697,1
56780,1
42589,1
51756,1
4819,0
30256,1
3204,0
8477,0
7363,0
40586,1
413,0
37655,1
44053,1
21795,0
41520,1
11730,0
37836,1
43738,1
35623,1
54007,1
46631,1
32113,1
11354,0
30896,1
38866,1
6260,0
6798,0
18896,0
24731,0
50903,1
50315,1
40330,1
21547,0
33226,1
13511,0
56823,1
8613,0
5393,0
46114,1
57436,1
520,0
9365,0
55385,1
33533,1
54635,1
16533,0
47275,1
28555,0
15769,0
28139,0
45058,1
16268,0
52586,1
55815,1
43929,1
31862,1
26806,0
38469,1
13601,0
12068,0
832,0
9099,0
6204,0
29398,1
3647,0
4275,0
47488,1
37380,1
36583,1
39414,1
30383,1
46079,1
7326,0
47753,1
48425,1
1509,0
2732,0
20871,0
35544,1
43763,1
5424,0
19076,0
44260,1
33179,1
52913,1
10482,0
16982,0
10527,0
44250,1
51897,1
31403,1
755,0
33469,1
14682,0
23977,0
47750,1
971,0
57877,1
43917,1
40172,1
55123,1
48700,1
9321,0
10917,0
17971,0
41180,1
1795,0
19819,0
55221,1
56912,1
39162,1
56753,1
40131,1
21192,0
39593,1
46015,1
34063,1
48496,1
30307,1
52673,1
19153,0
39193,1
47144,1
33018,1
2564,0
52457,1
11150,0
56582,1
788,0
44472,1
21535,0
3013,0
12113,0
45375,1
13435,0
1073,0
7600,0
33019,1
8713,0
49205,1
1835,0
30128,1
12354,0
33697,1
22916,0
15603,0
48944,1
46050,1
5325,0
54890,1
29207,0
58236,1
44171,1
3523,0
31127,1
14675,0
53814,1
27440,0
7236,0
13189,0
5908,0
29971,1
10419,0
10381,0
47688,1
39706,1
20962,0
48680,1
3441,0
31060,1
38507,1
46753,1
9008,0
13742,0
11464,0
22727,0
49697,1
54030,1
58110,1
36149,1
17948,0
42617,1
25467,0
52047,1
4439,0
14702,0
48403,1
3581,0
31439,1
50909,1
58541,1
9360,0
38638,1
7456,0
52269,1
7959,0
50262,1
29916,1
40825,1
38261,1
9482,0
5034,0
14303,0
31636,1
39598,1
32021,1
42888,1
42261,1
24430,0
48380,1
21496,0
1779,0
57159,1
2606,0
17886,0
25599,0
26552,0
25264,0
51953,1
13700,0
47940,1
57442,1
3739,0
9992,0
18034,0
42302,1
44892,1
48341,1
25436,0
55845,1
34526,1
1670,0
19572,0
33111,1
50179,1
7371,0
4030,0
9270,0
44296,1
48726,1
55163,1
56451,1
20048,0
2782,0
51278,1
23296,0
23464,0
51665,1
39470,1
26617,0
24312,0
50294,1
15825,0
5898,0
1360,0
38307,1
15579,0
24266,0
19967,0
35416,1
24410,0
21462,0
21653,0
30965,1
33297,1
2712,0
18185,0
9315,0
58084,1
51963,1
3641,0
6835,0
38227,1
21023,0
4624,0
18205,0
29634,1
37211,1
35253,1
24783,0
25294,0
37073,1
19014,0
43498,1
31286,1
16634,0
44766,1
4102,0
10780,0
4284,0
45388,1
912,0
12778,0
1226,0
39397,1
1110,0
30678,1
33499,1
34370,1
22232,0
7023,0
52775,1
48232,1
49071,1
57472,1
40313,1
54451,1
44577,1
50716,1
27547,0
35437,1
33705,1
57675,1
40770,1
38936,1
18819,0
21291,0
31315,1
3227,0
26703,0
48363,1
23022,0
52512,1
44977,1
34490,1
21970,0
25898,0
36744,1
20464,0
21875,0
20433,0
34911,1
47923,1
50622,1
26350,0
1502,0
20004,0
22846,0
26349,0
14770,0
18615,0
46349,1
49897,1
31975,1
35092,1
27267,0
25152,0
4128,0
27138,0
45582,1
19013,0
39893,1
29729,1
40483,1
43505,1
42071,1
42704,1
1566,0
4553,0
51172,1
29726,1
26477,0
22085,0
58414,1
24781,0
37924,1
31641,1
17698,0
32323,1
28416,0
58577,1
38654,1
12617,0
38759,1
42154,1
15918,0
12689,0
23009,0
24402,0
44721,1
47636,1
57626,1
533,0
32798,1
39911,1
18886,0
151,0
5903,0
147,0
16320,0
34038,1
16894,0
6822,0
8737,0
15856,0
17230,0
37627,1
39030,1
49964,1
27030,0
10157,0
54135,1
41202,1
52743,1
41054,1
16292,0
16242,0
5630,0
38724,1
41325,1
38576,1
17779,0
50675,1
3392,0
35969,1
52202,1
49933,1
20061,0
9264,0
56745,1
29747,1
8521,0
22446,0
14772,0
32717,1
25135,0
2772,0
38160,1
36003,1
20317,0
31354,1
42633,1
9497,0
17365,0
8897,0
19031,0
1129,0
43722,1
27378,0
46246,1
11072,0
52618,1
45294,1
50982,1
7272,0
13745,0
50024,1
3779,0
6794,0
1259,0
37563,1
31358,1
18161,0
23493,0
31347,1
17816,0
36443,1
9431,0
26375,0
49095,1
12833,0
40431,1
33537,1
29304,1
34919,1
17620,0
16224,0
23163,0
55935,1
44239,1
42058,1
305,0
57695,1
41841,1
36917,1
34923,1
29671,1
57821,1
55165,1
36096,1
10423,0
27074,0
20469,0
24240,0
8812,0
57878,1
114,0
3198,0
30919,1
46173,1
13543,0
31106,1
20972,0
55973,1
6289,0
38479,1
11315,0
2342,0
43040,1
32232,1
48848,1
54637,1
16764,0
5770,0
48894,1
1035,0
38335,1
8536,0
18300,0
19924,0
4704,0
20727,0
28681,0
24011,0
34958,1
35464,1
25372,0
54232,1
45007,1
44659,1
54772,1
44819,1
49038,1
14883,0
49003,1
52503,1
46928,1
43230,1
16539,0
5723,0
35518,1
5139,0
24677,0
40604,1
41697,1
42798,1
20413,0
29049,0
47635,1
39305,1
5217,0
7439,0
32392,1
49124,1
34330,1
5612,0
24618,0
41346,1
46979,1
42562,1
48514,1
30772,1
57909,1
23107,0
1722,0
6734,0
2253,0
45504,1
34089,1
15178,0
37568,1
26585,0
14344,0
24436,0
30228,1
34721,1
56196,1
52526,1
39670,1
39742,1
57418,1
15777,0
3920,0
50961,1
15094,0
57341,1
9786,0
21149,0
55715,1
31642,1
19482,0
43993,1
16511,0
34631,1
637,0
39531,1
9957,0
39258,1
31982,1
18292,0
24441,0
46328,1
30114,1
21640,0
14732,0
27010,0
4970,0
35450,1
12425,0
55001,1
40318,1
13010,0
16747,0
44486,1
28201,0
6509,0
46344,1
13653,0
38568,1
49499,1
16339,0
15569,0
12746,0
35353,1
25029,0
26348,0
52392,1
55390,1
36823,1
49544,1
7991,0
18899,0
11146,0
46508,1
56666,1
47323,1
36187,1
28957,0
50420,1
26999,0
26837,0
39106,1
5739,0
8205,0
13715,0
3429,0
34181,1
48758,1
45861,1
17132,0
9294,0
6414,0
24501,0
56806,1
56392,1
43967,1
22944,0
50163,1
50007,1
56655,1
44864,1
1130,0
10500,0
2051,0
47244,1
22825,0
45710,1
27158,0
40269,1
31412,1
13023,0
5615,0
45512,1
48940,1
51392,1
41192,1
47436,1
27875,0
21244,0
9726,0
39630,1
30297,1
30037,1
43574,1
16414,0
414,0
15629,0
792,0
42643,1
15201,0
50911,1
28975,0
34191,1
45716,1
7641,0
51254,1
28027,0
11364,0
641,0
55987,1
20734,0
58326,1
49280,1
2281,0
6141,0
43696,1
16636,0
25835,0
18531,0
43205,1
15550,0
1126,0
16074,0
34698,1
44354,1
58419,1
3206,0
48168,1
32327,1
25566,0
8582,0
2333,0
55059,1
20414,0
10370,0
7046,0
57515,1
10323,0
37247,1
20299,0
38464,1
25422,0
22512,0
34868,1
35107,1
9229,0
23208,0
38582,1
55018,1
33930,1
24508,0
4181,0
19434,0
29684,1
48819,1
49138,1
18,0
15264,0
20802,0
10495,0
53053,1
42742,1
34059,1
57598,1
15984,0
50774,1
8418,0
15614,0
6998,0
29159,0
19171,0
23269,0
18143,0
23096,0
4989,0
55684,1
37048,1
21279,0
2881,0
55938,1
55725,1
36532,1
8127,0
47875,1
6847,0
1997,0
29409,1
22099,0
49743,1
4826,0
50045,1
46975,1
28504,0
44351,1
29179,0
20522,0
39324,1
58460,1
3121,0
15111,0
19905,0
7220,0
58320,1
52207,1
14513,0
32655,1
13107,0
11294,0
9236,0
1052,0
42725,1
18533,0
45761,1
43232,1
49543,1
31734,1
7763,0
26367,0
42989,1
36457,1
46593,1
44951,1
14557,0
20582,0
57545,1
29311,1
16671,0
43546,1
50861,1
48443,1
7997,0
48741,1
21097,0
51004,1
48898,1
10502,0
26910,0
19455,0
16179,0
4296,0
2894,0
16413,0
7045,0
4667,0
43728,1
56246,1
20327,0
29002,0
41669,1
17986,0
26742,0
18762,0
32716,1
24633,0
10881,0
14774,0
18121,0
13332,0
2579,0
44481,1
28880,0
3520,0
3346,0
32700,1
28436,0
58059,1
15609,0
13415,0
26186,0
25959,0
38769,1
40158,1
30110,1
27368,0
12665,0
27432,0
11443,0
25247,0
39541,1
16902,0
28851,0
21939,0
49784,1
3286,0
53879,1
49842,1
36059,1
37446,1
49440,1
10190,0
43618,1
45408,1
8108,0
7391,0
5394,0
19620,0
43549,1
54016,1
3555,0
2142,0
7541,0
6,0
36878,1
29138,0
43660,1
8039,0
54231,1
32391,1
16596,0
7762,0
12326,0
41363,1
3271,0
57197,1
4029,0
527,0
939,0
20485,0
18254,0
45967,1
52003,1
14004,0
40055,1
50117,1
17871,0
12408,0
1615,0
24685,0
8718,0
38066,1
38397,1
34080,1
14756,0
48093,1
31968,1
2275,0
51255,1
19792,0
50887,1
46380,1
10269,0
24503,0
53559,1
27564,0
46859,1
8102,0
13372,0
10044,0
32273,1
7751,0
14002,0
33681,1
48001,1
29973,1
14236,0
34152,1
4271,0
29137,0
45181,1
18725,0
54249,1
43051,1
1085,0
43727,1
14711,0
14524,0
30865,1
26013,0
38968,1
15308,0
33309,1
41275,1
16606,0
27674,0
8342,0
58528,1
17056,0
15355,0
36897,1
32135,1
50828,1
40594,1
13544,0
3376,0
37067,1
52369,1
24688,0
51260,1
36394,1
26280,0
38061,1
34252,1
42417,1
56434,1
39448,1
39338,1
23189,0
7367,0
11078,0
44770,1
7330,0
42306,1
10346,0
4740,0
43587,1
36116,1
13317,0
8098,0
13894,0
23577,0
32185,1
3993,0
4969,0
26533,0
2694,0
54277,1
58415,1
52111,1
22787,0
45146,1
36146,1
14224,0
38381,1
18119,0
39786,1
47447,1
55761,1
6554,0
54734,1
29782,1
47916,1
34457,1
5990,0
841,0
1949,0
52592,1
33120,1
53116,1
19094,0
57592,1
51512,1
33328,1
18122,0
45155,1
45314,1
36638,1
14719,0
11781,0
5346,0
48165,1
50617,1
32942,1
10099,0
12931,0
33741,1
16278,0
13336,0
32549,1
14190,0
9891,0
26609,0
3161,0
21794,0
42387,1
14276,0
35699,1
54024,1
4226,0
3661,0
37057,1
14497,0
54729,1
1663,0
3082,0
24465,0
36279,1
33944,1
28346,0
29142,0
45891,1
25230,0
39477,1
9287,0
38362,1
43254,1
38181,1
2952,0
50161,1
3400,0
41295,1
7963,0
20084,0
11272,0
15928,0
4752,0
32656,1
42749,1
40268,1
26637,0
295,0
45108,1
44554,1
45735,1
31551,1
4609,0
3153,0
9517,0
12376,0
31596,1
56911,1
27777,0
45279,1
15285,0
47693,1
28245,0
29559,1
17248,0
11952,0
18235,0
48141,1
23689,0
21065,0
35132,1
27790,0
49981,1
22887,0
26679,0
52020,1
50838,1
40731,1
37390,1
27279,0
48597,1
33966,1
19949,0
8824,0
37299,1
4027,0
35178,1
19952,0
35259,1
49611,1
32748,1
36654,1
42027,1
25256,0
29293,0
33931,1
9010,0
50198,1
36090,1
57994,1
47897,1
13451,0
41044,1
16153,0
6472,0
8066,0
8622,0
22935,0
3776,0
11630,0
39325,1
42765,1
29758,1
28169,0
55557,1
47256,1
13639,0
122,0
58067,1
31905,1
4454,0
40702,1
34583,1
8374,0
25648,0
57311,1
12372,0
17139,0
30891,1
52452,1
34970,1
40254,1
20220,0
13421,0
33786,1
43608,1
44758,1
4476,0
11089,0
16443,0
13701,0
34154,1
19314,0
42064,1
38882,1
56476,1
14416,0
35477,1
10924,0
2060,0
27412,0
11959,0
38565,1
5768,0
49468,1
43371,1
25765,0
24893,0
10993,0
3919,0
36339,1
12131,0
32556,1
51165,1
57368,1
10596,0
41584,1
22543,0
46432,1
27572,0
29994,1
49728,1
594,0
13879,0
25937,0
2789,0
13838,0
57748,1
54719,1
16062,0
54369,1
31381,1
27106,0
42226,1
12332,0
52491,1
14932,0
10645,0
47922,1
10673,0
2703,0
37118,1
16846,0
31208,1
1547,0
31602,1
45027,1
43551,1
21081,0
15164,0
54400,1
2247,0
18536,0
13030,0
32314,1
50097,1
11451,0
47258,1
27695,0
16908,0
13282,0
17431,0
1314,0
34946,1
25647,0
45169,1
35154,1
9962,0
52722,1
12537,0
9551,0
20448,0
55823,1
31824,1
3533,0
4341,0
42819,1
35676,1
11655,0
31593,1
29042,0
22089,0
41561,1
32296,1
31974,1
8388,0
11501,0
23922,0
46729,1
54594,1
29254,0
57600,1
1575,0
8935,0
40529,1
54515,1
31239,1
15283,0
228,0
35447,1
36297,1
58131,1
41153,1
11276,0
57395,1
24380,0
27578,0
53117,1
26037,0
38493,1
43035,1
6026,0
48531,1
37937,1
14227,0
58452,1
56992,1
22332,0
1438,0
37314,1
58531,1
16900,0
41759,1
19772,0
18261,0
4698,0
18816,0
278,0
8092,0
6666,0
51504,1
46672,1
43076,1
34875,1
21456,0
17960,0
18827,0
16005,0
45869,1
25087,0
38627,1
50035,1
11274,0
46610,1
9479,0
43477,1
2898,0
45935,1
51989,1
37149,1
33828,1
13883,0
6467,0
28413,0
17536,0
35015,1
32498,1
18705,0
55433,1
3357,0
28615,0
39437,1
51943,1
42227,1
57397,1
20524,0
15290,0
54836,1
17628,0
5796,0
6373,0
38921,1
31016,1
27219,0
4785,0
38555,1
9535,0
14591,0
9573,0
53104,1
30281,1
41767,1
31271,1
9213,0
51466,1
28776,0
35207,1
33194,1
15416,0
36604,1
17217,0
7780,0
33180,1
49899,1
695,0
13578,0
41375,1
15298,0
56700,1
2311,0
26102,0
6209,0
20864,0
56338,1
38619,1
44155,1
7115,0
27597,0
150,0
4782,0
7939,0
519,0
21868,0
17654,0
54639,1
45047,1
30546,1
34495,1
32709,1
28282,0
9531,0
11663,0
45680,1
55350,1
29890,1
29889,1
21935,0
32198,1
17652,0
30394,1
8649,0
32601,1
15299,0
9791,0
53796,1
45307,1
53114,1
12884,0
10279,0
24090,0
54331,1
4369,0
6557,0
10643,0
18516,0
49836,1
15399,0
45795,1
33844,1
26497,0
22368,0
29077,0
5970,0
8728,0
19763,0
19871,0
3075,0
45328,1
29373,1
36010,1
45999,1
25461,0
49356,1
38652,1
40711,1
23980,0
47513,1
19248,0
40782,1
6802,0
1512,0
30528,1
18614,0
168,0
12614,0
4514,0
6352,0
12350,0
55932,1
16424,0
13762,0
40926,1
8817,0
54822,1
25021,0
38853,1
9800,0
44583,1
20606,0
36036,1
515,0
35650,1
42470,1
29426,1
55136,1
17135,0
11208,0
18005,0
1049,0
31226,1
28798,0
4060,0
12167,0
25321,0
28373,0
45701,1
1119,0
969,0
44285,1
49494,1
21532,0
53108,1
7094,0
46077,1
19302,0
48481,1
46257,1
49617,1
36056,1
7878,0
2609,0
26084,0
12520,0
35372,1
6389,0
53189,1
27238,0
18502,0
27722,0
12639,0
13889,0
33250,1
49646,1
30785,1
54172,1
14118,0
55653,1
49943,1
42944,1
5670,0
31812,1
20680,0
17017,0
36041,1
18272,0
38670,1
52983,1
4021,0
48961,1
46449,1
5401,0
43015,1
6367,0
21229,0
48449,1
30599,1
28670,0
25222,0
42711,1
16804,0
5108,0
743,0
42216,1
19797,0
13306,0
39308,1
26046,0
17689,0
29099,0
50014,1
51436,1
16689,0
11123,0
24344,0
5638,0
40621,1
14001,0
798,0
42797,1
7198,0
2651,0
46482,1
33688,1
14693,0
15509,0
5911,0
24811,0
11462,0
57722,1
37919,1
55427,1
9629,0
3651,0
43331,1
27527,0
1937,0
30721,1
50915,1
21371,0
1911,0
17180,0
9901,0
8574,0
37713,1
10428,0
55940,1
2324,0
3798,0
17098,0
30695,1
17166,0
26178,0
497,0
49673,1
3457,0
24415,0
55851,1
54453,1
29157,0
36618,1
4395,0
29717,1
17688,0
9440,0
9811,0
2655,0
5815,0
26117,0
11998,0
53625,1
50490,1
41304,1
50688,1
9712,0
13982,0
14456,0
40984,1
17393,0
18866,0
4640,0
43908,1
56100,1
53666,1
33113,1
24523,0
18439,0
17123,0
52170,1
19829,0
51876,1
25418,0
17148,0
55978,1
17023,0
29380,1
24947,0
53391,1
5483,0
11277,0
13506,0
56222,1
13248,0
15012,0
17097,0
12805,0
50101,1
37437,1
27436,0
20334,0
49286,1
47712,1
26487,0
37295,1
46395,1
28889,0
21302,0
7748,0
29988,1
46939,1
57477,1
52273,1
244,0
5168,0
9716,0
37303,1
6449,0
20681,0
55309,1
43363,1
57890,1
5613,0
27499,0
14223,0
40203,1
7836,0
32574,1
38501,1
54300,1
3659,0
53602,1
27708,0
58020,1
22377,0
18424,0
4104,0
27292,0
27512,0
47529,1
53913,1
5643,0
14708,0
33150,1
27092,0
22239,0
38640,1
21047,0
47639,1
37060,1
2730,0
47060,1
53828,1
32864,1
15510,0
52679,1
21201,0
35755,1
44532,1
30215,1
57235,1
19229,0
40560,1
44190,1
7919,0
54534,1
8561,0
40624,1
21648,0
26119,0
4224,0
36980,1
2507,0
56772,1
29531,1
4765,0
39634,1
1621,0
26455,0
49589,1
48706,1
23235,0
26064,0
23251,0
20557,0
15074,0
12309,0
9485,0
33338,1
57080,1
16948,0
32342,1
41412,1
50732,1
48744,1
54409,1
17454,0
10115,0
2930,0
35638,1
27409,0
4126,0
55462,1
48844,1
32965,1
20245,0
49345,1
16284,0
16861,0
42769,1
12259,0
21973,0
5518,0
23955,0
10968,0
41289,1
47266,1
49317,1
58208,1
29462,1
41583,1
46037,1
23206,0
50267,1
38017,1
19114,0
47578,1
41160,1
34153,1
36641,1
49337,1
52274,1
5843,0
1592,0
18868,0
55996,1
49562,1
37160,1
33927,1
2740,0
33950,1
26520,0
42028,1
51843,1
395,0
49723,1
23119,0
13229,0
22541,0
18098,0
45836,1
36906,1
57937,1
17481,0
57258,1
43037,1
3717,0
49215,1
15456,0
37283,1
23031,0
110,0
20726,0
43609,1
2848,0
24581,0
39487,1
22300,0
23327,0
35729,1
45465,1
1705,0
35915,1
52028,1
41797,1
229,0
32193,1
2739,0
9489,0
35608,1
30634,1
26785,0
57113,1
7164,0
43524,1
1740,0
43475,1
7237,0
51472,1
7908,0
40246,1
39037,1
42536,1
42256,1
49563,1
30456,1
33218,1
1489,0
24926,0
16893,0
15948,0
51588,1
6880,0
21672,0
18176,0
37858,1
50677,1
1597,0
46028,1
5909,0
43832,1
39299,1
20228,0
175,0
4352,0
19538,0
24994,0
48824,1
44619,1
52354,1
10043,0
18697,0
53610,1
6085,0
51567,1
22060,0
17455,0
10733,0
41805,1
36336,1
37604,1
8538,0
40043,1
6200,0
33850,1
57520,1
25410,0
35841,1
3934,0
3560,0
49096,1
4881,0
29566,1
44843,1
41134,1
29629,1
35911,1
19663,0
216,0
1041,0
23242,0
31126,1
49323,1
1878,0
35603,1
15917,0
17157,0
5735,0
2145,0
16240,0
45289,1
49070,1
52934,1
57263,1
45151,1
50021,1
15247,0
49643,1
25381,0
55919,1
1213,0
47864,1
27664,0
22764,0
3820,0
13201,0
3796,0
35210,1
46899,1
561,0
40400,1
6097,0
24110,0
8243,0
27369,0
45090,1
2303,0
56698,1
50462,1
2124,0
17946,0
11453,0
38718,1
26277,0
39908,1
8861,0
57980,1
58574,1
39230,1
29284,0
45599,1
21724,0
1084,0
54991,1
1128,0
48085,1
42301,1
25869,0
34346,1
6913,0
21256,0
22980,0
43575,1
28364,0
14411,0
3851,0
27022,0
5134,0
13054,0
27744,0
34040,1
43712,1
32667,1
40347,1
8455,0
42840,1
14391,0
54439,1
21841,0
16146,0
25617,0
9173,0
26690,0
28079,0
28704,0
56317,1
39165,1
16675,0
26156,0
20336,0
56,0
396,0
32789,1
57803,1
22564,0
35311,1
44582,1
17581,0
52428,1
54615,1
48727,1
16953,0
57808,1
7682,0
18970,0
3588,0
31186,1
55717,1
39823,1
53291,1
48434,1
20471,0
19227,0
26460,0
20701,0
49930,1
46806,1
37080,1
45684,1
36288,1
43511,1
27625,0
23018,0
10280,0
51999,1
41011,1
47342,1
1147,0
8123,0
4739,0
27915,0
46024,1
38948,1
4824,0
4095,0
23649,0
21156,0
25104,0
16962,0
14785,0
17564,0
38375,1
984,0
58516,1
50616,1
42419,1
12037,0
36300,1
23915,0
42806,1
36045,1
39925,1
15080,0
30794,1
47621,1
13649,0
3114,0
33237,1
12389,0
35146,1
41107,1
37626,1
39058,1
26635,0
29216,0
2608,0
2917,0
28983,0
42354,1
11004,0
25254,0
43298,1
32487,1
37362,1
33849,1
1484,0
45135,1
35505,1
32535,1
19021,0
4792,0
46167,1
51888,1
1394,0
20221,0
25440,0
52788,1
39262,1
6362,0
26647,0
51275,1
34324,1
50684,1
54695,1
5378,0
53679,1
28903,0
14080,0
23843,0
3235,0
55363,1
55786,1
24568,0
50898,1
2831,0
39034,1
16685,0
44897,1
49079,1
39707,1
37245,1
25961,0
45069,1
42659,1
12938,0
24722,0
56361,1
4606,0
22961,0
1947,0
7890,0
32943,1
47072,1
950,0
39623,1
45364,1
31477,1
39160,1
52341,1
38224,1
34260,1
50392,1
35066,1
52591,1
34849,1
14471,0
6973,0
13355,0
19762,0
14760,0
33967,1
18301,0
9814,0
36517,1
17318,0
3395,0
14877,0
48038,1
53268,1
55258,1
30769,1
10740,0
6897,0
10718,0
45585,1
29019,0
52244,1
15549,0
42371,1
51529,1
46947,1
17552,0
46611,1
43235,1
57026,1
41570,1
47198,1
32542,1
53333,1
50039,1
46622,1
25558,0
51889,1
6227,0
33479,1
10572,0
58177,1
5524,0
39370,1
33938,1
12007,0
29866,1
2445,0
41046,1
49623,1
19630,0
27743,0
26461,0
52925,1
8432,0
17913,0
22522,0
47919,1
29488,1
53241,1
4446,0
49082,1
8444,0
44735,1
10348,0
25545,0
3126,0
44638,1
33541,1
11219,0
51974,1
58173,1
10663,0
12860,0
38889,1
40284,1
24883,0
8541,0
45792,1
3024,0
38310,1
38956,1
56030,1
35881,1
37638,1
44421,1
55536,1
20636,0
51716,1
19196,0
40554,1
47408,1
4705,0
25834,0
29707,1
34856,1
37646,1
56921,1
56854,1
33791,1
25099,0
42357,1
4587,0
57232,1
4779,0
34828,1
15050,0
42059,1
6249,0
4894,0
21475,0
42588,1
54457,1
34301,1
21774,0
28031,0
5925,0
4175,0
34756,1
31453,1
43942,1
5537,0
32614,1
36127,1
33724,1
6997,0
48439,1
56264,1
14263,0
48275,1
42584,1
11800,0
28631,0
40462,1
26249,0
3468,0
47253,1
15871,0
753,0
17983,0
42956,1
56850,1
15539,0
51786,1
2692,0
45580,1
7898,0
21527,0
40681,1
33119,1
13576,0
22777,0
39837,1
53663,1
21089,0
7273,0
4048,0
17533,0
54053,1
24621,0
9281,0
5023,0
19449,0
8360,0
20694,0
12287,0
57723,1
35079,1
22698,0
29602,1
25962,0
55443,1
12532,0
51681,1
47248,1
46320,1
1234,0
51572,1
43840,1
23642,0
25732,0
55357,1
41926,1
13089,0
39758,1
55791,1
43652,1
58125,1
5076,0
18208,0
56060,1
42603,1
17355,0
53412,1
28697,0
44162,1
38266,1
35764,1
40663,1
10980,0
9412,0
34915,1
24713,0
1966,0
23135,0
20473,0
53106,1
7386,0
11099,0
42523,1
8784,0
18275,0
28518,0
38434,1
54204,1
37519,1
13920,0
7518,0
49046,1
30251,1
10637,0
26746,0
37933,1
28580,0
3246,0
4308,0
7687,0
31159,1
23054,0
55369,1
1569,0
38079,1
31059,1
26811,0
25940,0
38075,1
2688,0
35701,1
36166,1
12304,0
35270,1
43303,1
51439,1
37200,1
20190,0
51018,1
35892,1
38330,1
46816,1
5170,0
24906,0
35373,1
8137,0
21830,0
29649,1
8518,0
11386,0
50210,1
38492,1
39868,1
33363,1
37502,1
33718,1
27637,0
51015,1
21681,0
36611,1
11080,0
38474,1
5271,0
44479,1
47389,1
54438,1
36908,1
23621,0
56084,1
50059,1
42975,1
39052,1
56791,1
16442,0
49230,1
22073,0
3463,0
24030,0
3396,0
46280,1
6047,0
50895,1
4773,0
23366,0
16079,0
28520,0
55494,1
53207,1
44476,1
55749,1
54395,1
20476,0
43220,1
23042,0
44964,1
46681,1
17188,0
13683,0
51931,1
57448,1
29993,1
9063,0
26137,0
21409,0
15288,0
2252,0
172,0
18849,0
49504,1
6872,0
30109,1
46881,1
42649,1
13033,0
11316,0
14219,0
9982,0
48714,1
36673,1
7508,0
36051,1
19220,0
34590,1
25734,0
52559,1
36115,1
10656,0
27685,0
8278,0
52407,1
49726,1
11227,0
51415,1
40446,1
51517,1
15098,0
16786,0
5649,0
26717,0
55774,1
54050,1
21480,0
15013,0
3692,0
28842,0
40122,1
18992,0
31371,1
54985,1
43854,1
36060,1
14401,0
30051,1
56215,1
40789,1
56819,1
47538,1
19385,0
55704,1
20774,0
12420,0
28496,0
43968,1
51561,1
27063,0
2979,0
44178,1
33998,1
56569,1
8871,0
39659,1
1746,0
53804,1
28221,0
12904,0
10623,0
52247,1
24897,0
55683,1
58364,1
54613,1
2271,0
39020,1
18012,0
8520,0
36844,1
56561,1
53022,1
49473,1
44590,1
7245,0
4050,0
21200,0
27164,0
44191,1
25993,0
38914,1
41920,1
7487,0
26142,0
5331,0
14251,0
58513,1
22166,0
24874,0
45230,1
10089,0
28745,0
17259,0
27180,0
11468,0
1658,0
13643,0
28191,0
38349,1
37422,1
22848,0
3431,0
39894,1
40405,1
10708,0
42609,1
27753,0
45859,1
54832,1
57081,1
31437,1
2897,0
4600,0
9620,0
42906,1
53926,1
37124,1
30826,1
1350,0
20687,0
4447,0
18751,0
53772,1
33943,1
10846,0
48342,1
15893,0
44,0
40053,1
19658,0
56856,1
10544,0
54685,1
41978,1
5493,0
3723,0
31144,1
29899,1
25660,0
35193,1
41784,1
12014,0
51944,1
10315,0
55658,1
48877,1
247,0
48735,1
33824,1
14672,0
44955,1
15589,0
53359,1
17032,0
32375,1
55109,1
8836,0
34017,1
31399,1
50918,1
9685,0
42009,1
19586,0
21289,0
45324,1
40802,1
44684,1
40412,1
43470,1
25843,0
25741,0
3880,0
55523,1
56217,1
17668,0
21412,0
53792,1
47596,1
38508,1
55022,1
6604,0
32155,1
46110,1
27417,0
44826,1
37184,1
28766,0
5290,0
41376,1
32575,1
34242,1
53760,1
58402,1
23909,0
47765,1
11063,0
26687,0
7199,0
52362,1
10721,0
26537,0
25664,0
38476,1
30550,1
10790,0
1561,0
52230,1
22200,0
12971,0
50767,1
21388,0
26197,0
10961,0
30403,1
49004,1
16780,0
18947,0
28241,0
15311,0
4922,0
2287,0
34768,1
4483,0
14417,0
46063,1
40686,1
22535,0
30268,1
30457,1
18862,0
25600,0
53035,1
31539,1
18065,0
46101,1
58152,1
13791,0
5135,0
44265,1
7702,0
12710,0
46651,1
22833,0
30308,1
41935,1
48423,1
31062,1
32607,1
15430,0
15765,0
47422,1
720,0
53587,1
33496,1
17273,0
8478,0
16522,0
31054,1
12195,0
28820,0
29715,1
12838,0
25764,0
52155,1
52398,1
47176,1
42999,1
13710,0
20001,0
14458,0
14091,0
29669,1
41404,1
2350,0
5032,0
1996,0
57757,1
50390,1
31254,1
53113,1
38838,1
45635,1
45096,1
2589,0
46124,1
53025,1
36328,1
6821,0
58550,1
17086,0
42347,1
9437,0
57540,1
41910,1
47173,1
17465,0
18975,0
7284,0
20957,0
54840,1
7893,0
23442,0
51823,1
35948,1
5291,0
23527,0
38158,1
28709,0
40090,1
26542,0
42948,1
23407,0
54682,1
6417,0
44195,1
45866,1
10934,0
10285,0
4982,0
30691,1
9419,0
9721,0
15494,0
5231,0
26874,0
7856,0
52005,1
23682,0
4291,0
24869,0
43821,1
50480,1
27255,0
14517,0
24273,0
29442,1
37866,1
18382,0
2099,0
29784,1
19564,0
38806,1
20805,0
55881,1
11833,0
49381,1
55257,1
46932,1
56431,1
17528,0
4026,0
43225,1
51307,1
7256,0
15402,0
40034,1
35189,1
754,0
27570,0
57242,1
37737,1
3973,0
45557,1
45902,1
27477,0
5587,0
40881,1
5500,0
34821,1
12731,0
57001,1
44711,1
23372,0
50969,1
11728,0
56859,1
15753,0
47494,1
45397,1
33232,1
23925,0
55992,1
51001,1
42992,1
38979,1
53692,1
29752,1
5245,0
29766,1
33266,1
21303,0
39963,1
43426,1
35231,1
15551,0
10703,0
17239,0
53420,1
38169,1
1893,0
23380,0
17253,0
42400,1
40643,1
13699,0
13321,0
9300,0
33281,1
19241,0
21406,0
56320,1
38327,1
11393,0
40386,1
23120,0
6341,0
121,0
40035,1
37217,1
51955,1
2709,0
30934,1
21471,0
52571,1
31507,1
39327,1
47206,1
6609,0
2274,0
20213,0
22655,0
33682,1
47812,1
9838,0
48138,1
18584,0
54198,1
36441,1
38794,1
28082,0
14216,0
34350,1
10513,0
45752,1
50073,1
3447,0
10317,0
58523,1
43875,1
24400,0
40300,1
32819,1
27057,0
5762,0
46910,1
53063,1
36801,1
19941,0
35995,1
18843,0
9253,0
46126,1
47006,1
20886,0
58256,1
19424,0
50810,1
58420,1
53033,1
50419,1
23879,0
35874,1
12748,0
10948,0
58435,1
30258,1
54363,1
41947,1
4647,0
33519,1
42747,1
39620,1
44346,1
47114,1
1370,0
11504,0
17486,0
30510,1
25288,0
17475,0
18721,0
16171,0
49525,1
11333,0
51125,1
5309,0
43259,1
52630,1
57805,1
17548,0
11913,0
24458,0
43962,1
51136,1
35932,1
53910,1
39735,1
12920,0
1904,0
43427,1
22049,0
6136,0
29565,1
35846,1
6308,0
40402,1
11725,0
21533,0
8708,0
9185,0
39278,1
36399,1
9597,0
52597,1
1295,0
36218,1
19953,0
46733,1
20904,0
39646,1
32868,1
58454,1
29401,1
39987,1
7753,0
26640,0
31742,1
30433,1
41200,1
39465,1
5176,0
17165,0
22811,0
16770,0
53435,1
57349,1
35569,1
44910,1
45837,1
17561,0
49576,1
34841,1
37533,1
34057,1
7729,0
27126,0
40395,1
53045,1
12964,0
55397,1
23315,0
17167,0
25772,0
15993,0
52314,1
11643,0
36773,1
8430,0
4206,0
58188,1
44587,1
18498,0
36696,1
43773,1
13593,0
20719,0
37475,1
15101,0
39806,1
50988,1
48112,1
9671,0
57133,1
30008,1
24311,0
14047,0
53630,1
11771,0
5352,0
28234,0
34353,1
10956,0
9103,0
37505,1
46049,1
28895,0
29295,0
8040,0
26633,0
9869,0
40297,1
7203,0
15134,0
22185,0
45231,1
53187,1
34375,1
8404,0
8136,0
20146,0
6631,0
54023,1
6748,0
36880,1
11670,0
32937,1
50801,1
4115,0
44262,1
51464,1
35683,1
35611,1
20826,0
15798,0
316,0
46502,1
25182,0
43405,1
6489,0
28164,0
48269,1
7026,0
46385,1
4884,0
36835,1
14583,0
5473,0
51792,1
20443,0
58227,1
11200,0
29474,1
34657,1
58007,1
50680,1
57849,1
31493,1
8968,0
23703,0
30560,1
32850,1
48207,1
20596,0
22273,0
22145,0
56126,1
23272,0
57364,1
6663,0
49907,1
28852,0
49249,1
50293,1
55675,1
3872,0
49597,1
27921,0
48915,1
18054,0
8076,0
1494,0
34559,1
43692,1
29614,1
45603,1
19764,0
9352,0
17811,0
50145,1
32676,1
41069,1
55156,1
50511,1
34760,1
50064,1
29776,1
32173,1
49401,1
2965,0
33911,1
49782,1
48151,1
40091,1
19180,0
2841,0
45130,1
41645,1
28828,0
18984,0
47357,1
23547,0
8320,0
11321,0
44039,1
51837,1
2399,0
34634,1
25587,0
29816,1
9905,0
12369,0
1827,0
35711,1
40286,1
8077,0
50627,1
52697,1
25649,0
4065,0
51846,1
25779,0
2748,0
41585,1
29250,0
16361,0
55771,1
5468,0
25758,0
39816,1
29810,1
16068,0
26301,0
9835,0
48909,1
28954,0
24144,0
43360,1
5763,0
54928,1
5441,0
47285,1
44844,1
34927,1
28429,0
21292,0
1396,0
42165,1
32344,1
28756,0
49725,1
24127,0
22494,0
36553,1
37113,1
10013,0
15877,0
23024,0
49458,1
7869,0
57799,1
46635,1
27689,0
23007,0
34663,1
14900,0
1788,0
20822,0
42939,1
29618,1
27606,0
49325,1
45797,1
26220,0
13187,0
17555,0
8064,0
31597,1
9977,0
10932,0
33017,1
35918,1
6508,0
31563,1
8457,0
8819,0
23221,0
28824,0
7422,0
32711,1
38424,1
9133,0
39553,1
27704,0
41625,1
10341,0
28124,0
55297,1
48651,1
19997,0
6551,0
38038,1
29410,1
21582,0
56079,1
11850,0
15196,0
42551,1
11155,0
7635,0
27301,0
39954,1
24082,0
53728,1
58143,1
27736,0
6568,0
46097,1
56567,1
43611,1
41033,1
33940,1
44824,1
29031,0
28243,0
51456,1
2171,0
7091,0
27036,0
12223,0
54309,1
16820,0
30986,1
21570,0
7711,0
35063,1
12767,0
57256,1
41871,1
51044,1
41846,1
23348,0
38467,1
50888,1
14587,0
7891,0
30732,1
13959,0
9363,0
54842,1
23740,0
39315,1
12759,0
35489,1
606,0
30498,1
2836,0
56161,1
18548,0
42665,1
28662,0
7188,0
35703,1
14992,0
15397,0
44522,1
49778,1
981,0
15375,0
12307,0
45088,1
16477,0
11986,0
1266,0
41904,1
8058,0
4524,0
37611,1
33886,1
3843,0
6991,0
5820,0
57116,1
9682,0
2978,0
5837,0
49400,1
9175,0
6110,0
15002,0
36334,1
9656,0
47885,1
13174,0
44166,1
13402,0
47881,1
41533,1
19272,0
20689,0
1386,0
22974,0
32052,1
46271,1
28095,0
9261,0
38525,1
48654,1
842,0
27687,0
53134,1
52256,1
36925,1
4689,0
8207,0
5728,0
2025,0
33154,1
26573,0
4500,0
36074,1
11792,0
8304,0
9895,0
46348,1
51063,1
36001,1
48296,1
55756,1
52833,1
23904,0
36459,1
2040,0
3878,0
12684,0
51123,1
7904,0
22898,0
13441,0
32747,1
33826,1
51228,1
13887,0
949,0
22500,0
12606,0
15864,0
31646,1
19306,0
31727,1
45863,1
18079,0
51055,1
20648,0
54765,1
14099,0
4926,0
37470,1
14842,0
5130,0
40938,1
57641,1
46919,1
19224,0
23447,0
41510,1
26702,0
16611,0
44004,1
6316,0
24009,0
53871,1
45064,1
37952,1
32489,1
5950,0
30809,1
33566,1
51754,1
20775,0
55908,1
51528,1
44093,1
47236,1
36614,1
2334,0
12344,0
13426,0
52942,1
7731,0
56005,1
50633,1
49271,1
17130,0
14982,0
18818,0
28211,0
22767,0
55050,1
40936,1
53457,1
3909,0
43056,1
5685,0
31485,1
42604,1
11231,0
36977,1
41723,1
37562,1
20255,0
22932,0
17372,0
21765,0
453,0
45392,1
31841,1
1903,0
43632,1
27044,0
12818,0
13540,0
34151,1
54064,1
32379,1
9608,0
12133,0
27174,0
21096,0
22230,0
11345,0
36811,1
58464,1
3933,0
20450,0
24187,0
36012,1
19526,0
30015,1
18909,0
28199,0
38575,1
752,0
38483,1
18790,0
5252,0
16922,0
10767,0
35624,1
50457,1
38597,1
30328,1
1479,0
3541,0
55563,1
20555,0
29585,1
32001,1
53302,1
55328,1
33687,1
36138,1
39411,1
21257,0
370,0
57108,1
41856,1
15560,0
31086,1
47612,1
31664,1
12073,0
31806,1
45951,1
39594,1
36608,1
31608,1
44272,1
41066,1
28250,0
52810,1
6684,0
35855,1
55504,1
57312,1
33260,1
35571,1
40393,1
23497,0
34326,1
26936,0
26855,0
15557,0
31105,1
50666,1
47116,1
26954,0
4800,0
3240,0
30061,1
9442,0
57703,1
43757,1
46406,1
34393,1
51253,1
57450,1
19690,0
40192,1
26233,0
19750,0
21690,0
45615,1
24615,0
34039,1
29981,1
36982,1
33755,1
41577,1
26964,0
40874,1
35468,1
9552,0
52283,1
26278,0
56616,1
11343,0
38528,1
43700,1
42986,1
48753,1
188,0
36291,1
34344,1
51373,1
27506,0
42498,1
56677,1
44317,1
11175,0
41101,1
9238,0
17305,0
23038,0
6158,0
1655,0
23592,0
13138,0
14633,0
52100,1
10957,0
21202,0
57121,1
13981,0
43393,1
56724,1
36248,1
56939,1
40228,1
51495,1
51047,1
19202,0
10977,0
53460,1
11962,0
21019,0
23699,0
47949,1
51583,1
27089,0
296,0
49121,1
25771,0
16788,0
40476,1
34823,1
18506,0
28738,0
24639,0
48876,1
15890,0
3046,0
58025,1
8132,0
55121,1
40905,1
13346,0
3573,0
38468,1
29059,0
38898,1
41818,1
21093,0
33837,1
50577,1
49838,1
15005,0
49077,1
17092,0
4525,0
36757,1
54810,1
25326,0
13337,0
29465,1
12486,0
44908,1
44589,1
36635,1
4960,0
44731,1
7546,0
439,0
44556,1
23326,0
7801,0
18738,0
1693,0
24784,0
15435,0
3111,0
10990,0
36244,1
37477,1
16697,0
46933,1
40904,1
16112,0
7685,0
55015,1
10843,0
36919,1
10794,0
449,0
11365,0
33900,1
14370,0
15092,0
17483,0
49635,1
31987,1
1749,0
45754,1
57100,1
590,0
8354,0
40296,1
29239,0
57431,1
41706,1
55596,1
58172,1
54899,1
24031,0
2107,0
28546,0
36325,1
57958,1
24801,0
9720,0
24499,0
23504,0
44143,1
17394,0
7305,0
31735,1
10287,0
30363,1
36144,1
25848,0
8688,0
6754,0
694,0
36594,1
52670,1
51138,1
26555,0
7675,0
23518,0
54327,1
56239,1
45666,1
42203,1
20572,0
23441,0
52051,1
10302,0
45775,1
5824,0
3117,0
31935,1
5605,0
3248,0
45332,1
16094,0
35161,1
42156,1
50204,1
21743,0
15316,0
20978,0
53172,1
7209,0
35408,1
51170,1
1168,0
33859,1
4371,0
2280,0
40138,1
45048,1
44488,1
56357,1
29793,1
23942,0
54586,1
41408,1
13181,0
38776,1
39254,1
29693,1
36411,1
4657,0
30396,1
54247,1
31650,1
49263,1
22583,0
33895,1
26151,0
30957,1
52497,1
49029,1
43702,1
47689,1
56662,1
28747,0
47502,1
1832,0
24429,0
7916,0
25625,0
21450,0
54744,1
21100,0
50717,1
11430,0
8095,0
56020,1
17737,0
15053,0
34809,1
19261,0
9922,0
42288,1
23378,0
2074,0
13211,0
45292,1
15566,0
53158,1
55393,1
30285,1
15270,0
39756,1
31599,1
45106,1
6930,0
20287,0
17026,0
12560,0
22732,0
1127,0
45416,1
22507,0
11698,0
49020,1
2529,0
21899,0
52077,1
9653,0
27383,0
13484,0
17864,0
25468,0
9232,0
42070,1
43761,1
6325,0
21465,0
33935,1
48,0
56406,1
28400,0
15861,0
57854,1
54129,1
44710,1
48340,1
50322,1
1617,0
32921,1
58013,1
14345,0
57830,1
52323,1
512,0
3181,0
21474,0
38021,1
17223,0
14800,0
29656,1
50386,1
19566,0
57446,1
57083,1
43791,1
39296,1
15452,0
37573,1
55037,1
8818,0
13366,0
18029,0
29647,1
43785,1
36280,1
17659,0
57996,1
43706,1
19635,0
32658,1
25701,0
28805,0
13595,0
33670,1
43978,1
18448,0
14762,0
11756,0
57893,1
15580,0
3543,0
5961,0
25023,0
56956,1
22557,0
48062,1
18577,0
46978,1
18209,0
55541,1
19831,0
35466,1
39335,1
32947,1
53768,1
46471,1
36940,1
36490,1
29184,0
30580,1
9603,0
29221,0
23902,0
19910,0
3813,0
16571,0
12850,0
35813,1
55244,1
22216,0
57564,1
30506,1
55781,1
8148,0
21418,0
44738,1
56093,1
33014,1
49928,1
31268,1
52101,1
49999,1
32624,1
17719,0
48361,1
37918,1
33178,1
40229,1
43289,1
21262,0
21429,0
53907,1
40210,1
18855,0
8675,0
37738,1
49518,1
39273,1
42508,1
44341,1
25534,0
26203,0
10002,0
30535,1
19936,0
50332,1
51163,1
12230,0
4485,0
14301,0
46353,1
46666,1
17439,0
30286,1
20484,0
28541,0
17882,0
29601,1
56483,1
3953,0
7512,0
52514,1
51642,1
52579,1
13864,0
14410,0
17045,0
31536,1
15849,0
25992,0
48243,1
40921,1
30146,1
32329,1
52764,1
39204,1
49850,1
10282,0
13203,0
39537,1
57205,1
23965,0
25644,0
11103,0
12053,0
31753,1
3087,0
43136,1
14161,0
44203,1
14435,0
39724,1
31852,1
2480,0
15633,0
16031,0
31258,1
33771,1
33326,1
7463,0
40903,1
13504,0
31665,1
24630,0
27646,0
31191,1
40736,1
11334,0
44884,1
46543,1
28622,0
19319,0
5648,0
39744,1
43992,1
32264,1
48999,1
40647,1
22830,0
14635,0
39960,1
23653,0
48627,1
31807,1
18109,0
33912,1
15381,0
7602,0
11463,0
9097,0
49408,1
58009,1
53405,1
26494,0
18599,0
21058,0
50052,1
49380,1
34831,1
51555,1
10646,0
7585,0
46085,1
42577,1
47570,1
57085,1
37993,1
28013,0
3995,0
34772,1
42648,1
18087,0
55554,1
36250,1
20603,0
26250,0
56387,1
51998,1
16615,0
33083,1
2582,0
49766,1
18110,0
32582,1
24822,0
13097,0
49870,1
27784,0
56015,1
35236,1
4694,0
23270,0
31007,1
27152,0
54121,1
38433,1
54187,1
6492,0
48895,1
15701,0
26454,0
41382,1
36677,1
28433,0
35511,1
31956,1
51941,1
17117,0
20916,0
14943,0
40088,1
51574,1
39907,1
3144,0
27599,0
1046,0
47675,1
9179,0
26412,0
35553,1
45082,1
33241,1
24209,0
15746,0
24230,0
9913,0
52393,1
57932,1
12364,0
2666,0
25618,0
34387,1
42561,1
31303,1
12505,0
54982,1
39697,1
1764,0
20868,0
15026,0
34654,1
42771,1
8672,0
8930,0
6909,0
23733,0
46970,1
24231,0
17907,0
35337,1
6576,0
43142,1
39406,1
40163,1
1491,0
18815,0
54255,1
30402,1
12566,0
15370,0
23923,0
32158,1
30977,1
17170,0
54307,1
49078,1
20233,0
21604,0
49120,1
5854,0
11621,0
19645,0
1720,0
9549,0
17634,0
22511,0
2402,0
1782,0
37492,1
9328,0
10491,0
36803,1
13235,0
25523,0
21142,0
55043,1
4601,0
69,0
42942,1
8694,0
30036,1
52643,1
19290,0
25043,0
17133,0
52528,1
21656,0
18169,0
55670,1
34076,1
52550,1
9771,0
48509,1
133,0
15640,0
32128,1
47044,1
2348,0
47281,1
2225,0
7616,0
44850,1
13943,0
46074,1
5156,0
28172,0
49640,1
54127,1
58108,1
45786,1
45116,1
22401,0
15197,0
51957,1
50393,1
43602,1
14347,0
31440,1
31423,1
18842,0
18637,0
21423,0
19698,0
15236,0
14885,0
27962,0
56288,1
43603,1
46942,1
51355,1
1552,0
3755,0
56075,1
5821,0
31984,1
27018,0
39408,1
43055,1
35989,1
1444,0
6048,0
35090,1
27772,0
26027,0
52373,1
5013,0
50453,1
3410,0
38316,1
49060,1
14950,0
48522,1
28137,0
57517,1
36971,1
21802,0
12926,0
31730,1
7738,0
45962,1
2873,0
42237,1
31736,1
24599,0
53470,1
26296,0
25507,0
12551,0
32354,1
21755,0
17496,0
4865,0
39856,1
29329,1
22058,0
12301,0
35768,1
52795,1
42,0
37736,1
44282,1
46121,1
45086,1
58095,1
21783,0
14851,0
15664,0
54010,1
48127,1
23229,0
11179,0
27261,0
27395,0
26871,0
58585,1
27793,0
3910,0
51831,1
16652,0
16794,0
41508,1
5567,0
31082,1
985,0
8387,0
35645,1
34426,1
3746,0
14495,0
58429,1
36932,1
5900,0
16645,0
21917,0
3707,0
43258,1
21501,0
20924,0
32450,1
19737,0
10635,0
13743,0
23112,0
52061,1
15828,0
25999,0
50450,1
34506,1
28660,0
45643,1
58008,1
54950,1
17504,0
12059,0
29171,0
43057,1
55808,1
46273,1
17992,0
37139,1
35582,1
14698,0
7723,0
22696,0
51520,1
25918,0
56253,1
4289,0
866,0
5514,0
4687,0
18473,0
26893,0
54351,1
57991,1
21290,0
25063,0
1632,0
55259,1
48186,1
42623,1
47769,1
45073,1
15671,0
54296,1
28726,0
40887,1
8570,0
27828,0
32872,1
46713,1
14540,0
24747,0
33567,1
23940,0
25978,0
17890,0
46470,1
58148,1
57560,1
50556,1
29108,0
21928,0
13704,0
9759,0
22579,0
43279,1
51923,1
15832,0
35351,1
8910,0
6559,0
57196,1
32662,1
43895,1
17436,0
24309,0
20773,0
156,0
30050,1
28677,0
20737,0
45480,1
516,0
10951,0
57930,1
7981,0
13797,0
37386,1
8917,0
26505,0
16686,0
43020,1
9134,0
49040,1
39813,1
34584,1
46352,1
8975,0
15668,0
33192,1
8778,0
22849,0
7865,0
58495,1
31203,1
52940,1
3615,0
8011,0
20828,0
41481,1
30571,1
18365,0
4058,0
42759,1
3207,0
33738,1
33685,1
41932,1
2381,0
35837,1
38156,1
18576,0
13069,0
38563,1
51162,1
44062,1
51441,1
5601,0
13857,0
18002,0
8738,0
45305,1
21151,0
45572,1
36625,1
20683,0
39757,1
35471,1
58176,1
43111,1
28237,0
32225,1
22883,0
463,0
3706,0
20321,0
9994,0
50878,1
9298,0
33568,1
21965,0
18712,0
56221,1
45742,1
35540,1
37617,1
29824,1
10912,0
58462,1
33745,1
47209,1
9840,0
6271,0
2146,0
15960,0
24894,0
32258,1
5956,0
3758,0
18085,0
45969,1
21397,0
28056,0
57131,1
9896,0
49109,1
58403,1
4339,0
53632,1
43485,1
8135,0
43017,1
31950,1
6729,0
12423,0
41439,1
29827,1
19855,0
33417,1
818,0
7093,0
1076,0
28427,0
29705,1
25119,0
47095,1
25983,0
46115,1
10342,0
51462,1
37990,1
46522,1
50180,1
18625,0
19328,0
10564,0
14834,0
4445,0
16053,0
44100,1
9377,0
6460,0
54946,1
51387,1
28602,0
58374,1
48863,1
7776,0
8846,0
16810,0
53945,1
37863,1
35401,1
17820,0
36190,1
3789,0
2981,0
37956,1
2605,0
46946,1
28218,0
16757,0
56027,1
55512,1
7578,0
33064,1
28426,0
16853,0
8748,0
36337,1
4480,0
6176,0
25796,0
22937,0
31635,1
56358,1
35093,1
58140,1
54668,1
7398,0
2858,0
32073,1
27600,0
54182,1
4526,0
28396,0
41080,1
18106,0
51577,1
52737,1
3848,0
12706,0
7173,0
19533,0
28123,0
40219,1
56612,1
55570,1
48592,1
17513,0
38174,1
3337,0
32590,1
20641,0
56466,1
25577,0
23476,0
46127,1
8065,0
12203,0
28586,0
32623,1
41548,1
5838,0
46613,1
53876,1
29850,1
1652,0
36170,1
44949,1
47477,1
38041,1
42111,1
42895,1
21298,0
55010,1
12164,0
39390,1
54432,1
26239,0
8992,0
48259,1
36188,1
27763,0
48520,1
39346,1
25710,0
34284,1
21916,0
23215,0
30082,1
31115,1
44863,1
31117,1
3576,0
12896,0
13945,0
45467,1
18041,0
58092,1
20239,0
33240,1
33377,1
26270,0
9091,0
57462,1
42483,1
50318,1
48258,1
14474,0
29395,1
26429,0
53430,1
39772,1
56942,1
2388,0
32910,1
20918,0
7980,0
38420,1
50631,1
45616,1
20359,0
45540,1
51344,1
19184,0
16003,0
19796,0
32045,1
25549,0
45346,1
43833,1
54347,1
8327,0
49145,1
51776,1
54901,1
17678,0
42002,1
40849,1
25340,0
44828,1
30900,1
46099,1
58226,1
28302,0
17606,0
37174,1
20763,0
38778,1
9228,0
18900,0
41636,1
43193,1
18219,0
1417,0
2483,0
53894,1
5734,0
16878,0
50218,1
15339,0
22451,0
25491,0
56234,1
55916,1
56962,1
916,0
28925,0
51991,1
26236,0
33135,1
32160,1
50275,1
56506,1
7201,0
35512,1
889,0
43784,1
55850,1
34637,1
43239,1
30985,1
34573,1
22152,0
4150,0
9285,0
30417,1
39087,1
17025,0
16714,0
21878,0
45239,1
37402,1
38634,1
42814,1
25290,0
5348,0
10452,0
44273,1
9999,0
46342,1
42257,1
8742,0
56618,1
29961,1
45770,1
56550,1
22282,0
14784,0
51607,1
15116,0
36019,1
33462,1
2238,0
20204,0
5167,0
18421,0
25671,0
17064,0
18349,0
57346,1
3316,0
20381,0
3064,0
37327,1
3322,0
47452,1
22529,0
28269,0
11769,0
25277,0
8088,0
39891,1
44219,1
20547,0
4139,0
23244,0
16118,0
11242,0
26601,0
7708,0
41466,1
36008,1
54505,1
371,0
27262,0
8903,0
52930,1
24594,0
44095,1
8685,0
31582,1
2499,0
22888,0
14532,0
53596,1
55946,1
13898,0
6668,0
35255,1
41709,1
44080,1
22206,0
46730,1
42369,1
28431,0
48602,1
57238,1
46567,1
11193,0
12998,0
39483,1
43868,1
12846,0
28792,0
57303,1
52501,1
49228,1
11054,0
19820,0
21718,0
19049,0
53064,1
7315,0
44231,1
11627,0
1834,0
13325,0
34000,1
48311,1
45113,1
30314,1
56798,1
1635,0
29987,1
18768,0
21742,0
10385,0
57493,1
28004,0
5938,0
47017,1
1922,0
54582,1
15113,0
28962,0
21314,0
45799,1
39115,1
10979,0
32074,1
14850,0
36091,1
490,0
11586,0
37258,1
14465,0
39416,1
38672,1
191,0
14961,0
57993,1
15658,0
46391,1
39847,1
31605,1
431,0
6369,0
1971,0
22160,0
37586,1
8679,0
49972,1
33442,1
52185,1
4908,0
30831,1
57789,1
47947,1
3690,0
44438,1
3743,0
28391,0
5652,0
47713,1
24261,0
20531,0
48169,1
3242,0
11082,0
6185,0
53500,1
37846,1
6242,0
41145,1
31919,1
9713,0
48973,1
36853,1
6287,0
57373,1
53323,1
56716,1
52990,1
31051,1
3159,0
35340,1
29086,0
23212,0
51337,1
9125,0
8219,0
11973,0
52637,1
50291,1
54361,1
30062,1
3076,0
19463,0
14426,0
24199,0
29561,1
7787,0
23403,0
30795,1
45110,1
34339,1
51103,1
18654,0
30004,1
25419,0
580,0
16563,0
15460,0
18806,0
24539,0
56321,1
50707,1
31880,1
20750,0
49471,1
36277,1
53402,1
22062,0
44772,1
21978,0
24968,0
920,0
36828,1
25379,0
29156,0
8167,0
20244,0
19324,0
5007,0
8731,0
55879,1
1439,0
31528,1
17,0
38870,1
6398,0
2627,0
49334,1
41996,1
54926,1
45412,1
56416,1
55334,1
40429,1
27259,0
41824,1
21682,0
12462,0
6787,0
46210,1
31101,1
931,0
54784,1
36881,1
49895,1
57687,1
32523,1
52806,1
47484,1
9166,0
3870,0
46034,1
30901,1
6840,0
47829,1
32125,1
10511,0
41389,1
19886,0
31422,1
49555,1
13604,0
53269,1
53306,1
31305,1
50359,1
11032,0
408,0
52960,1
52143,1
2704,0
25604,0
142,0
17442,0
37527,1
10691,0
25837,0
34994,1
38527,1
36784,1
8974,0
57647,1
7915,0
6181,0
53932,1
28924,0
13197,0
39059,1
43808,1
33615,1
20053,0
33227,1
28967,0
9586,0
29573,1
50580,1
57755,1
32580,1
13476,0
8594,0
30952,1
24485,0
21137,0
4122,0
47482,1
51005,1
30646,1
46521,1
27367,0
18910,0
24752,0
43786,1
35898,1
15235,0
49649,1
45868,1
10604,0
42294,1
56023,1
46217,1
25112,0
39101,1
31804,1
35324,1
48078,1
15536,0
30950,1
2751,0
24153,0
56260,1
25143,0
34128,1
41599,1
23314,0
11306,0
35047,1
42655,1
50658,1
34486,1
23849,0
58521,1
11384,0
34216,1
14485,0
5672,0
29285,0
35179,1
5748,0
19320,0
22453,0
19172,0
54372,1
11941,0
50335,1
57234,1
56056,1
39524,1
15763,0
50518,1
33600,1
7744,0
9986,0
57804,1
33,0
56004,1
41811,1
35842,1
29610,1
21719,0
58241,1
16578,0
38345,1
26305,0
44700,1
20846,0
27293,0
52666,1
54674,1
24514,0
16882,0
1666,0
42624,1
12346,0
31461,1
15802,0
46773,1
48816,1
44779,1
27271,0
2254,0
57490,1
33242,1
29115,0
18535,0
23382,0
55298,1
52704,1
14405,0
41381,1
12261,0
36450,1
6954,0
3403,0
20867,0
24715,0
28404,0
58578,1
24600,0
3751,0
36375,1
29751,1
30724,1
6892,0
55032,1
2892,0
16050,0
23311,0
12870,0
41409,1
36305,1
56282,1
48965,1
56313,1
58490,1
22154,0
33608,1
37366,1
43670,1
27268,0
18240,0
31146,1
35394,1
51099,1
44161,1
14935,0
41057,1
19606,0
7730,0
71,0
27458,0
31963,1
6355,0
3006,0
31220,1
45619,1
37524,1
49846,1
14965,0
40585,1
45556,1
50425,1
7300,0
41707,1
48886,1
49795,1
35422,1
13633,0
30587,1
21574,0
25433,0
45014,1
43093,1
48044,1
38391,1
33244,1
7171,0
41278,1
5072,0
42596,1
41326,1
10262,0
48339,1
17161,0
37894,1
52687,1
17782,0
20191,0
18168,0
11977,0
47608,1
18995,0
56039,1
56530,1
54356,1
45281,1
22606,0
42627,1
36628,1
50083,1
48177,1
17639,0
58052,1
16202,0
7814,0
19214,0
55343,1
13678,0
53010,1
42421,1
30640,1
43398,1
54044,1
16486,0
51827,1
24185,0
19906,0
15322,0
19423,0
38994,1
2111,0
8970,0
11279,0
57041,1
51139,1
13384,0
37062,1
32896,1
16046,0
19828,0
39584,1
20507,0
53446,1
53649,1
48327,1
29556,1
27573,0
23607,0
13868,0
13170,0
26346,0
9021,0
49910,1
21748,0
24020,0
47273,1
22762,0
3852,0
12724,0
20214,0
54878,1
58360,1
19825,0
31155,1
21900,0
29799,1
52125,1
35088,1
47406,1
46584,1
16337,0
2578,0
6424,0
10609,0
38191,1
36252,1
13119,0
10418,0
41458,1
7665,0
22402,0
1440,0
7423,0
53221,1
41576,1
4771,0
12492,0
10333,0
40021,1
21789,0
54802,1
8034,0
49957,1
43209,1
54797,1
348,0
1308,0
7549,0
51598,1
44809,1
46852,1
53782,1
52458,1
12976,0
1294,0
44002,1
7782,0
48534,1
53495,1
48776,1
55898,1
8118,0
40094,1
10781,0
58068,1
11987,0
30029,1
11211,0
46478,1
39874,1
7316,0
44049,1
5847,0
5431,0
31094,1
46641,1
32147,1
7637,0
40993,1
15626,0
39717,1
16169,0
5267,0
25398,0
24375,0
9209,0
30074,1
32101,1
7811,0
21637,0
26026,0
15888,0
49859,1
56625,1
57870,1
52231,1
17583,0
2416,0
14121,0
1280,0
55811,1
12270,0
6053,0
12010,0
35954,1
39473,1
18266,0
25564,0
19916,0
54807,1
43208,1
6021,0
19410,0
12311,0
27640,0
38401,1
41907,1
11573,0
39514,1
37877,1
18661,0
56946,1
34168,1
6145,0
49979,1
22559,0
24805,0
23844,0
27054,0
56484,1
5888,0
2835,0
5707,0
47085,1
12303,0
44557,1
3786,0
41945,1
24863,0
32024,1
37407,1
8941,0
25652,0
38068,1
52239,1
39186,1
34195,1
21455,0
27656,0
1400,0
40953,1
6089,0
37802,1
7365,0
7837,0
39738,1
38270,1
53593,1
57914,1
8510,0
34511,1
21760,0
52498,1
6558,0
2593,0
39246,1
17714,0
16265,0
20293,0
41738,1
12696,0
22633,0
31489,1
30834,1
15989,0
53197,1
43187,1
22325,0
18194,0
15051,0
12339,0
31495,1
51273,1
58512,1
23798,0
51289,1
31747,1
48879,1
14872,0
14549,0
5000,0
39932,1
32445,1
32801,1
53737,1
36231,1
17077,0
47089,1
46382,1
32874,1
15025,0
42859,1
13141,0
35301,1
28428,0
43893,1
55508,1
49663,1
55775,1
12700,0
54904,1
23988,0
17195,0
13303,0
25126,0
31752,1
16687,0
7734,0
40133,1
39170,1
29174,0
39054,1
35250,1
56128,1
35687,1
32111,1
21602,0
49925,1
23861,0
25651,0
56825,1
51291,1
58182,1
12151,0
232,0
14379,0
38157,1
45788,1
18611,0
48907,1
42282,1
39259,1
24553,0
17274,0
31310,1
4721,0
33118,1
19085,0
40201,1
48210,1
20521,0
22022,0
37683,1
22218,0
13080,0
55559,1
50610,1
14658,0
51468,1
22876,0
49717,1
2360,0
8355,0
30520,1
13123,0
24088,0
41976,1
29131,0
47391,1
47394,1
20369,0
745,0
37588,1
30762,1
48942,1
19271,0
36395,1
27652,0
12202,0
17818,0
53388,1
36474,1
5609,0
33941,1
27021,0
35793,1
1800,0
19980,0
9071,0
12436,0
47182,1
14173,0
29800,1
4231,0
27619,0
14201,0
13266,0
40840,1
39643,1
6032,0
8557,0
51267,1
7739,0
48033,1
25895,0
14661,0
43909,1
22165,0
3480,0
6360,0
31427,1
15044,0
11932,0
27813,0
7663,0
11533,0
5081,0
21006,0
41900,1
2320,0
54499,1
6115,0
22731,0
26044,0
13249,0
39533,1
39728,1
54542,1
17443,0
18969,0
49902,1
21434,0
13747,0
17724,0
26995,0
21691,0
42817,1
57218,1
7655,0
58000,1
41321,1
17903,0
3382,0
38175,1
55769,1
49428,1
18232,0
38962,1
46270,1
39542,1
46274,1
24129,0
14707,0
52084,1
2417,0
43031,1
1837,0
27670,0
37318,1
54725,1
38166,1
49917,1
29028,0
30631,1
24857,0
37597,1
36586,1
43424,1
20699,0
4625,0
34592,1
55143,1
47464,1
50160,1
45937,1
6879,0
17099,0
36922,1
40146,1
6864,0
47553,1
28787,0
33334,1
38054,1
11578,0
52054,1
16150,0
37243,1
45157,1
48465,1
2234,0
58065,1
33408,1
8029,0
48583,1
48985,1
2577,0
24756,0
47650,1
50901,1
26312,0
52920,1
10026,0
14673,0
12054,0
49126,1
57660,1
45363,1
24100,0
40912,1
9401,0
4918,0
57602,1
1867,0
10848,0
48781,1
33869,1
31213,1
144,0
21618,0
8072,0
23886,0
39303,1
8887,0
54282,1
38215,1
10283,0
22549,0
58493,1
13763,0
3487,0
2636,0
11856,0
52439,1
13159,0
44836,1
56428,1
12179,0
17526,0
22464,0
35794,1
54052,1
24365,0
19417,0
18529,0
50539,1
19285,0
42863,1
32644,1
30842,1
10303,0
18590,0
36118,1
50665,1
47820,1
45930,1
34161,1
24371,0
28174,0
38264,1
29820,1
47826,1
54410,1
49498,1
19951,0
14766,0
7713,0
15889,0
8466,0
36347,1
35974,1
40320,1
3637,0
37281,1
2729,0
34093,1
52893,1
21577,0
49913,1
20664,0
12117,0
7417,0
17710,0
51401,1
651,0
2095,0
18673,0
25526,0
7067,0
47896,1
25352,0
51961,1
8851,0
58582,1
33768,1
23243,0
35381,1
43911,1
31142,1
16858,0
10988,0
53672,1
42538,1
17664,0
28807,0
36537,1
23258,0
42873,1
10574,0
4222,0
40844,1
6274,0
9465,0
20809,0
38430,1
30287,1
36787,1
26882,0
38757,1
34366,1
32033,1
1364,0
3143,0
35662,1
22855,0
6164,0
40714,1
17875,0
44429,1
28928,0
45089,1
53954,1
19813,0
4043,0
26551,0
23697,0
21805,0
7735,0
57872,1
35665,1
8019,0
23301,0
30857,1
29599,1
3580,0
25300,0
47205,1
34062,1
17812,0
27151,0
2936,0
37856,1
638,0
37458,1
53156,1
24013,0
12379,0
29192,0
22137,0
19380,0
31408,1
18629,0
27150,0
10877,0
37635,1
49388,1
8959,0
2429,0
18903,0
44512,1
11105,0
13831,0
35200,1
11957,0
48492,1
48153,1
58440,1
4003,0
17326,0
17031,0
41287,1
8821,0
32166,1
58244,1
57315,1
12983,0
36016,1
30126,1
23777,0
8524,0
49091,1
28819,0
1422,0
55011,1
45079,1
36444,1
37545,1
20693,0
28320,0
19823,0
32316,1
36224,1
1,0
24221,0
7540,0
26955,0
41003,1
47620,1
30063,1
35059,1
9040,0
30077,1
19571,0
36155,1
994,0
12845,0
6113,0
24534,0
20553,0
25967,0
29708,1
45129,1
6784,0
5650,0
54614,1
38108,1
6678,0
34754,1
18543,0
46033,1
53141,1
41770,1
10987,0
45005,1
44891,1
32077,1
31666,1
39251,1
31718,1
8807,0
6131,0
49656,1
16526,0
49844,1
37015,1
13980,0
29106,0
36430,1
27322,0
23871,0
37027,1
10771,0
39190,1
44584,1
3059,0
49985,1
49442,1
43936,1
36109,1
54083,1
3703,0
28239,0
28882,0
31157,1
34793,1
47103,1
13357,0
48795,1
43819,1
41093,1
38682,1
27907,0
49884,1
32503,1
23731,0
51960,1
7591,0
34222,1
1603,0
14428,0
49281,1
3388,0
43450,1
40006,1
53944,1
909,0
38573,1
37038,1
15119,0
23318,0
41965,1
24341,0
50314,1
23578,0
45260,1
24816,0
6536,0
22818,0
8115,0
45753,1
46168,1
44248,1
22027,0
42441,1
5771,0
7850,0
48770,1
28371,0
20586,0
16891,0
54513,1
2453,0
43486,1
3585,0
41348,1
54601,1
55693,1
43287,1
8114,0
13902,0
3442,0
8872,0
9964,0
51096,1
42140,1
45689,1
51202,1
49360,1
29846,1
45215,1
40488,1
52197,1
53543,1
34991,1
56172,1
52259,1
32203,1
19339,0
56052,1
56468,1
36812,1
29579,1
42148,1
38395,1
50521,1
29760,1
1554,0
40086,1
45535,1
37520,1
51067,1
12120,0
54889,1
50833,1
34874,1
17003,0
22147,0
58217,1
45892,1
51811,1
45871,1
10041,0
52329,1
48874,1
12495,0
16197,0
16556,0
49424,1
45675,1
32194,1
57606,1
3529,0
48945,1
50099,1
9095,0
43146,1
37372,1
33304,1
49852,1
21809,0
54880,1
38719,1
20818,0
44867,1
9391,0
447,0
9727,0
44148,1
43856,1
45177,1
12279,0
14280,0
5065,0
15930,0
21052,0
8413,0
41184,1
2189,0
17999,0
57643,1
49734,1
34597,1
15249,0
10064,0
52121,1
53690,1
2713,0
20403,0
20796,0
28723,0
36156,1
53461,1
38025,1
45411,1
41747,1
37783,1
17300,0
42449,1
35386,1
49051,1
37391,1
25155,0
32463,1
10798,0
40980,1
37491,1
36729,1
16099,0
12852,0
25759,0
39205,1
52345,1
33283,1
36103,1
48498,1
39401,1
17817,0
3836,0
33552,1
26268,0
17527,0
13558,0
428,0
25193,0
41394,1
47260,1
7532,0
24342,0
46680,1
35075,1
7453,0
28649,0
8721,0
57940,1
45494,1
38624,1
16567,0
34669,1
8054,0
49810,1
32148,1
28341,0
15565,0
1912,0
46723,1
25204,0
45486,1
19353,0
53441,1
8714,0
2661,0
36238,1
19872,0
47772,1
43473,1
5392,0
4561,0
10476,0
52089,1
3305,0
47079,1
45018,1
46214,1
4427,0
30933,1
44989,1
22782,0
57711,1
42279,1
3464,0
20751,0
26016,0
14442,0
37624,1
18390,0
44224,1
7905,0
1373,0
58043,1
50554,1
40970,1
57826,1
41342,1
3136,0
38918,1
9678,0
25367,0
34404,1
24423,0
14281,0
22892,0
37532,1
15155,0
5639,0
56747,1
26113,0
57337,1
54571,1
23981,0
57008,1
27304,0
39675,1
30048,1
47194,1
35513,1
2450,0
17004,0
52780,1
26773,0
27970,0
7030,0
34726,1
25711,0
54043,1
13989,0
26960,0
15409,0
47424,1
21761,0
14612,0
19713,0
46629,1
46701,1
17196,0
7773,0
39794,1
8999,0
27516,0
45714,1
24350,0
18218,0
8239,0
23822,0
2516,0
56464,1
58381,1
25893,0
58029,1
51348,1
40369,1
57055,1
55614,1
57189,1
5914,0
25454,0
44741,1
5151,0
14799,0
2231,0
17549,0
44706,1
41774,1
20533,0
48771,1
46048,1
36053,1
21759,0
31552,1
6070,0
40883,1
37708,1
37240,1
47016,1
37,0
51516,1
56725,1
52936,1
401,0
10943,0
38063,1
6786,0
25141,0
31154,1
42512,1
56353,1
52404,1
2487,0
42794,1
20340,0
15706,0
36107,1
29804,1
16769,0
7021,0
14649,0
52496,1
44046,1
19005,0
55495,1
29429,1
17765,0
29414,1
50493,1
47788,1
5516,0
41541,1
45919,1
57544,1
48743,1
26408,0
46100,1
19148,0
40852,1
43714,1
18477,0
9169,0
57970,1
44622,1
47427,1
58351,1
1760,0
30716,1
30706,1
58164,1
26990,0
44380,1
32337,1
3219,0
38689,1
25854,0
20374,0
51682,1
5345,0
31863,1
55792,1
45199,1
24469,0
56326,1
39851,1
27955,0
14149,0
49269,1
35869,1
29457,1
17095,0
37000,1
9385,0
30054,1
45226,1
41492,1
57510,1
21333,0
7385,0
5529,0
56834,1
45331,1
39842,1
51144,1
15528,0
6562,0
57140,1
31341,1
41427,1
28906,0
53048,1
2646,0
18139,0
56063,1
36423,1
8182,0
44803,1
22946,0
8282,0
51783,1
12527,0
12574,0
48103,1
57868,1
3073,0
3312,0
20439,0
43116,1
9136,0
44238,1
56535,1
55488,1
12692,0
37334,1
41830,1
1790,0
45280,1
31556,1
16039,0
58316,1
56935,1
37768,1
35782,1
14662,0
2045,0
22132,0
254,0
54856,1
17460,0
36733,1
37471,1
55317,1
12843,0
30731,1
39192,1
12447,0
9902,0
55326,1
19782,0
8248,0
28450,0
21888,0
34705,1
30382,1
16971,0
50350,1
21498,0
30122,1
32926,1
46202,1
51641,1
7861,0
46709,1
28679,0
57429,1
2596,0
35828,1
41601,1
58230,1
36381,1
54883,1
20151,0
23331,0
37363,1
23663,0
11237,0
21167,0
35490,1
16702,0
5333,0
48619,1
9406,0
599,0
43873,1
22148,0
20458,0
53755,1
27167,0
8171,0
39804,1
119,0
42022,1
29809,1
42333,1
3347,0
468,0
15508,0
3048,0
21161,0
7536,0
17276,0
25670,0
32630,1
44623,1
19590,0
24500,0
50212,1
26670,0
33822,1
48542,1
53585,1
44647,1
37138,1
38082,1
21066,0
11183,0
38373,1
50624,1
54195,1
17863,0
1846,0
15788,0
58139,1
24422,0
45637,1
54506,1
28258,0
15212,0
43666,1
24256,0
727,0
30120,1
42066,1
3785,0
55597,1
51203,1
35530,1
740,0
51962,1
49889,1
58330,1
3333,0
15774,0
41536,1
35102,1
27041,0
21596,0
16562,0
41352,1
12523,0
20401,0
45721,1
7172,0
20072,0
54389,1
46539,1
48823,1
14554,0
24886,0
55628,1
29536,1
20141,0
21007,0
25614,0
22819,0
1245,0
7887,0
43244,1
3481,0
41470,1
22362,0
53562,1
9611,0
20739,0
30630,1
13904,0
3898,0
7709,0
36478,1
16306,0
28267,0
52681,1
26230,0
55754,1
18809,0
11634,0
47220,1
25565,0
14862,0
17530,0
38698,1
19106,0
47349,1
48021,1
27832,0
26949,0
24343,0
30409,1
1487,0
13697,0
1797,0
39767,1
44104,1
37792,1
5456,0
55923,1
28765,0
54483,1
5556,0
57153,1
17277,0
4433,0
28162,0
47296,1
3060,0
54820,1
52104,1
55608,1
41918,1
20668,0
57166,1
49100,1
15700,0
19948,0
26625,0
39038,1
34239,1
17870,0
23367,0
42856,1
21351,0
31076,1
1642,0
9114,0
42547,1
18775,0
47781,1
20166,0
42471,1
12540,0
55452,1
55441,1
23194,0
31204,1
9357,0
26957,0
34052,1
40947,1
44432,1
44816,1
19168,0
43634,1
31883,1
54396,1
24447,0
10017,0
31230,1
12494,0
17887,0
53872,1
38411,1
47226,1
30829,1
56802,1
16479,0
20090,0
50897,1
44024,1
9051,0
54012,1
37122,1
36826,1
38088,1
19548,0
26834,0
36584,1
5753,0
5589,0
29415,1
6013,0
37248,1
6348,0
44663,1
18181,0
47133,1
18078,0
46914,1
21733,0
12295,0
16058,0
36942,1
28083,0
19471,0
3602,0
33891,1
42198,1
56865,1
9255,0
43980,1
25919,0
38188,1
31692,1
33343,1
380,0
42344,1
50535,1
40640,1
32550,1
47063,1
54115,1
46184,1
25057,0
17920,0
50373,1
41687,1
6419,0
35824,1
46042,1
44196,1
6061,0
29982,1
14940,0
39362,1
53314,1
29580,1
41951,1
55963,1
5070,0
24550,0
15799,0
55437,1
45447,1
33274,1
41839,1
55532,1
8362,0
20263,0
47795,1
37839,1
10891,0
28229,0
48344,1
54533,1
34307,1
35765,1
17085,0
33983,1
5716,0
11591,0
12076,0
15366,0
6749,0
49278,1
32996,1
5916,0
35128,1
32885,1
44831,1
8294,0
17896,0
32895,1
40605,1
55611,1
11909,0
17268,0
15471,0
32790,1
2265,0
51349,1
21458,0
53612,1
30259,1
11403,0
50091,1
4711,0
22695,0
21338,0
37017,1
35996,1
53284,1
773,0
43189,1
15779,0
23912,0
5496,0
49622,1
45184,1
33652,1
3512,0
51390,1
47118,1
7139,0
30848,1
52688,1
33229,1
13162,0
17333,0
39508,1
27463,0
26235,0
7789,0
21022,0
27647,0
34094,1
12735,0
6691,0
10838,0
37538,1
14657,0
43630,1
10915,0
10892,0
6647,0
56848,1
53427,1
48067,1
48414,1
48708,1
30089,1
56325,1
14653,0
56714,1
46640,1
16461,0
51805,1
47536,1
8885,0
688,0
47682,1
15182,0
49267,1
50499,1
6510,0
28905,0
53825,1
34914,1
52301,1
19253,0
34877,1
6387,0
24291,0
54228,1
25333,0
38578,1
2838,0
11297,0
31030,1
13721,0
4273,0
26259,0
9724,0
47186,1
32796,1
30184,1
49047,1
37995,1
27484,0
19015,0
55629,1
43240,1
21082,0
10810,0
53120,1
33535,1
36298,1
11838,0
26413,0
53535,1
37355,1
757,0
28296,0
16235,0
26720,0
54539,1
40442,1
11708,0
28324,0
24208,0
38142,1
57690,1
25875,0
5407,0
51814,1
49573,1
34098,1
26540,0
38115,1
6167,0
52423,1
21185,0
34972,1
36794,1
14855,0
23993,0
22995,0
21678,0
22458,0
6527,0
18943,0
49867,1
6127,0
58365,1
18703,0
4878,0
47631,1
43627,1
48333,1
7923,0
53752,1
48779,1
2545,0
5464,0
47813,1
25744,0
51431,1
55492,1
19591,0
7112,0
37557,1
8290,0
52475,1
35587,1
43403,1
8253,0
40843,1
8960,0
57086,1
20911,0
28186,0
46187,1
39215,1
5019,0
52802,1
57296,1
20803,0
35191,1
19892,0
39619,1
137,0
551,0
2616,0
9116,0
21069,0
57822,1
36148,1
37032,1
2685,0
43357,1
14516,0
23906,0
22609,0
39736,1
4293,0
3842,0
28088,0
52261,1
50948,1
7348,0
20704,0
32346,1
1941,0
42135,1
10406,0
28155,0
42055,1
28836,0
19646,0
4019,0
12072,0
13148,0
22094,0
25015,0
8283,0
2865,0
34723,1
6517,0
31587,1
25409,0
42112,1
42626,1
443,0
23292,0
32289,1
55929,1
3411,0
35336,1
33830,1
52022,1
19884,0
1302,0
46129,1
11775,0
35205,1
2276,0
36268,1
15287,0
21014,0
42945,1
55306,1
16795,0
39931,1
17788,0
48990,1
31464,1
27297,0
8699,0
8985,0
33815,1
43759,1
37193,1
47327,1
23519,0
3745,0
17296,0
31170,1
36024,1
43268,1
43150,1
17657,0
42602,1
20814,0
28497,0
18471,0
22589,0
52098,1
17241,0
9644,0
14530,0
30574,1
7265,0
57513,1
36202,1
39515,1
31598,1
25948,0
37541,1
33908,1
17950,0
39347,1
38361,1
41355,1
30632,1
18068,0
4605,0
12016,0
12282,0
48875,1
29727,1
35083,1
55211,1
22504,0
37271,1
46301,1
22997,0
30234,1
22407,0
41798,1
10117,0
1275,0
38924,1
37648,1
42865,1
29917,1
25703,0
58038,1
2393,0
54916,1
17075,0
24215,0
18461,0
57780,1
41165,1
15419,0
4764,0
1896,0
21994,0
36333,1
20268,0
4450,0
39694,1
46533,1
4984,0
42147,1
48885,1
48377,1
34400,1
50274,1
53381,1
55280,1
36143,1
16734,0
10087,0
22936,0
26518,0
2941,0
18563,0
32243,1
55216,1
26148,0
26981,0
12385,0
6023,0
8839,0
1429,0
56178,1
35936,1
16379,0
54887,1
38117,1
29638,1
321,0
349,0
51908,1
6482,0
47032,1
32222,1
4163,0
56560,1
41649,1
24936,0
9201,0
12629,0
14819,0
11579,0
42964,1
33293,1
37642,1
29955,1
19035,0
36122,1
23951,0
23521,0
55949,1
53929,1
33542,1
37629,1
16783,0
31864,1
45763,1
17485,0
46040,1
42332,1
22291,0
38707,1
46061,1
32181,1
18837,0
7125,0
35527,1
6385,0
57494,1
46880,1
54167,1
37214,1
35712,1
3501,0
45880,1
31584,1
9897,0
34765,1
52748,1
31200,1
37771,1
42981,1
33077,1
2810,0
31749,1
45884,1
14185,0
11373,0
17891,0
49627,1
36141,1
10268,0
20276,0
27950,0
56511,1
47968,1
49890,1
34860,1
38880,1
4303,0
4103,0
249,0
14919,0
50715,1
6974,0
31322,1
3896,0
37115,1
30201,1
53012,1
38449,1
2235,0
19448,0
39711,1
42381,1
23098,0
39845,1
13696,0
34808,1
41725,1
41995,1
45152,1
36817,1
48321,1
53544,1
9743,0
18867,0
12294,0
16159,0
57825,1
15914,0
10931,0
18566,0
24985,0
44422,1
27325,0
32467,1
45648,1
36672,1
53676,1
43280,1
16451,0
26543,0
15554,0
47467,1
300,0
26696,0
28268,0
20060,0
12284,0
47802,1
20305,0
55664,1
55739,1
11224,0
18557,0
29792,1
31077,1
47047,1
55962,1
45527,1
48792,1
39631,1
42164,1
42476,1
27782,0
53767,1
13292,0
11256,0
6589,0
36094,1
18153,0
55272,1
16637,0
42497,1
26749,0
13517,0
19931,0
53462,1
483,0
3901,0
55767,1
52275,1
20248,0
44916,1
24614,0
42935,1
11920,0
30000,1
13369,0
41330,1
37278,1
28366,0
45591,1
39637,1
17615,0
8289,0
18982,0
52945,1
52890,1
24367,0
29347,1
35187,1
38859,1
46716,1
24845,0
42490,1
38937,1
44993,1
15427,0
323,0
51922,1
36028,1
48214,1
21010,0
17712,0
13280,0
54770,1
14858,0
19062,0
58155,1
12762,0
29141,0
9397,0
7579,0
13577,0
24372,0
20634,0
1812,0
7244,0
50913,1
47134,1
15467,0
20149,0
35219,1
35565,1
14703,0
56815,1
37902,1
19748,0
43466,1
29997,1
30243,1
51791,1
9165,0
42832,1
49738,1
43321,1
4305,0
28042,0
26053,0
44957,1
52495,1
40207,1
40956,1
55765,1
2002,0
14181,0
88,0
13719,0
34423,1
57467,1
12166,0
1329,0
33683,1
23865,0
21756,0
30612,1
47037,1
23263,0
48305,1
41793,1
17835,0
28065,0
49108,1
55071,1
28674,0
31263,1
16934,0
20756,0
40449,1
2066,0
18622,0
14797,0
43251,1
45404,1
50122,1
7569,0
30537,1
14778,0
29907,1
6766,0
24881,0
42732,1
8274,0
45263,1
16273,0
51984,1
4759,0
27418,0
35413,1
34603,1
10073,0
6244,0
21883,0
12359,0
13695,0
1751,0
6270,0
796,0
32722,1
5642,0
3274,0
4897,0
51652,1
44386,1
48822,1
21361,0
19979,0
7664,0
1793,0
30604,1
36026,1
6869,0
52180,1
36558,1
38526,1
32269,1
14346,0
57359,1
40274,1
43032,1
34378,1
49407,1
35334,1
21044,0
51026,1
38022,1
44887,1
33421,1
40803,1
55511,1
5893,0
27877,0
4285,0
10022,0
37985,1
28907,0
20758,0
17204,0
33362,1
18684,0
48041,1
10244,0
32072,1
24754,0
27257,0
34850,1
4056,0
2170,0
15077,0
50735,1
3740,0
37934,1
28926,0
55170,1
42849,1
39222,1
57453,1
47036,1
17653,0
49665,1
55875,1
20907,0
9679,0
49461,1
57539,1
51034,1
18871,0
53313,1
2960,0
20388,0
35308,1
13961,0
39641,1
23866,0
17462,0
46981,1
50299,1
6884,0
54237,1
32097,1
16460,0
34575,1
27315,0
31382,1
53440,1
2222,0
29097,0
9988,0
16126,0
3833,0
58291,1
43504,1
17789,0
19341,0
13412,0
57792,1
37547,1
23418,0
1103,0
58307,1
39318,1
1706,0
56281,1
6498,0
28752,0
49318,1
22469,0
55090,1
9989,0
6041,0
5133,0
27080,0
25749,0
57706,1
7870,0
42397,1
13049,0
18011,0
495,0
52041,1
27684,0
21090,0
18874,0
28260,0
29576,1
2315,0
25266,0
53488,1
53251,1
14352,0
15367,0
40162,1
22028,0
45900,1
32435,1
21118,0
44635,1
24161,0
48323,1
42364,1
34124,1
27911,0
23985,0
17507,0
30026,1
33558,1
49534,1
7667,0
5047,0
45873,1
12894,0
41172,1
39434,1
23227,0
27053,0
48682,1
34879,1
18627,0
4518,0
10768,0
5268,0
4732,0
45497,1
28175,0
50579,1
40673,1
38535,1
38986,1
54460,1
534,0
24584,0
21393,0
43691,1
32950,1
14678,0
4756,0
56394,1
54321,1
44364,1
54477,1
13218,0
46931,1
42504,1
20280,0
49607,1
15733,0
16730,0
42841,1
56212,1
22513,0
37895,1
48669,1
41758,1
24774,0
23929,0
11553,0
54990,1
9827,0
30471,1
27019,0
8654,0
33248,1
43079,1
33592,1
17775,0
40295,1
34290,1
46718,1
41490,1
7325,0
14957,0
12844,0
15163,0
39435,1
12088,0
23210,0
14009,0
30782,1
37893,1
1787,0
26527,0
54963,1
1989,0
10914,0
4975,0
14433,0
56978,1
42723,1
5286,0
19733,0
26393,0
37978,1
10138,0
8103,0
50038,1
39952,1
1588,0
30536,1
42084,1
47546,1
24820,0
25253,0
3369,0
41398,1
40499,1
24316,0
37499,1
46812,1
56285,1
7800,0
5583,0
31247,1
18694,0
14020,0
36255,1
50900,1
9632,0
39933,1
40417,1
1562,0
54279,1
20927,0
36214,1
52372,1
48845,1
20760,0
22067,0
57704,1
57734,1
45963,1
41475,1
50870,1
15112,0
51828,1
20711,0
36846,1
8772,0
26058,0
42800,1
31002,1
25001,0
1397,0
42830,1
56967,1
34492,1
1179,0
11776,0
26947,0
15462,0
49083,1
56351,1
41647,1
27127,0
9303,0
21241,0
48963,1
664,0
54036,1
48967,1
5730,0
43923,1
4763,0
44384,1
16996,0
43151,1
3766,0
23728,0
44214,1
56040,1
50857,1
24136,0
4153,0
51616,1
36964,1
53127,1
986,0
25533,0
13616,0
42146,1
40077,1
40918,1
36201,1
8618,0
40823,1
25789,0
39884,1
41204,1
22465,0
37630,1
54871,1
47417,1
52533,1
50538,1
42805,1
25050,0
17808,0
32755,1
4101,0
54560,1
23108,0
50551,1
19340,0
56227,1
53001,1
55594,1
6279,0
25224,0
14142,0
53478,1
21831,0
18835,0
21823,0
31743,1
23176,0
35134,1
39832,1
11209,0
2262,0
5453,0
7971,0
42104,1
44388,1
2063,0
10551,0
53469,1
3029,0
33415,1
15145,0
57753,1
14639,0
52906,1
42063,1
48800,1
30290,1
39972,1
27825,0
1789,0
53904,1
19412,0
20958,0
17497,0
35287,1
40820,1
42465,1
10796,0
3582,0
3515,0
10443,0
29806,1
52607,1
27659,0
7275,0
40524,1
48830,1
57481,1
41612,1
1599,0
10958,0
3655,0
11223,0
50047,1
6637,0
30464,1
20855,0
3518,0
18137,0
41646,1
49774,1
18459,0
9582,0
39726,1
31759,1
15165,0
4813,0
36714,1
5160,0
5923,0
13554,0
27852,0
1374,0
15429,0
35455,1
5066,0
51939,1
13073,0
27346,0
35318,1
6117,0
47,0
32547,1
28061,0
50996,1
46060,1
37272,1
40129,1
22875,0
46875,1
26070,0
12212,0
16434,0
20329,0
21396,0
33301,1
25025,0
27198,0
23101,0
3929,0
19055,0
17925,0
55589,1
48638,1
7048,0
43797,1
11102,0
42077,1
54947,1
53393,1
33233,1
306,0
39609,1
51809,1
92,0
290,0
22480,0
46490,1
56555,1
22356,0
19358,0
39974,1
20580,0
25287,0
23280,0
15839,0
16356,0
12559,0
18534,0
973,0
22705,0
47336,1
38980,1
56016,1
54125,1
12784,0
24250,0
55167,1
22667,0
28077,0
16416,0
51533,1
21740,0
14448,0
31308,1
48598,1
22020,0
56299,1
24854,0
11585,0
50213,1
55867,1
36683,1
9448,0
12250,0
51269,1
4290,0
34499,1
22124,0
48263,1
55839,1
10240,0
4619,0
50102,1
51386,1
23763,0
6839,0
41264,1
21814,0
48504,1
53061,1
23156,0
31797,1
1843,0
3894,0
14758,0
17381,0
35302,1
18552,0
50908,1
47396,1
42879,1
13524,0
1029,0
52492,1
15262,0
53093,1
41906,1
40215,1
11963,0
19560,0
53511,1
19017,0
24330,0
35100,1
33996,1
34692,1
50302,1
44985,1
40392,1
1356,0
34312,1
20077,0
310,0
39240,1
37146,1
54138,1
46822,1
22860,0
50775,1
25346,0
57997,1
56888,1
2860,0
56584,1
17843,0
40751,1
50590,1
46617,1
52551,1
34086,1
18530,0
20210,0
20725,0
11946,0
5459,0
33344,1
38985,1
33091,1
7721,0
31080,1
16501,0
31163,1
47773,1
32297,1
37254,1
24437,0
26337,0
58066,1
43699,1
9703,0
13702,0
33846,1
2624,0
8069,0
23557,0
24181,0
54261,1
10011,0
23404,0
29972,1
28916,0
46366,1
41422,1
15326,0
54655,1
22778,0
9892,0
22661,0
22029,0
13648,0
9149,0
26784,0
17193,0
3594,0
39145,1
55230,1
52834,1
28501,0
16650,0
19939,0
40526,1
49367,1
43938,1
44750,1
40618,1
24355,0
22444,0
3677,0
42402,1
21344,0
7466,0
22088,0
39148,1
46506,1
58399,1
55451,1
14329,0
32858,1
29985,1
5857,0
16842,0
34937,1
50787,1
52021,1
57572,1
7797,0
19926,0
26593,0
28683,0
49599,1
56085,1
43845,1
33651,1
39699,1
36220,1
52691,1
45683,1
49446,1
20019,0
39410,1
12755,0
36114,1
15695,0
15086,0
23587,0
57047,1
57776,1
9723,0
11974,0
53491,1
49032,1
44681,1
14242,0
41194,1
37931,1
48039,1
31810,1
28305,0
52674,1
20032,0
24899,0
20935,0
37400,1
214,0
46255,1
7728,0
48788,1
33739,1
31265,1
50930,1
13656,0
38143,1
21524,0
57952,1
17690,0
1020,0
45992,1
53118,1
23560,0
10144,0
39708,1
50592,1
4256,0
11466,0
25186,0
5610,0
25787,0
58044,1
39455,1
24396,0
45052,1
2323,0
2269,0
53867,1
37106,1
49828,1
15302,0
9132,0
43328,1
40701,1
27771,0
12156,0
42752,1
12826,0
18323,0
43623,1
17766,0
2990,0
26890,0
16497,0
11499,0
50829,1
35392,1
6649,0
52612,1
20062,0
31547,1
12621,0
2805,0
20043,0
44147,1
3386,0
10316,0
34283,1
53249,1
9119,0
16341,0
58032,1
517,0
40289,1
39439,1
48805,1
45845,1
30183,1
14065,0
30269,1
4722,0
2338,0
42337,1
18783,0
1463,0
44135,1
27815,0
21448,0
24379,0
56110,1
57589,1
19400,0
48433,1
42268,1
23767,0
54489,1
13135,0
42194,1
2919,0
35310,1
53712,1
52789,1
20990,0
54914,1
44302,1
54422,1
54123,1
46752,1
42876,1
44067,1
10067,0
26459,0
26693,0
11490,0
47315,1
43877,1
8913,0
8980,0
15618,0
2423,0
35144,1
23593,0
10833,0
20709,0
6078,0
46550,1
13781,0
33505,1
35838,1
54903,1
35856,1
33011,1
49369,1
1483,0
28808,0
4681,0
9950,0
6967,0
7420,0
8250,0
24877,0
17002,0
36221,1
3982,0
34254,1
20539,0
6014,0
34155,1
42835,1
40176,1
45858,1
45084,1
58121,1
55636,1
16417,0
11791,0
57976,1
12038,0
37020,1
563,0
20333,0
23883,0
52830,1
23223,0
41613,1
9928,0
14744,0
17797,0
43033,1
36048,1
42963,1
39793,1
1976,0
3811,0
50589,1
36861,1
44966,1
29639,1
46351,1
12587,0
39178,1
44159,1
1223,0
22330,0
11139,0
44835,1
25816,0
47086,1
34537,1
20236,0
13681,0
30482,1
47498,1
28101,0
42455,1
91,0
40340,1
28657,0
24391,0
22783,0
45386,1
45143,1
6620,0
14739,0
14936,0
2791,0
27246,0
28051,0
31162,1
25791,0
1634,0
25238,0
11450,0
23241,0
5965,0
23237,0
13906,0
5098,0
49536,1
30056,1
44345,1
20462,0
48693,1
7169,0
23454,0
13334,0
25692,0
7354,0
49226,1
48222,1
27443,0
58259,1
36503,1
23354,0
46254,1
39271,1
2771,0
5492,0
40934,1
13278,0
43158,1
37421,1
17067,0
56209,1
27579,0
42067,1
28690,0
44223,1
12028,0
24652,0
36903,1
37676,1
24778,0
2057,0
53567,1
20070,0
33188,1
224,0
32934,1
41370,1
33577,1
713,0
3365,0
55830,1
6615,0
41974,1
43902,1
13487,0
41442,1
34210,1
20736,0
35296,1
52628,1
20006,0
28754,0
1564,0
29623,1
20906,0
41994,1
47353,1
29600,1
37609,1
47444,1
39530,1
7486,0
47920,1
55695,1
46437,1
43723,1
11262,0
15324,0
42737,1
28909,0
2548,0
355,0
7116,0
10850,0
37764,1
54155,1
51473,1
44569,1
6635,0
111,0
12442,0
19237,0
51644,1
8473,0
30945,1
19519,0
1876,0
18089,0
14905,0
33275,1
35659,1
19927,0
11379,0
32691,1
21454,0
32261,1
5792,0
50744,1
54435,1
24246,0
17792,0
19354,0
58118,1
29590,1
503,0
33982,1
57736,1
41745,1
52527,1
21613,0
56008,1
40444,1
39255,1
20853,0
42693,1
44500,1
4348,0
34645,1
27755,0
4674,0
52476,1
44490,1
53387,1
7888,0
2000,0
28863,0
31252,1
25714,0
12335,0
17943,0
8157,0
39626,1
48527,1
16332,0
15680,0
34183,1
16243,0
34530,1
2798,0
1786,0
37747,1
20115,0
40321,1
21220,0
44271,1
33915,1
39478,1
52735,1
7581,0
4906,0
46314,1
38522,1
15915,0
57901,1
28943,0
1113,0
56309,1
11052,0
4449,0
27779,0
18933,0
42767,1
33182,1
39253,1
38668,1
10420,0
36390,1
7556,0
21821,0
57634,1
35481,1
49694,1
29404,1
46774,1
8048,0
6365,0
21463,0
993,0
42874,1
10522,0
38814,1
42391,1
2615,0
40847,1
28368,0
31977,1
16195,0
14912,0
56766,1
35243,1
52699,1
14170,0
8746,0
5350,0
21881,0
35690,1
38744,1
57112,1
35940,1
22076,0
19245,0
2583,0
31411,1
40800,1
33418,1
2138,0
36011,1
6022,0
13971,0
37357,1
98,0
51038,1
10852,0
41133,1
37105,1
21322,0
16802,0
52694,1
13356,0
34904,1
42487,1
31047,1
19099,0
43141,1
40822,1
21867,0
47719,1
38098,1
12290,0
10895,0
47130,1
22365,0
50110,1
6779,0
20938,0
16304,0
32606,1
42827,1
37186,1
2756,0
41617,1
29226,0
3886,0
47854,1
38170,1
53452,1
32642,1
6268,0
12081,0
49069,1
40419,1
28194,0
25570,0
52864,1
46877,1
34909,1
4534,0
38247,1
25557,0
40239,1
4838,0
24631,0
7707,0
47934,1
57262,1
51336,1
36662,1
8829,0
22487,0
7073,0
20718,0
41828,1
49419,1
10407,0
30687,1
54965,1
19401,0
18010,0
1332,0
44154,1
41855,1
21728,0
14157,0
38725,1
26692,0
20757,0
14865,0
39451,1
6713,0
56963,1
27963,0
43315,1
55487,1
19411,0
39133,1
56648,1
47174,1
42356,1
58473,1
42095,1
15142,0
37049,1
1186,0
20983,0
53239,1
524,0
20133,0
38564,1
21955,0
30905,1
41948,1
19205,0
17390,0
19599,0
21067,0
6217,0
52713,1
14722,0
19336,0
55277,1
34263,1
723,0
23373,0
56399,1
252,0
58530,1
49523,1
17769,0
16190,0
19514,0
13376,0
56486,1
46693,1
40828,1
8146,0
43392,1
57987,1
44201,1
21365,0
46532,1
54751,1
18192,0
26645,0
15734,0
53498,1
11921,0
27980,0
29331,1
41091,1
30421,1
50259,1
31450,1
46018,1
24673,0
8692,0
58543,1
5501,0
21567,0
36565,1
37024,1
11098,0
41390,1
26519,0
14455,0
3097,0
32979,1
54040,1
38932,1
34455,1
34869,1
30770,1
13315,0
35388,1
31719,1
33554,1
49322,1
14874,0
52159,1
40023,1
27,0
7877,0
16329,0
15637,0
879,0
22577,0
30824,1
40868,1
10391,0
12114,0
40276,1
35282,1
29891,1
20995,0
31660,1
32459,1
13453,0
47162,1
31774,1
16557,0
324,0
13758,0
17039,0
54841,1
22326,0
26559,0
51906,1
47518,1
57767,1
53263,1
26774,0
38749,1
44305,1
31046,1
11220,0
24195,0
40100,1
53209,1
38839,1
28939,0
10577,0
8183,0
51523,1
32089,1
45471,1
50451,1
4862,0
38095,1
45303,1
7913,0
132,0
19938,0
49729,1
33409,1
18426,0
56920,1
33914,1
56857,1
31065,1
23626,0
1385,0
53476,1
30570,1
24131,0
6571,0
52895,1
48331,1
17802,0
16968,0
57551,1
27733,0
43145,1
429,0
3984,0
9614,0
44654,1
29087,0
50324,1
8204,0
26436,0
15453,0
20493,0
6245,0
41656,1
15630,0
2915,0
56168,1
8774,0
58163,1
4453,0
35360,1
9624,0
38540,1
6125,0
54490,1
13100,0
44089,1
20950,0
57579,1
42078,1
6192,0
32499,1
14393,0
23533,0
4520,0
56242,1
12670,0
36882,1
29768,1
26905,0
7945,0
9220,0
37837,1
55107,1
52791,1
30225,1
763,0
26772,0
9910,0
24924,0
23957,0
27263,0
11668,0
29710,1
38296,1
6214,0
39656,1
53901,1
25343,0
32215,1
37981,1
46783,1
41859,1
1498,0
4691,0
38896,1
58524,1
33449,1
49581,1
45631,1
9906,0
44374,1
44545,1
5829,0
32159,1
41714,1
28849,0
42330,1
44856,1
18610,0
13347,0
17990,0
1979,0
6904,0
22404,0
51301,1
32534,1
17109,0
44987,1
24106,0
49160,1
51306,1
48318,1
38904,1
14547,0
4186,0
26663,0
30163,1
27104,0
6363,0
51987,1
50945,1
5811,0
7280,0
20247,0
44915,1
53711,1
11626,0
13416,0
22037,0
15594,0
17760,0
1926,0
20226,0
44347,1
55713,1
12181,0
52583,1
47014,1
36316,1
17427,0
47030,1
13471,0
30816,1
19163,0
42253,1
42684,1
49163,1
49202,1
40973,1
47001,1
57802,1
16144,0
55116,1
40051,1
9704,0
31777,1
52200,1
21126,0
47718,1
43595,1
45327,1
20793,0
5886,0
49582,1
33473,1
24836,0
22205,0
19025,0
48843,1
15272,0
29202,0
7329,0
44575,1
9394,0
49908,1
54447,1
55017,1
57635,1
19932,0
18061,0
10435,0
32551,1
48215,1
44905,1
50230,1
388,0
45807,1
25801,0
48271,1
46082,1
22079,0
27489,0
26547,0
7262,0
3038,0
23704,0
28644,0
6278,0
13104,0
19376,0
13359,0
2081,0
14704,0
10856,0
50056,1
7040,0
28789,0
21273,0
38813,1
14595,0
37814,1
8390,0
24998,0
47767,1
49761,1
27594,0
10193,0
29697,1
45134,1
32478,1
14917,0
40590,1
19367,0
52669,1
46721,1
44912,1
11518,0
25949,0
53861,1
14131,0
48164,1
8139,0
58037,1
23684,0
14085,0
16778,0
53396,1
9570,0
47468,1
8768,0
55132,1
4031,0
25601,0
44685,1
56330,1
32541,1
29763,1
58418,1
17279,0
15351,0
32122,1
56607,1
19802,0
28406,0
4159,0
18377,0
35896,1
24543,0
36171,1
49911,1
56153,1
18374,0
11761,0
45727,1
12876,0
50502,1
19083,0
17269,0
27972,0
46278,1
39997,1
54281,1
54033,1
8740,0
26086,0
32854,1
13129,0
14342,0
33347,1
24745,0
4416,0
14081,0
49217,1
32180,1
52311,1
911,0
17623,0
31025,1
58212,1
39017,1
37225,1
32958,1
57852,1
33531,1
24696,0
6804,0
18685,0
35848,1
625,0
28705,0
21920,0
33395,1
54031,1
44465,1
45167,1
24004,0
22792,0
29068,0
16883,0
42625,1
5421,0
54112,1
23582,0
41850,1
1210,0
21207,0
8506,0
35731,1
6646,0
22372,0
311,0
12691,0
53299,1
9894,0
28623,0
17981,0
27703,0
33686,1
32683,1
2459,0
40037,1
32512,1
55859,1
23974,0
1044,0
5511,0
23239,0
19682,0
54411,1
14604,0
5513,0
58408,1
3477,0
3871,0
8600,0
32993,1
41136,1
41795,1
32167,1
41806,1
31098,1
47937,1
43682,1
57130,1
30663,1
43335,1
8479,0
2938,0
27588,0
40245,1
11997,0
28432,0
18076,0
24785,0
11766,0
28183,0
43927,1
12110,0
3150,0
36622,1
27005,0
6036,0
43416,1
26316,0
53200,1
48352,1
31387,1
13996,0
41030,1
50532,1
37180,1
51599,1
56181,1
50317,1
46181,1
40151,1
9932,0
44077,1
52867,1
49961,1
523,0
24702,0
8298,0
42590,1
55320,1
22646,0
4992,0
31619,1
19274,0
54576,1
53206,1
5067,0
37833,1
8750,0
33855,1
33720,1
7623,0
46760,1
41673,1
5479,0
54919,1
27011,0
47161,1
50777,1
28587,0
13217,0
53657,1
24139,0
28125,0
21926,0
48365,1
35909,1
37404,1
27060,0
37786,1
6112,0
47552,1
43721,1
11596,0
27628,0
4194,0
46590,1
9698,0
42515,1
28265,0
27068,0
52972,1
11109,0
11571,0
35383,1
3875,0
47354,1
14521,0
33602,1
41111,1
1870,0
14108,0
4316,0
15185,0
37433,1
43281,1
49101,1
14677,0
51389,1
42581,1
11500,0
33430,1
48036,1
16814,0
58589,1
30924,1
29655,1
26621,0
10120,0
16950,0
24308,0
10628,0
51071,1
7211,0
39304,1
10119,0
32287,1
15307,0
26401,0
29764,1
29161,0
23633,0
28445,0
52509,1
50907,1
35452,1
7376,0
41349,1
58281,1
29718,1
17556,0
31285,1
48643,1
37351,1
268,0
1961,0
48475,1
23069,0
9646,0
3768,0
27483,0
26453,0
9163,0
8797,0
9770,0
20526,0
26991,0
19447,0
5383,0
24744,0
10139,0
19283,0
6255,0
50297,1
1731,0
40514,1
13834,0
22264,0
46507,1
42910,1
56752,1
14468,0
21674,0
21546,0
12563,0
48573,1
42179,1
36477,1
30099,1
39061,1
40263,1
9581,0
11484,0
18157,0
51725,1
102,0
37420,1
11326,0
36151,1
35510,1
34893,1
16429,0
3577,0
15436,0
1767,0
20520,0
53951,1
49479,1
14796,0
42129,1
20037,0
47470,1
28551,0
29060,0
29721,1
14735,0
22561,0
30859,1
15118,0
26974,0
26672,0
8218,0
45159,1
38311,1
31210,1
38148,1
42580,1
4245,0
47178,1
48867,1
24955,0
16156,0
49916,1
52755,1
42274,1
4424,0
24988,0
7791,0
15634,0
11980,0
19134,0
7934,0
8000,0
37472,1
48966,1
38552,1
47874,1
1957,0
29014,0
45476,1
37179,1
4936,0
131,0
49857,1
52660,1
20207,0
29148,0
39233,1
11549,0
21308,0
36446,1
5384,0
46669,1
4541,0
14274,0
2533,0
13766,0
55184,1
35214,1
47924,1
1148,0
35714,1
1951,0
32788,1
58219,1
23655,0
8893,0
13915,0
35183,1
19585,0
1853,0
34985,1
6118,0
19182,0
47564,1
10455,0
42635,1
50823,1
55248,1
4516,0
39716,1
36212,1
11736,0
4209,0
2400,0
22776,0
56411,1
13480,0
37188,1
11813,0
40748,1
34421,1
42858,1
39502,1
45886,1
41249,1
54342,1
22717,0
57236,1
49552,1
46604,1
39194,1
33526,1
40927,1
55583,1
16936,0
44319,1
33012,1
6132,0
13587,0
36006,1
9960,0
27678,0
36292,1
57894,1
270,0
930,0
36086,1
19485,0
23946,0
4382,0
56177,1
56723,1
45207,1
16668,0
53448,1
35238,1
52214,1
43528,1
15749,0
24479,0
48934,1
22813,0
31940,1
9548,0
21779,0
12499,0
54733,1
4118,0
53184,1
25341,0
4015,0
54740,1
53880,1
19135,0
36242,1
47080,1
35566,1
22053,0
54412,1
35935,1
21002,0
54440,1
31938,1
1191,0
946,0
49368,1
13427,0
30979,1
42492,1
54058,1
57788,1
52812,1
36376,1
418,0
20893,0
41441,1
34986,1
51396,1
28383,0
58417,1
52119,1
8316,0
32593,1
21376,0
51465,1
1847,0
28853,0
35818,1
55200,1
47329,1
13662,0
35454,1
49574,1
57306,1
35331,1
53123,1
49002,1
14093,0
29546,1
36717,1
46103,1
2614,0
41012,1
57989,1
40265,1
15809,0
37333,1
26587,0
10908,0
53987,1
3831,0
4991,0
56969,1
54404,1
7102,0
37384,1
16745,0
38486,1
14429,0
19011,0
29461,1
37500,1
32112,1
47010,1
12822,0
39510,1
41899,1
38259,1
31058,1
14145,0
22286,0
37266,1
3237,0
16319,0
43299,1
18963,0
11472,0
36754,1
45624,1
16601,0
22674,0
10062,0
2211,0
30142,1
22441,0
40763,1
50018,1
47590,1
6459,0
19050,0
41364,1
50337,1
25345,0
19267,0
44667,1
6547,0
12646,0
13841,0
14685,0
5947,0
5005,0
37913,1
16134,0
27876,0
24075,0
51414,1
35171,1
21798,0
55333,1
35368,1
39353,1
48554,1
57097,1
45987,1
2369,0
42801,1
55102,1
12753,0
46684,1
40472,1
12235,0
47687,1
40015,1
47188,1
11747,0
21441,0
7388,0
9792,0
28502,0
57286,1
10629,0
40678,1
29719,1
29953,1
41867,1
14918,0
1290,0
27556,0
40248,1
27451,0
36436,1
25754,0
55531,1
51130,1
17919,0
5489,0
53741,1
3673,0
20921,0
46233,1
32881,1
37347,1
57491,1
9240,0
56492,1
31270,1
28625,0
55068,1
32466,1
19966,0
36472,1
11758,0
10553,0
14253,0
22951,0
39261,1
34058,1
49273,1
27822,0
48614,1
56830,1
38544,1
12902,0
57106,1
27459,0
40966,1
14782,0
23628,0
12443,0
52868,1
15750,0
32753,1
42049,1
25840,0
53057,1
52466,1
3980,0
11988,0
2371,0
45213,1
25677,0
17242,0
47224,1
57076,1
13209,0
53324,1
1086,0
7488,0
32966,1
38973,1
41238,1
35181,1
24823,0
42014,1
58568,1
1036,0
15205,0
3036,0
34638,1
43343,1
1780,0
17673,0
32353,1
14035,0
34534,1
46047,1
16108,0
10241,0
57385,1
12252,0
29641,1
50401,1
57326,1
9123,0
55260,1
24454,0
57212,1
57301,1
9251,0
45211,1
43513,1
4575,0
31640,1
22457,0
7627,0
41934,1
55332,1
57281,1
50501,1
29422,1
55435,1
26902,0
37072,1
5627,0
1514,0
12515,0
18291,0
13624,0
36575,1
18526,0
27110,0
1877,0
48274,1
36282,1
13882,0
15987,0
21612,0
31617,1
4980,0
44757,1
15487,0
45201,1
20981,0
41597,1
37957,1
42905,1
15161,0
55907,1
54661,1
11847,0
33134,1
34471,1
11115,0
608,0
31579,1
45506,1
50444,1
2089,0
45083,1
49966,1
33376,1
8604,0
44499,1
22374,0
9812,0
58204,1
50910,1
38341,1
23851,0
51095,1
20398,0
47680,1
52871,1
1457,0
49197,1
47192,1
47962,1
32528,1
52703,1
2296,0
32510,1
48872,1
50991,1
9502,0
18719,0
18911,0
36761,1
17834,0
24132,0
334,0
57638,1
28480,0
6828,0
4258,0
21731,0
49805,1
16930,0
33484,1
26715,0
44756,1
733,0
20986,0
5996,0
14701,0
41872,1
38441,1
26872,0
10414,0
46608,1
409,0
55914,1
32657,1
58168,1
36343,1
48237,1
14316,0
55271,1
54583,1
51884,1
30920,1
22488,0
52172,1
11114,0
47851,1
45472,1
28767,0
28043,0
1470,0
16459,0
40957,1
12410,0
7830,0
607,0
50184,1
44457,1
56053,1
25067,0
17853,0
31756,1
41739,1
43803,1
42440,1
4726,0
19462,0
32394,1
9376,0
40135,1
43310,1
26271,0
30639,1
18150,0
27278,0
37701,1
51645,1
53890,1
32986,1
33818,1
26126,0
15144,0
39224,1
19866,0
18064,0
10949,0
30245,1
19161,0
3084,0
28093,0
32004,1
2240,0
18657,0
3057,0
57329,1
1276,0
6926,0
21428,0
18373,0
6780,0
47496,1
42645,1
1458,0
15143,0
31879,1
42795,1
18467,0
35298,1
31988,1
52116,1
16236,0
24619,0
4238,0
56452,1
25242,0
52229,1
45330,1
30467,1
35172,1
18332,0
56651,1
36247,1
37883,1
20781,0
40060,1
32871,1
47207,1
37827,1
32517,1
48511,1
54630,1
53963,1
55640,1
46860,1
41323,1
58165,1
19355,0
10051,0
39373,1
38653,1
38414,1
12292,0
2432,0
28700,0
30689,1
28189,0
28809,0
57304,1
976,0
18220,0
39206,1
48032,1
21101,0
22969,0
50668,1
46687,1
48071,1
24757,0
19529,0
1454,0
41129,1
48316,1
12678,0
33193,1
11893,0
44945,1
46606,1
51683,1
39444,1
4365,0
3666,0
27153,0
26364,0
1037,0
959,0
50105,1
43827,1
47859,1
57441,1
12341,0
57538,1
12690,0
26759,0
55925,1
17367,0
30806,1
51357,1
58081,1
43312,1
28777,0
49386,1
14420,0
47393,1
30373,1
37999,1
52233,1
55294,1
5572,0
29830,1
26753,0
44122,1
14687,0
14230,0
3491,0
10252,0
27747,0
42869,1
13525,0
37699,1
9747,0
37589,1
6329,0
4560,0
13094,0
39468,1
7599,0
51704,1
55931,1
9233,0
12906,0
15741,0
9783,0
16441,0
34639,1
11522,0
20925,0
33851,1
31429,1
31667,1
56108,1
37619,1
4049,0
2322,0
457,0
32398,1
5018,0
38252,1
29281,0
47567,1
46329,1
11353,0
18288,0
38954,1
57817,1
44443,1
1732,0
13967,0
29405,1
42950,1
14893,0
23636,0
52689,1
3914,0
33903,1
25317,0
11392,0
33640,1
8568,0
38606,1
55344,1
9930,0
57740,1
13557,0
29292,0
3017,0
54823,1
40657,1
37729,1
50205,1
26472,0
41336,1
8558,0
50030,1
12986,0
38850,1
13360,0
43999,1
46694,1
20284,0
13655,0
51918,1
37741,1
30216,1
55449,1
25423,0
45872,1
56429,1
24197,0
6944,0
11050,0
14378,0
23961,0
29143,0
22143,0
43231,1
19817,0
1928,0
33033,1
44321,1
12190,0
28361,0
1890,0
27893,0
58157,1
48348,1
48094,1
29467,1
38286,1
18120,0
17745,0
35190,1
1189,0
32308,1
21060,0
30044,1
18481,0
7590,0
23914,0
24632,0
32108,1
6159,0
43394,1
13840,0
56953,1
17054,0
26714,0
47107,1
54314,1
38873,1
47241,1
83,0
44344,1
2062,0
47593,1
7630,0
3598,0
18363,0
13430,0
37566,1
39745,1
24014,0
40485,1
25018,0
6935,0
38080,1
43003,1
58324,1
25968,0
20951,0
45964,1
26133,0
2155,0
7938,0
12709,0
4552,0
41188,1
5682,0
45765,1
470,0
41719,1
2504,0
434,0
50042,1
4185,0
22709,0
23549,0
31187,1
47343,1
40971,1
52908,1
11831,0
42388,1
39811,1
28347,0
22416,0
57276,1
22396,0
21026,0
18123,0
22466,0
8067,0
14462,0
23837,0
31564,1
20249,0
42445,1
5899,0
31202,1
37876,1
35268,1
49847,1
38329,1
22328,0
30177,1
58086,1
35923,1
11688,0
27370,0
43021,1
25210,0
7408,0
22862,0
6817,0
43661,1
427,0
49605,1
12599,0
24636,0
46512,1
12729,0
2462,0
14831,0
40426,1
47228,1
8650,0
35379,1
27648,0
50800,1
8864,0
7366,0
56836,1
10038,0
45705,1
15962,0
13311,0
52847,1
27514,0
25627,0
23546,0
54350,1
34321,1
27741,0
38183,1
20087,0
9995,0
21661,0
54961,1
15817,0
55711,1
27698,0
4888,0
50561,1
31601,1
55652,1
36173,1
51873,1
51623,1
18522,0
7060,0
24834,0
51878,1
44000,1
25081,0
27413,0
43667,1
34414,1
18457,0
35328,1
49931,1
44056,1
11241,0
5764,0
56319,1
50249,1
32192,1
37670,1
38427,1
50365,1
25332,0
39608,1
22660,0
47819,1
15284,0
49629,1
16145,0
39944,1
27088,0
13118,0
8867,0
31295,1
56236,1
43894,1
52093,1
433,0
21190,0
2259,0
10974,0
20041,0
57633,1
15806,0
3711,0
51869,1
26398,0
45295,1
29391,1
29362,1
23612,0
27298,0
9670,0
48685,1
37150,1
42430,1
31088,1
22467,0
25056,0
20716,0
28829,0
44502,1
19322,0
30941,1
37979,1
46699,1
49385,1
31960,1
5712,0
53101,1
55337,1
50753,1
54834,1
48725,1
41589,1
1349,0
8527,0
16518,0
14000,0
28190,0
8759,0
6338,0
50307,1
34496,1
27486,0
35315,1
51104,1
32760,1
55238,1
56761,1
35256,1
1344,0
43935,1
2249,0
658,0
50245,1
41245,1
42428,1
41250,1
40557,1
8442,0
6340,0
11230,0
42204,1
56404,1
28874,0
35482,1
52481,1
18929,0
6195,0
2536,0
27396,0
43964,1
16700,0
43129,1
35244,1
21489,0
9772,0
13179,0
7259,0
45302,1
8445,0
46571,1
22533,0
10447,0
7039,0
29801,1
9383,0
13770,0
56193,1
52872,1
42824,1
34135,1
4364,0
3672,0
7949,0
10493,0
7948,0
1366,0
7261,0
22113,0
30980,1
50130,1
51051,1
40194,1
5799,0
22699,0
39833,1
39690,1
45960,1
35274,1
38926,1
14267,0
15610,0
13928,0
58150,1
33576,1
6146,0
29808,1
38409,1
15047,0
37145,1
51684,1
23848,0
684,0
29168,0
45651,1
43384,1
53999,1
10186,0
26666,0
46677,1
25027,0
51442,1
2572,0
32909,1
19439,0
18299,0
28575,0
19175,0
11212,0
4053,0
44246,1
42269,1
51488,1
4913,0
749,0
33069,1
45247,1
10686,0
13741,0
3223,0
58078,1
40214,1
51927,1
16584,0
25540,0
23080,0
53555,1
12525,0
34889,1
21379,0
4686,0
43654,1
27592,0
34009,1
42940,1
55993,1
31063,1
10371,0
55371,1
47944,1
31798,1
33988,1
43160,1
54977,1
32364,1
19551,0
10865,0
50695,1
49233,1
41088,1
22914,0
45078,1
40548,1
53465,1
37539,1
6741,0
50026,1
32051,1
17511,0
25656,0
26649,0
56639,1
29065,0
4152,0
13532,0
3686,0
54292,1
9100,0
55529,1
15040,0
42334,1
58005,1
51766,1
25987,0
49476,1
32723,1
22741,0
2926,0
25705,0
55980,1
29328,1
30244,1
58302,1
45050,1
51271,1
25106,0
53308,1
45290,1
13665,0
14058,0
48921,1
38790,1
25797,0
41930,1
54070,1
32233,1
23158,0
37319,1
181,0
33215,1
25466,0
15213,0
37860,1
16737,0
12276,0
55048,1
32059,1
22065,0
19293,0
29909,1
16493,0
6267,0
32080,1
30858,1
184,0
26438,0
31224,1
7356,0
47507,1
21084,0
50702,1
15329,0
33191,1
40537,1
43337,1
2003,0
9430,0
15656,0
18927,0
16568,0
5092,0
25295,0
39934,1
16116,0
43924,1
52754,1
14461,0
6708,0
10143,0
38863,1
54790,1
13769,0
34682,1
43380,1
21134,0
29147,0
44658,1
27117,0
49436,1
48307,1
30577,1
30384,1
23357,0
3996,0
9445,0
18083,0
10933,0
8169,0
53135,1
1553,0
22525,0
20945,0
25631,0
1694,0
14829,0
28818,0
18549,0
53224,1
4201,0
27097,0
17061,0
31594,1
39391,1
53287,1
19594,0
5915,0
2379,0
57683,1
13008,0
56930,1
20769,0
57447,1
24337,0
33054,1
1610,0
7826,0
20887,0
7358,0
20368,0
1924,0
41498,1
56955,1
26748,0
20667,0
37396,1
52517,1
8869,0
53698,1
16095,0
9488,0
43455,1
17041,0
47589,1
25093,0
17306,0
56417,1
44029,1
46195,1
22747,0
5548,0
46445,1
8756,0
46334,1
1952,0
36707,1
39905,1
56573,1
23683,0
31218,1
23862,0
33236,1
13664,0
46598,1
45137,1
1249,0
28910,0
30971,1
3925,0
30665,1
21924,0
22120,0
41573,1
14729,0
26391,0
55595,1
49594,1
35893,1
36506,1
22455,0
154,0
23887,0
20845,0
18646,0
24969,0
31390,1
12791,0
9159,0
25884,0
1497,0
45821,1
20250,0
33633,1
37870,1
4789,0
1467,0
32783,1
40020,1
48632,1
36222,1
50344,1
37777,1
298,0
50071,1
58004,1
43589,1
28303,0
18212,0
2228,0
38302,1
55580,1
3130,0
47035,1
44807,1
34169,1
51933,1
17730,0
6867,0
4488,0
18699,0
14913,0
42605,1
21214,0
15607,0
55920,1
9979,0
6447,0
22413,0
24292,0
7528,0
30366,1
45489,1
32625,1
8020,0
56335,1
13462,0
14294,0
16586,0
28523,0
24252,0
9082,0
58105,1
5527,0
39525,1
53537,1
1411,0
1476,0
36147,1
45043,1
41970,1
15724,0
7765,0
30246,1
46229,1
33573,1
37959,1
13257,0
19379,0
21539,0
55926,1
57744,1
36606,1
3572,0
23680,0
51154,1
54293,1
31241,1
20640,0
11953,0
35917,1
8056,0
12283,0
37944,1
19881,0
53599,1
7680,0
42681,1
49940,1
16628,0
55366,1
57796,1
55858,1
27519,0
12552,0
28288,0
55648,1
22943,0
29003,0
41616,1
50820,1
17024,0
24019,0
16957,0
41419,1
53085,1
7583,0
13672,0
54522,1
28151,0
18484,0
57506,1
23868,0
9286,0
38818,1
29280,0
23819,0
3601,0
2004,0
21734,0
46920,1
46370,1
45939,1
14694,0
8498,0
53962,1
4326,0
33400,1
47276,1
38517,1
42537,1
2035,0
11830,0
38010,1
34332,1
17554,0
32366,1
23313,0
13106,0
10719,0
48585,1
2569,0
40056,1
3662,0
37825,1
43078,1
7228,0
23178,0
43252,1
28624,0
6347,0
45544,1
263,0
55176,1
1462,0
50458,1
4641,0
49513,1
53763,1
33994,1
20328,0
13492,0
30362,1
51121,1
3715,0
32476,1
1185,0
25947,0
48265,1
13293,0
15693,0
54557,1
21497,0
22017,0
21353,0
35894,1
25902,0
58336,1
9997,0
52642,1
38326,1
32481,1
15526,0
23065,0
47237,1
7264,0
50312,1
17494,0
53833,1
48004,1
538,0
11891,0
19498,0
35473,1
35098,1
56045,1
31153,1
36699,1
56533,1
17609,0
57273,1
18870,0
41085,1
17126,0
25455,0
30641,1
850,0
50726,1
51741,1
15122,0
56502,1
34613,1
22654,0
32321,1
15900,0
48266,1
23867,0
47293,1
48059,1
50385,1
15011,0
24930,0
56481,1
15911,0
16340,0
23778,0
22479,0
341,0
9421,0
13130,0
22317,0
26273,0
22754,0
44646,1
6007,0
34036,1
54464,1
27574,0
50214,1
57182,1
52248,1
42262,1
38355,1
27467,0
3992,0
34335,1
15868,0
27775,0
19263,0
26757,0
45767,1
4801,0
5841,0
15001,0
42021,1
4527,0
10191,0
17136,0
799,0
57543,1
30618,1
51426,1
3047,0
18294,0
12885,0
23839,0
51056,1
12489,0
20461,0
58306,1
20933,0
34988,1
24155,0
50063,1
37585,1
16097,0
39969,1
6803,0
31416,1
20014,0
12827,0
49304,1
55872,1
45378,1
26243,0
33446,1
44455,1
32664,1
41161,1
1133,0
54215,1
35658,1
41310,1
51719,1
19987,0
8704,0
11019,0
14431,0
24520,0
46646,1
58350,1
15252,0
32473,1
28703,0
16114,0
28963,0
49958,1
20222,0
5059,0
7317,0
46817,1
55113,1
23585,0
5635,0
18887,0
14856,0
10575,0
55118,1
44775,1
4154,0
1420,0
47247,1
9477,0
41512,1
15211,0
52287,1
23077,0
17953,0
5035,0
9955,0
34826,1
20715,0
47384,1
4203,0
46642,1
38656,1
32653,1
52352,1
34096,1
14377,0
50954,1
41502,1
12836,0
49751,1
18696,0
39628,1
38217,1
25659,0
57831,1
113,0
10471,0
15793,0
34746,1
11560,0
58315,1
45915,1
4716,0
10631,0
58303,1
55924,1
21610,0
49195,1
31978,1
36507,1
21367,0
57903,1
40484,1
22560,0
24154,0
33960,1
57437,1
9226,0
45218,1
34979,1
5667,0
24506,0
21359,0
39667,1
32138,1
18130,0
18248,0
29116,0
1701,0
47289,1
17584,0
19291,0
32040,1
3307,0
47097,1
54649,1
44962,1
13461,0
26101,0
5616,0
38733,1
50053,1
16808,0
11273,0
55757,1
19641,0
41922,1
41505,1
20989,0
37313,1
51416,1
44278,1
14014,0
17700,0
23540,0
11356,0
4973,0
16296,0
28921,0
28202,0
8586,0
58034,1
34257,1
45779,1
47094,1
8904,0
13499,0
54001,1
33285,1
24580,0
48968,1
49276,1
50309,1
55179,1
48374,1
20330,0
44415,1
45762,1
28997,0
33897,1
7914,0
6016,0
26121,0
8644,0
23869,0
26638,0
35959,1
46174,1
53024,1
21177,0
24592,0
40597,1
26994,0
36847,1
5746,0
13015,0
45267,1
11706,0
12714,0
41574,1
10131,0
106,0
22389,0
17644,0
20046,0
33852,1
22733,0
33124,1
16785,0
56165,1
12281,0
13163,0
31000,1
40189,1
28794,0
20844,0
5222,0
50146,1
26733,0
16427,0
15190,0
5269,0
34199,1
6232,0
16067,0
28044,0
48767,1
35671,1
23617,0
22358,0
15497,0
36676,1
23379,0
57336,1
25762,0
12627,0
41480,1
10867,0
37267,1
544,0
23774,0
32188,1
25417,0
39200,1
52437,1
10351,0
49067,1
19215,0
32694,1
38894,1
37595,1
58255,1
27338,0
4032,0
31855,1
233,0
56363,1
58347,1
40175,1
5828,0
39790,1
18175,0
30330,1
32424,1
19798,0
54265,1
26535,0
5863,0
16069,0
57260,1
20856,0
12352,0
56106,1
27087,0
36089,1
26932,0
20770,0
32567,1
8126,0
27513,0
29593,1
36770,1
7279,0
12654,0
45877,1
41809,1
43441,1
22719,0
40367,1
221,0
43597,1
25859,0
45790,1
15744,0
31673,1
5831,0
10947,0
20344,0
43478,1
52771,1
15834,0
56038,1
1418,0
4055,0
16315,0
35604,1
49146,1
26923,0
57912,1
55243,1
20442,0
29929,1
50289,1
23853,0
31746,1
30424,1
55835,1
55983,1
4081,0
10365,0
7931,0
39064,1
32674,1
47069,1
31604,1
56914,1
1521,0
21197,0
57005,1
7644,0
7210,0
15932,0
54929,1
35809,1
12052,0
8868,0
54580,1
5349,0
28272,0
36720,1
18314,0
55486,1
34071,1
13863,0
31697,1
52991,1
25240,0
55140,1
15043,0
25144,0
44823,1
42250,1
725,0
43278,1
12170,0
24069,0
40694,1
12479,0
49938,1
57530,1
35922,1
51844,1
51166,1
52427,1
7109,0
42162,1
7144,0
45809,1
40916,1
58549,1
4456,0
15135,0
58377,1
479,0
34817,1
52224,1
46850,1
30219,1
4477,0
24167,0
55619,1
26182,0
17037,0
47261,1
32290,1
18594,0
32770,1
55474,1
36976,1
44997,1
22129,0
40089,1
20542,0
30688,1
22685,0
51662,1
54809,1
23800,0
36246,1
51285,1
37726,1
10392,0
22842,0
4064,0
44865,1
52781,1
19270,0
53520,1
18572,0
12960,0
27015,0
50346,1
32631,1
19780,0
22123,0
26498,0
10171,0
11406,0
35240,1
52829,1
54008,1
18812,0
8827,0
14460,0
13438,0
17059,0
57552,1
6444,0
31568,1
9153,0
16823,0
14923,0
27838,0
18243,0
5851,0
8099,0
53243,1
18090,0
2518,0
53579,1
1056,0
46819,1
2094,0
41931,1
33196,1
53771,1
34022,1
45442,1
25810,0
1043,0
37383,1
2702,0
32175,1
9399,0
56230,1
36346,1
13262,0
21861,0
25920,0
32126,1
38318,1
58205,1
1804,0
24612,0
895,0
25327,0
37274,1
176,0
7161,0
51578,1
56356,1
3258,0
28929,0
53667,1
18081,0
46765,1
16473,0
18878,0
34872,1
28005,0
52617,1
33416,1
53199,1
50611,1
6028,0
54345,1
47702,1
42753,1
41955,1
26343,0
36702,1
58591,1
51075,1
50473,1
54153,1
56266,1
29269,0
5802,0
18941,0
49112,1
38357,1
1451,0
16287,0
44138,1
52889,1
41662,1
51557,1
23661,0
20841,0
17168,0
33089,1
58266,1
575,0
16868,0
35163,1
11161,0
55089,1
36199,1
40202,1
38531,1
4051,0
1436,0
41097,1
56749,1
50985,1
51671,1
5302,0
50246,1
27327,0
40398,1
3891,0
219,0
46179,1
28052,0
22136,0
27009,0
50487,1
52884,1
38940,1
27416,0
21438,0
14017,0
43442,1
39959,1
8382,0
30606,1
8683,0
37498,1
39973,1
46164,1
39567,1
2644,0
48882,1
9527,0
11021,0
16945,0
39136,1
42760,1
20088,0
56192,1
17629,0
44517,1
50871,1
29975,1
52480,1
11037,0
27001,0
21828,0
28100,0
57150,1
26817,0
37503,1
26524,0
18596,0
19650,0
5118,0
53642,1
30763,1
20246,0
32922,1
26594,0
37082,1
32687,1
11729,0
22592,0
40329,1
19231,0
15065,0
5928,0
11340,0
43333,1
37640,1
43081,1
22859,0
43170,1
51899,1
13302,0
44043,1
7425,0
6621,0
15107,0
34595,1
24700,0
35358,1
603,0
27618,0
24670,0
3125,0
7964,0
41438,1
49645,1
9572,0
22110,0
8223,0
39075,1
19368,0
58021,1
2755,0
40097,1
8544,0
51735,1
30488,1
42012,1
53447,1
35812,1
31592,1
2956,0
21261,0
24198,0
16059,0
9129,0
11377,0
49509,1
4828,0
2905,0
31275,1
48625,1
25531,0
7840,0
51332,1
54670,1
11287,0
654,0
27471,0
20242,0
47249,1
54855,1
6408,0
35573,1
23979,0
53244,1
33452,1
18987,0
54547,1
58254,1
7704,0
4116,0
49785,1
30266,1
32785,1
12952,0
52432,1
51455,1
32156,1
23165,0
43339,1
38087,1
51592,1
5521,0
25528,0
44820,1
57428,1
5794,0
15079,0
17006,0
55782,1
56377,1
42292,1
3511,0
6401,0
36678,1
12440,0
1010,0
789,0
21227,0
57099,1
17994,0
57596,1
25450,0
27791,0
18644,0
48233,1
36,0
49596,1
12134,0
11697,0
23730,0
22034,0
52726,1
36542,1
7722,0
29320,1
22304,0
12086,0
49221,1
20919,0
35575,1
2216,0
39265,1
15455,0
847,0
19028,0
48951,1
9694,0
22707,0
7320,0
36235,1
47457,1
9098,0
9467,0
15660,0
12547,0
16210,0
47423,1
14888,0
9808,0
4182,0
10665,0
7810,0
31533,1
52114,1
38172,1
20813,0
31333,1
13105,0
14713,0
43940,1
378,0
35350,1
14978,0
45598,1
54847,1
33794,1
6205,0
12069,0
17979,0
10352,0
32000,1
32115,1
46780,1
598,0
38134,1
33322,1
52024,1
30786,1
32906,1
45548,1
30487,1
29248,0
3469,0
34118,1
26179,0
932,0
16189,0
39785,1
33729,1
6700,0
42587,1
14580,0
43809,1
13390,0
18957,0
57842,1
28759,0
16603,0
43016,1
14602,0
17776,0
11872,0
36451,1
49579,1
52720,1
9513,0
18617,0
17249,0
54604,1
12128,0
37718,1
47435,1
39578,1
30350,1
41294,1
7289,0
43409,1
15537,0
8615,0
11866,0
27452,0
58103,1
57433,1
50364,1
47131,1
9378,0
41663,1
36824,1
24957,0
13606,0
45121,1
57823,1
8368,0
16963,0
53325,1
27953,0
16045,0
776,0
30279,1
52958,1
43928,1
27296,0
13536,0
51990,1
51937,1
15804,0
22043,0
28109,0
24689,0
11682,0
6824,0
57241,1
40299,1
7594,0
42578,1
42232,1
37389,1
37329,1
21659,0
29779,1
54642,1
23202,0
51717,1
38123,1
1242,0
58169,1
36534,1
24295,0
16024,0
36997,1
46248,1
21697,0
28156,0
47520,1
31283,1
43039,1
54596,1
53949,1
33385,1
24665,0
52348,1
14826,0
8105,0
53541,1
47873,1
50647,1
46267,1
32037,1
53590,1
42056,1
44965,1
33706,1
23391,0
22976,0
7192,0
39830,1
38457,1
37292,1
21560,0
11605,0
55687,1
49129,1
3171,0
35314,1
39284,1
45128,1
50682,1
40260,1
32561,1
17174,0
19158,0
35366,1
45343,1
42270,1
29892,1
14510,0
33884,1
52409,1
5977,0
22245,0
8293,0
38218,1
33509,1
47514,1
18021,0
27720,0
55918,1
45811,1
30436,1
49758,1
10363,0
39184,1
5305,0
19344,0
32462,1
25799,0
8081,0
53331,1
54171,1
21746,0
37665,1
37002,1
6797,0
49065,1
18609,0
8947,0
9559,0
53653,1
10675,0
33471,1
29963,1
39393,1
2431,0
37869,1
32869,1
37522,1
21963,0
32190,1
46871,1
58089,1
6458,0
14063,0
56125,1
29263,0
11502,0
3592,0
10037,0
41042,1
11476,0
24880,0
50395,1
42338,1
3275,0
49245,1
1616,0
20738,0
5113,0
6743,0
54291,1
57862,1
26095,0
11194,0
12882,0
2760,0
44939,1
25689,0
7542,0
44005,1
17697,0
43849,1
4901,0
10264,0
41522,1
30481,1
37929,1
53722,1
34418,1
10210,0
15824,0
44653,1
56593,1
5578,0
15853,0
6918,0
29194,0
56891,1
24710,0
52083,1
8815,0
46067,1
51903,1
42593,1
10579,0
21660,0
28707,0
33929,1
29024,0
38919,1
11249,0
30375,1
16553,0
56637,1
28641,0
38533,1
14250,0
54417,1
10080,0
52993,1
13012,0
7609,0
47676,1
13991,0
52883,1
39421,1
18578,0
31079,1
34202,1
29504,1
23691,0
9147,0
14695,0
55555,1
1515,0
46207,1
45787,1
40834,1
55736,1
1377,0
54683,1
8914,0
51734,1
41437,1
20977,0
18357,0
10061,0
52213,1
8231,0
29803,1
35728,1
17587,0
39509,1
57203,1
43559,1
43946,1
43983,1
1777,0
55227,1
5316,0
7235,0
33434,1
53788,1
11994,0
45458,1
43509,1
3633,0
36131,1
50494,1
37004,1
44901,1
6561,0
50384,1
30586,1
54817,1
45758,1
18503,0
11965,0
35551,1
19841,0
6657,0
12325,0
6584,0
49074,1
28207,0
40195,1
18709,0
41401,1
57063,1
50431,1
41191,1
34157,1
58504,1
35819,1
44163,1
10296,0
8319,0
58073,1
8581,0
39069,1
16574,0
40018,1
26067,0
11825,0
30605,1
52296,1
26620,0
34424,1
9061,0
52956,1
45136,1
7879,0
1034,0
17379,0
31822,1
4292,0
15095,0
20460,0
35430,1
11981,0
14195,0
17034,0
12917,0
4023,0
44350,1
41800,1
31107,1
20535,0
19789,0
774,0
33187,1
50090,1
56154,1
53295,1
11967,0
15709,0
22572,0
18585,0
51840,1
30254,1
4001,0
10788,0
18447,0
24870,0
38460,1
57621,1
5404,0
47745,1
1820,0
21000,0
56950,1
21483,0
12392,0
13957,0
2500,0
36769,1
50454,1
47219,1
12213,0
36363,1
27714,0
24491,0
4924,0
12725,0
16317,0
39526,1
24332,0
23293,0
34945,1
39123,1
35508,1
15362,0
57851,1
46969,1
43199,1
42466,1
21377,0
50409,1
26827,0
3885,0
31472,1
28669,0
25763,0
39499,1
41615,1
42908,1
35591,1
26331,0
36428,1
46059,1
2880,0
32452,1
36192,1
12331,0
53169,1
25751,0
3614,0
25009,0
13024,0
45516,1
3778,0
31835,1
12708,0
14946,0
16870,0
44441,1
31457,1
31431,1
29516,1
58390,1
46199,1
37398,1
49783,1
21597,0
16266,0
31078,1
7036,0
3301,0
9402,0
18797,0
58070,1
35432,1
39614,1
27757,0
6936,0
45224,1
53715,1
21238,0
4356,0
23556,0
43558,1
4787,0
24766,0
33333,1
15250,0
16620,0
24488,0
3211,0
43421,1
58114,1
41253,1
40010,1
12036,0
42166,1
15295,0
10894,0
43701,1
13789,0
18869,0
49285,1
20129,0
2909,0
43341,1
45798,1
30966,1
17430,0
57918,1
5303,0
33372,1
19809,0
39462,1
13389,0
15975,0
6443,0
19375,0
23339,0
56810,1
25973,0
47831,1
31385,1
19357,0
9350,0
36579,1
43776,1
2403,0
51009,1
8663,0
57231,1
24601,0
14875,0
3116,0
51098,1
38206,1
54445,1
34371,1
42599,1
35306,1
35141,1
43122,1
48473,1
26283,0
27029,0
53837,1
45474,1
18345,0
17179,0
27976,0
16942,0
53614,1
17298,0
41853,1
40362,1
47803,1
937,0
17145,0
35592,1
46260,1
7019,0
17651,0
54818,1
58100,1
18278,0
41168,1
3179,0
47517,1
16326,0
3160,0
40128,1
28080,0
5234,0
25727,0
45102,1
6068,0
27805,0
3574,0
15039,0
7769,0
56267,1
47152,1
12457,0
1238,0
4320,0
29624,1
20752,0
3066,0
21460,0
49762,1
33636,1
2174,0
48713,1
22364,0
24474,0
27756,0
55939,1
56140,1
43437,1
57204,1
54196,1
44690,1
21549,0
56425,1
44778,1
31926,1
47201,1
21855,0
54737,1
32244,1
53425,1
24790,0
28556,0
57576,1
32449,1
16367,0
29384,1
54986,1
1346,0
14238,0
34745,1
1964,0
12814,0
23396,0
18325,0
55770,1
43089,1
54128,1
55330,1
36915,1
40570,1
44291,1
10770,0
43058,1
53721,1
38067,1
14712,0
3424,0
1921,0
24166,0
18402,0
11187,0
17580,0
15503,0
12745,0
39964,1
20732,0
5765,0
5717,0
49671,1
15172,0
42171,1
25698,0
34479,1
24128,0
19388,0
17062,0
30071,1
43112,1
20869,0
8971,0
1523,0
16744,0
13590,0
11675,0
28539,0
30739,1
51236,1
32622,1
5196,0
1277,0
25605,0
34965,1
54857,1
53222,1
22087,0
52031,1
56849,1
17538,0
54897,1
9824,0
14986,0
54525,1
52102,1
2746,0
51031,1
20318,0
11696,0
5174,0
7383,0
22590,0
39082,1
43826,1
1799,0
56103,1
29888,1
17057,0
57092,1
43340,1
45358,1
6793,0
25452,0
37279,1
15790,0
11960,0
4392,0
39912,1
55747,1
44982,1
11215,0
10750,0
20391,0
16773,0
44255,1
9659,0
20614,0
54275,1
54701,1
36163,1
49865,1
8896,0
24124,0
57381,1
9862,0
42918,1
34416,1
35024,1
48712,1
20628,0
40804,1
33569,1
35831,1
4684,0
482,0
12961,0
31651,1
22584,0
13028,0
5200,0
40923,1
14544,0
56893,1
10151,0
36270,1
33231,1
48020,1
42872,1
15278,0
57841,1
35457,1
27820,0
32598,1
34320,1
49052,1
34741,1
24044,0
25960,0
15180,0
37339,1
15323,0
19286,0
21872,0
46392,1
43216,1
42106,1
43457,1
1292,0
1766,0
47909,1
20513,0
55728,1
26544,0
9545,0
33306,1
23302,0
15063,0
8937,0
3226,0
3952,0
16274,0
23142,0
32518,1
49291,1
11876,0
11846,0
35822,1
57684,1
48835,1
32680,1
41726,1
53526,1
57280,1
16605,0
25527,0
1413,0
30722,1
33311,1
5953,0
55848,1
9863,0
46036,1
56094,1
40461,1
14483,0
23673,0
25203,0
13271,0
41299,1
5094,0
1825,0
8949,0
39364,1
53036,1
36592,1
56010,1
1687,0
28185,0
12968,0
49885,1
1247,0
44808,1
1152,0
31853,1
45149,1
15942,0
30544,1
22108,0
53594,1
5835,0
6648,0
33854,1
52361,1
39549,1
23146,0
12256,0
57508,1
39563,1
34259,1
50512,1
41060,1
24856,0
43077,1
43753,1
27208,0
26206,0
19709,0
19351,0
8736,0
26538,0
3234,0
28841,0
20820,0
23361,0
1576,0
25124,0
2250,0
4359,0
11788,0
13706,0
39536,1
13255,0
48304,1
31238,1
45774,1
8761,0
48508,1
45627,1
13387,0
35305,1
22622,0
23183,0
44719,1
17464,0
49250,1
17210,0
7213,0
28616,0
44060,1
5158,0
5515,0
37440,1
29454,1
58006,1
47816,1
42295,1
48620,1
44708,1
47120,1
11662,0
35044,1
20649,0
36017,1
44855,1
13647,0
18414,0
748,0
23507,0
42389,1
35722,1
40595,1
49670,1
1399,0
42085,1
55290,1
53708,1
9807,0
57533,1
58279,1
1039,0
10620,0
1981,0
48958,1
42500,1
16760,0
19472,0
57362,1
28238,0
47667,1
46226,1
18179,0
45265,1
30241,1
11836,0
44665,1
57882,1
42240,1
312,0
50563,1
50279,1
37041,1
40455,1
29119,0
20130,0
51795,1
2209,0
19984,0
20254,0
54405,1
55944,1
34604,1
1563,0
21132,0
52365,1
4073,0
40762,1
33593,1
15029,0
33366,1
35850,1
56816,1
58362,1
47061,1
49191,1
26308,0
53588,1
12349,0
26565,0
6264,0
49713,1
34173,1
30760,1
50363,1
54967,1
30759,1
19079,0
7471,0
37356,1
25942,0
2088,0
21513,0
50868,1
1691,0
43362,1
29543,1
17876,0
16260,0
50491,1
52896,1
3625,0
39027,1
14167,0
55764,1
19851,0
8184,0
50169,1
6742,0
55353,1
44876,1
31893,1
7785,0
4549,0
5875,0
11405,0
304,0
52493,1
32309,1
21305,0
28731,0
12416,0
40458,1
36545,1
34696,1
2522,0
7539,0
44286,1
14724,0
6876,0
19515,0
4192,0
44593,1
3379,0
22834,0
28581,0
38996,1
44066,1
52313,1
16862,0
20747,0
47462,1
3422,0
6126,0
41061,1
52520,1
26546,0
29424,1
46241,1
41353,1
2853,0
56983,1
22233,0
1108,0
16415,0
12916,0
36203,1
30059,1
43101,1
3404,0
15874,0
33319,1
22057,0
51605,1
42349,1
2077,0
51008,1
4630,0
51014,1
52918,1
43344,1
42779,1
17726,0
11841,0
9154,0
28111,0
52816,1
40670,1
54158,1
19543,0
26779,0
2566,0
10834,0
44221,1
27404,0
15571,0
34020,1
37305,1
21080,0
29204,0
13040,0
53694,1
51444,1
5936,0
4076,0
4755,0
21009,0
50158,1
18451,0
28832,0
7858,0
21922,0
32149,1
36168,1
29191,0
52033,1
26602,0
57597,1
30368,1
6550,0
22256,0
40633,1
23801,0
52058,1
44356,1
41290,1
23002,0
27165,0
8878,0
21230,0
864,0
22484,0
18645,0
51708,1
9848,0
40243,1
46388,1
41199,1
43203,1
28301,0
48184,1
10585,0
43242,1
48101,1
20282,0
32682,1
12568,0
42249,1
32875,1
50082,1
7442,0
44904,1
24378,0
40016,1
50745,1
54185,1
10824,0
18527,0
5640,0
3329,0
17271,0
18997,0
34166,1
12186,0
33143,1
51857,1
54343,1
48248,1
35148,1
42189,1
22285,0
19475,0
27408,0
49675,1
19193,0
47411,1
4636,0
42854,1
35769,1
44907,1
48121,1
34702,1
41873,1
30575,1
52857,1
25936,0
42175,1
29780,1
4261,0
49606,1
6685,0
15762,0
15718,0
38289,1
37892,1
5658,0
46373,1
48924,1
28280,0
8856,0
1707,0
50645,1
41036,1
18635,0
50959,1
21343,0
7875,0
32488,1
18014,0
48388,1
53429,1
48035,1
23423,0
8537,0
4823,0
49793,1
10599,0
29942,1
4533,0
35964,1
15445,0
23346,0
21911,0
38062,1
11055,0
55030,1
30452,1
6477,0
9699,0
25366,0
56151,1
13644,0
29240,0
4577,0
27479,0
14194,0
58443,1
103,0
28779,0
32092,1
52320,1
41265,1
32098,1
34740,1
12300,0
25914,0
38975,1
12458,0
54146,1
24843,0
30635,1
27583,0
53639,1
26560,0
20637,0
12163,0
44446,1
54487,1
6073,0
48428,1
6680,0
37988,1
29609,1
56395,1
52292,1
41560,1
50240,1
23433,0
31116,1
48655,1
4490,0
48890,1
25348,0
15814,0
20112,0
26290,0
12193,0
19061,0
35528,1
3201,0
30428,1
1042,0
52298,1
45241,1
26650,0
20189,0
12877,0
40388,1
34521,1
51324,1
26082,0
12548,0
26245,0
58410,1
16537,0
361,0
25699,0
44777,1
46728,1
35295,1
53399,1
54421,1
24804,0
44378,1
16223,0
55061,1
22036,0
29914,1
22752,0
10545,0
54130,1
52882,1
15704,0
46518,1
15797,0
53762,1
50516,1
56055,1
47425,1
37142,1
36368,1
1032,0
1504,0
35612,1
6175,0
744,0
11206,0
38272,1
44505,1
18111,0
2306,0
52174,1
53917,1
36974,1
4353,0
48229,1
16506,0
27142,0
44288,1
56558,1
50072,1
4880,0
11311,0
53344,1
9081,0
52378,1
9568,0
25767,0
47138,1
56606,1
29089,0
21552,0
34470,1
36930,1
27863,0
44573,1
55459,1
29918,1
36392,1
35414,1
57217,1
12539,0
58138,1
21705,0
7445,0
29615,1
40379,1
35149,1
20575,0
28266,0
15488,0
27726,0
24956,0
46330,1
14070,0
1883,0
19865,0
24669,0
17250,0
26712,0
47943,1
7351,0
23984,0
50743,1
15175,0
53504,1
21140,0
24163,0
46175,1
34713,1
23205,0
30296,1
16727,0
8532,0
47454,1
44396,1
4375,0
22307,0
32423,1
549,0
17733,0
3355,0
6747,0
16394,0
22913,0
56228,1
39795,1
52753,1
17093,0
37798,1
3446,0
56049,1
16203,0
42051,1
10889,0
58453,1
28966,0
14234,0
29376,1
37553,1
21915,0
8790,0
45444,1
25852,0
14979,0
1219,0
39419,1
328,0
52092,1
24188,0
23126,0
29291,0
32249,1
33422,1
25319,0
34428,1
10009,0
39633,1
40136,1
31147,1
12879,0
15951,0
33878,1
3694,0
19034,0
41413,1
48777,1
57289,1
44207,1
36858,1
3571,0
55137,1
53103,1
22945,0
32931,1
49484,1
32291,1
23039,0
3174,0
46856,1
21608,0
30145,1
8873,0
8043,0
53375,1
43069,1
41721,1
4589,0
34203,1
27533,0
6702,0
1478,0
37982,1
256,0
36736,1
12947,0
24662,0
20113,0
48927,1
35423,1
57795,1
43196,1
54005,1
54047,1
58470,1
18748,0
27954,0
44588,1
35913,1
51475,1
40390,1
26311,0
13885,0
21027,0
56831,1
28979,0
9923,0
36440,1
34338,1
28815,0
43067,1
28719,0
47591,1
42808,1
58447,1
31420,1
6018,0
25282,0
47966,1
23033,0
27544,0
43423,1
4409,0
47531,1
17567,0
1101,0
52838,1
55893,1
25028,0
12268,0
46698,1
52384,1
2181,0
39479,1
50765,1
19297,0
57656,1
19897,0
43619,1
15576,0
25394,0
10305,0
55934,1
55510,1
34365,1
46764,1
44404,1
3946,0
15244,0
49669,1
40798,1
49256,1
50049,1
1045,0
16431,0
12490,0
8945,0
1199,0
22366,0
30057,1
52304,1
17235,0
20291,0
34497,1
25562,0
45196,1
31980,1
25020,0
18189,0
56966,1
58353,1
20755,0
30444,1
30318,1
26225,0
33102,1
17734,0
10926,0
21558,0
22140,0
46794,1
30346,1
31449,1
34340,1
11879,0
8052,0
52250,1
21416,0
27776,0
5255,0
6422,0
24806,0
5364,0
28800,0
25399,0
12247,0
18043,0
47692,1
32690,1
7492,0
29979,1
18607,0
44360,1
48539,1
7258,0
14102,0
577,0
9313,0
41908,1
37526,1
34488,1
9953,0
2001,0
14275,0
540,0
10683,0
56997,1
44283,1
16797,0
41660,1
54556,1
22162,0
27335,0
2084,0
51793,1
31505,1
18405,0
36994,1
25946,0
58213,1
21871,0
26996,0
24196,0
12760,0
55212,1
4068,0
57427,1
29842,1
13829,0
30511,1
12147,0
964,0
35791,1
15859,0
12764,0
55019,1
45441,1
19696,0
13052,0
3660,0
15647,0
52662,1
31679,1
50300,1
54170,1
51083,1
51558,1
34021,1
31658,1
43860,1
12470,0
28604,0
13512,0
32605,1
1158,0
48160,1
47210,1
57676,1
11149,0
10747,0
3488,0
28003,0
21095,0
31124,1
25730,0
48806,1
35463,1
20897,0
25496,0
29187,0
13618,0
4654,0
16777,0
44187,1
307,0
39642,1
24464,0
36243,1
1112,0
9150,0
40816,1
27448,0
39041,1
12864,0
26953,0
9368,0
38842,1
55790,1
39761,1
55057,1
56091,1
4190,0
29840,1
36030,1
49580,1
6964,0
34074,1
36616,1
32260,1
28607,0
16128,0
15345,0
58040,1
42750,1
16307,0
15519,0
30023,1
44335,1
15491,0
6896,0
23992,0
18151,0
51330,1
54995,1
49102,1
28757,0
7143,0
33902,1
3678,0
12662,0
24314,0
31649,1
49854,1
38610,1
50277,1
38351,1
48799,1
18095,0
21321,0
57380,1
37165,1
38561,1
5427,0
8585,0
47471,1
55461,1
10903,0
4410,0
14196,0
44064,1
28959,0
31458,1
24576,0
47433,1
39682,1
45577,1
35140,1
2856,0
5353,0
5009,0
33251,1
36970,1
58022,1
21997,0
48332,1
1744,0
8657,0
46080,1
4438,0
42916,1
44785,1
15572,0
13738,0
58016,1
42030,1
29224,0
15333,0
16513,0
42555,1
36781,1
40819,1
4568,0
33447,1
39498,1
54960,1
33742,1
54304,1
20366,0
12198,0
33121,1
54924,1
2870,0
40932,1
45741,1
25925,0
49350,1
31332,1
1754,0
21426,0
49610,1
30589,1
57698,1
5623,0
25697,0
56258,1
8630,0
56839,1
36366,1
2466,0
53852,1
38337,1
31234,1
9635,0
34111,1
48684,1
6815,0
36098,1
444,0
20489,0
8124,0
11235,0
7606,0
28179,0
46136,1
19312,0
28294,0
57252,1
7632,0
13290,0
17052,0
29724,1
57697,1
58422,1
28330,0
20097,0
10018,0
1406,0
30292,1
10930,0
36962,1
9432,0
30873,1
23584,0
45756,1
38589,1
9483,0
43747,1
49773,1
13327,0
57474,1
21050,0
41668,1
46208,1
44675,1
33433,1
56902,1
21514,0
37594,1
20300,0
31770,1
49970,1
227,0
20762,0
42015,1
31320,1
15940,0
9780,0
55795,1
9757,0
23375,0
43687,1
36570,1
49827,1
29029,0
26136,0
28753,0
33072,1
11017,0
19415,0
23613,0
2471,0
43878,1
19435,0
21408,0
58132,1
5150,0
32471,1
46958,1
57525,1
8514,0
45377,1
9145,0
42571,1
35543,1
57265,1
19638,0
676,0
26336,0
35966,1
43436,1
11459,0
19773,0
1923,0
13698,0
16752,0
27254,0
7117,0
38039,1
56860,1
739,0
32106,1
24135,0
34446,1
38878,1
293,0
8371,0
25019,0
30789,1
31847,1
57640,1
1580,0
33726,1
26688,0
48488,1
49017,1
7372,0
15130,0
49721,1
42491,1
25162,0
39671,1
46484,1
45373,1
29887,1
18707,0
5263,0
8735,0
54178,1
56703,1
19305,0
11594,0
27154,0
13580,0
56928,1
8743,0
58003,1
6827,0
12402,0
10202,0
42836,1
13410,0
9016,0
56596,1
9777,0
53403,1
34794,1
46016,1
45150,1
51036,1
347,0
19766,0
18690,0
38665,1
55569,1
29871,1
21171,0
16851,0
3133,0
30412,1
12210,0
28614,0
15232,0
35221,1
12842,0
36025,1
45990,1
25414,0
58586,1
37572,1
35074,1
24915,0
39719,1
11752,0
31467,1
38562,1
635,0
38977,1
10208,0
57188,1
40309,1
39134,1
8780,0
52163,1
57950,1
16548,0
32372,1
7764,0
36624,1
47402,1
51813,1
38268,1
902,0
17401,0
532,0
14622,0
21115,0
49232,1
42987,1
33948,1
46364,1
52431,1
27146,0
55066,1
26623,0
16057,0
36055,1
8832,0
15501,0
11858,0
28629,0
28594,0
10971,0
2927,0
18262,0
41563,1
15136,0
46282,1
30207,1
33234,1
4239,0
18983,0
16217,0
21630,0
22251,0
34226,1
42317,1
23198,0
54248,1
1768,0
47238,1
39402,1
47279,1
20111,0
5087,0
29063,0
53942,1
24289,0
22163,0
19489,0
53651,1
53487,1
40261,1
16692,0
38168,1
16078,0
2797,0
25777,0
33451,1
15561,0
6669,0
19777,0
37710,1
44333,1
42297,1
52390,1
18361,0
38897,1
15546,0
2273,0
8874,0
5825,0
30497,1
18773,0
24395,0
33042,1
4046,0
35616,1
51403,1
15443,0
24141,0
46276,1
33746,1
12538,0
41273,1
50258,1
43257,1
43514,1
15217,0
2543,0
29181,0
46962,1
13846,0
14691,0
30956,1
42724,1
23271,0
57430,1
15157,0
320,0
6144,0
1927,0
54704,1
25807,0
1849,0
2544,0
12395,0
2786,0
29490,1
34456,1
1991,0
39722,1
18727,0
26138,0
51371,1
22680,0
3401,0
8496,0
48049,1
772,0
42259,1
1305,0
21586,0
21806,0
46827,1
44714,1
12909,0
46814,1
13820,0
32899,1
39791,1
6605,0
9475,0
12221,0
16098,0
55746,1
30116,1
27624,0
31003,1
21198,0
46746,1
26504,0
25502,0
32704,1
2626,0
16849,0
31762,1
15170,0
42663,1
12248,0
4718,0
47345,1
49879,1
16061,0
27530,0
14179,0
26532,0
10597,0
24475,0
5391,0
29999,1
21876,0
2565,0
23768,0
30148,1
57947,1
45746,1
30827,1
3492,0
20399,0
32109,1
38905,1
25402,0
20838,0
26920,0
39527,1
41582,1
40026,1
36154,1
12216,0
34761,1
56294,1
38042,1
13942,0
42201,1
41779,1
41638,1
30185,1
38455,1
10094,0
38153,1
56441,1
43850,1
36505,1
6463,0
40920,1
3612,0
7662,0
43906,1
22460,0
22917,0
36998,1
622,0
41810,1
8843,0
50797,1
24072,0
48703,1
12783,0
6010,0
24162,0
12940,0
21853,0
33445,1
5278,0
13805,0
17240,0
33209,1
32997,1
30226,1
13730,0
56051,1
21246,0
35685,1
6263,0
33390,1
29120,0
45934,1
20402,0
22266,0
10681,0
41611,1
22896,0
7389,0
25950,0
12390,0
22211,0
51668,1
18319,0
27434,0
15902,0
21318,0
7795,0
50266,1
14535,0
23428,0
12985,0
18059,0
50566,1
48034,1
47760,1
28835,0
48133,1
28845,0
54154,1
21594,0
20225,0
28958,0
4016,0
43166,1
33329,1
4106,0
464,0
54429,1
10483,0
12630,0
15970,0
25458,0
35929,1
54434,1
48612,1
4598,0
29460,1
8587,0
20139,0
22381,0
24122,0
35055,1
40863,1
26219,0
33391,1
49361,1
51057,1
25917,0
35333,1
26879,0
5372,0
46755,1
23030,0
44519,1
28161,0
35849,1
50882,1
3620,0
25975,0
10465,0
18674,0
54332,1
1869,0
19788,0
8482,0
29480,1
44158,1
36479,1
14926,0
46292,1
47850,1
6818,0
7907,0
25163,0
8287,0
52585,1
35979,1
52730,1
32446,1
58218,1
42479,1
9144,0
47900,1
54346,1
47024,1
24010,0
27653,0
37575,1
16056,0
34377,1
12948,0
55155,1
4374,0
36319,1
521,0
6602,0
29286,0
934,0
44235,1
24125,0
7435,0
52573,1
33254,1
27336,0
38988,1
58337,1
50836,1
17005,0
52536,1
35110,1
56812,1
32209,1
12510,0
57516,1
9411,0
49118,1
1540,0
7098,0
52073,1
34966,1
31873,1
52525,1
9299,0
53353,1
24388,0
58548,1
15840,0
37276,1
26476,0
4350,0
22644,0
17404,0
21865,0
32879,1
18385,0
3110,0
16065,0
28200,0
6487,0
45948,1
42005,1
39369,1
33214,1
45911,1
615,0
58286,1
38308,1
35988,1
58269,1
23224,0
22068,0
17402,0
12650,0
8349,0
29427,1
36924,1
44031,1
49813,1
5315,0
5848,0
5099,0
58379,1
31019,1
9912,0
31803,1
34627,1
42303,1
29622,1
171,0
55638,1
40600,1
37097,1
42652,1
16130,0
10113,0
46828,1
33999,1
3156,0
51365,1
29037,0
30813,1
39040,1
14954,0
49188,1
35868,1
14407,0
7770,0
39946,1
18560,0
17035,0
22526,0
10650,0
29118,0
26195,0
38240,1
17263,0
32877,1
48977,1
37790,1
5551,0
32447,1
33286,1
47441,1
18269,0
9669,0
41019,1
38222,1
11673,0
25598,0
4037,0
51965,1
4111,0
4125,0
10384,0
1608,0
37650,1
44564,1
5071,0
43489,1
23283,0
51750,1
6100,0
39242,1
30737,1
54778,1
41399,1
23919,0
24982,0
4129,0
17459,0
46362,1
22141,0
18008,0
7378,0
35206,1
30994,1
13784,0
22599,0
41704,1
17982,0
337,0
57425,1
39209,1
5199,0
22854,0
49823,1
4436,0
25995,0
48144,1
16890,0
49342,1
27177,0
24040,0
14255,0
16089,0
45352,1
16269,0
58134,1
54517,1
26420,0
53434,1
38754,1
17694,0
39279,1
16392,0
40249,1
53408,1
18480,0
48524,1
46022,1
48782,1
18920,0
11583,0
53527,1
16256,0
20134,0
123,0
36602,1
19047,0
2987,0
39957,1
4218,0
28937,0
52619,1
24054,0
56187,1
19556,0
27310,0
36301,1
27987,0
16228,0
23858,0
57495,1
17851,0
49647,1
40625,1
26501,0
27650,0
45730,1
3104,0
27665,0
17231,0
38912,1
10024,0
50330,1
39740,1
18902,0
52078,1
33612,1
242,0
32202,1
22047,0
28736,0
25679,0
29437,1
57030,1
357,0
40490,1
16176,0
14490,0
26574,0
22103,0
29219,0
58262,1
7149,0
29880,1
979,0
31837,1
9341,0
17036,0
42569,1
8696,0
20920,0
7799,0
40727,1
25179,0
30738,1
10032,0
17220,0
30871,1
43491,1
25375,0
50540,1
9019,0
43488,1
36936,1
57071,1
45492,1
40884,1
36284,1
57750,1
53875,1
48664,1
48561,1
32779,1
57365,1
26502,0
52050,1
31434,1
5033,0
22109,0
8805,0
48115,1
6072,0
40487,1
21999,0
51242,1
48549,1
56673,1
21109,0
29630,1
43184,1
20302,0
13093,0
49740,1
17759,0
10220,0
48933,1
21129,0
36627,1
43958,1
26662,0
54090,1
37651,1
12476,0
52335,1
26164,0
44527,1
36360,1
48399,1
20440,0
41940,1
18497,0
27216,0
44492,1
31064,1
13685,0
18339,0
45541,1
39548,1
19756,0
18666,0
17859,0
10312,0
34571,1
46410,1
11875,0
27817,0
17090,0
11827,0
49135,1
46088,1
13948,0
29235,0
9380,0
54877,1
45583,1
2465,0
32456,1
6611,0
21645,0
40668,1
41950,1
48515,1
58206,1
28402,0
33088,1
56799,1
56883,1
49693,1
21854,0
34485,1
18841,0
5326,0
54584,1
30460,1
30747,1
32626,1
16088,0
49903,1
21810,0
9216,0
36523,1
54619,1
12432,0
601,0
42340,1
1425,0
54003,1
46614,1
48478,1
49632,1
50151,1
25817,0
38939,1
17750,0
49275,1
9628,0
33945,1
52183,1
43451,1
4591,0
7885,0
13613,0
58147,1
12517,0
30299,1
41062,1
19716,0
12856,0
20546,0
14306,0
44960,1
51774,1
41068,1
40137,1
32145,1
10008,0
20082,0
28121,0
42380,1
38860,1
7844,0
40963,1
51818,1
30700,1
9344,0
23467,0
15120,0
43224,1
7038,0
54524,1
50276,1
49516,1
25882,0
52487,1
31257,1
35419,1
5905,0
6285,0
54814,1
47607,1
37377,1
15000,0
13674,0
13734,0
47709,1
13096,0
1405,0
44108,1
34077,1
3426,0
6452,0
6768,0
45501,1
35122,1
22692,0
26862,0
4162,0
23151,0
48528,1
2558,0
33097,1
18420,0
33271,1
8170,0
51730,1
43510,1
15364,0
6491,0
54835,1
37426,1
16167,0
50460,1
33933,1
44236,1
36198,1
5351,0
28989,0
36705,1
11361,0
36578,1
45057,1
33040,1
44745,1
34265,1
5573,0
3936,0
39179,1
50549,1
16105,0
6733,0
18604,0
35028,1
39357,1
25541,0
55463,1
26038,0
57668,1
1331,0
34600,1
24007,0
26287,0
47699,1
20055,0
1918,0
4655,0
44495,1
42089,1
40118,1
7951,0
55039,1
45112,1
5688,0
19609,0
36364,1
20290,0
28728,0
7598,0
21898,0
45045,1
39350,1
29731,1
19352,0
45573,1
33502,1
14679,0
6358,0
47491,1
7724,0
49881,1
44169,1
48937,1
55721,1
22217,0
35677,1
40609,1
56803,1
56572,1
49192,1
8225,0
22382,0
6400,0
3960,0
31591,1
41415,1
17501,0
17377,0
40120,1
9460,0
25035,0
10939,0
23137,0
43553,1
24055,0
21345,0
45517,1
32901,1
27237,0
5281,0
10075,0
44629,1
13872,0
23167,0
35572,1
34294,1
39283,1
16836,0
3775,0
32458,1
8739,0
33365,1
10667,0
37975,1
38003,1
55047,1
21157,0
35232,1
17768,0
30937,1
51032,1
9466,0
39275,1
26675,0
8922,0
30558,1
1303,0
48536,1
42988,1
6339,0
3964,0
42862,1
48171,1
48739,1
56270,1
52236,1
18376,0
37260,1
43830,1
56626,1
48408,1
5976,0
57074,1
51454,1
54337,1
6932,0
9508,0
25438,0
31362,1
7726,0
1533,0
49804,1
39016,1
4368,0
32359,1
41753,1
10519,0
19793,0
1135,0
28810,0
44173,1
45125,1
17448,0
19843,0
31709,1
48595,1
10218,0
55527,1
17498,0
18355,0
48470,1
34156,1
40470,1
45212,1
37378,1
1244,0
17418,0
37666,1
28378,0
2851,0
24115,0
55871,1
35487,1
33735,1
32519,1
38515,1
6759,0
50804,1
12184,0
12121,0
33394,1
40279,1
38207,1
21668,0
26841,0
40298,1
46038,1
36266,1
48084,1
53409,1
48050,1
33553,1
5102,0
5003,0
47972,1
27102,0
45309,1
37302,1
6575,0
54721,1
23104,0
21380,0
36708,1
16877,0
44963,1
10231,0
50978,1
24435,0
32778,1
39208,1
22791,0
3724,0
19416,0
43334,1
27498,0
44928,1
27801,0
4404,0
43605,1
58039,1
52196,1
56909,1
12565,0
19502,0
30707,1
23277,0
12823,0
30038,1
54577,1
29303,1
43448,1
57383,1
29134,0
3732,0
29033,0
5912,0
44783,1
9993,0
22354,0
4248,0
10464,0
57879,1
6364,0
50391,1
3611,0
7634,0
27833,0
27076,0
29255,0
14112,0
26207,0
14864,0
23771,0
30515,1
20895,0
55383,1
25632,0
46000,1
28630,0
53506,1
31198,1
36442,1
20175,0
48037,1
16791,0
24362,0
53503,1
29741,1
15672,0
29528,1
21152,0
25092,0
10261,0
33144,1
43792,1
17184,0
39280,1
55261,1
30666,1
18934,0
40111,1
29223,0
7028,0
27289,0
5080,0
45771,1
37411,1
27826,0
19036,0
44870,1
30147,1
42848,1
2316,0
6659,0
11170,0
29,0
23600,0
39495,1
42572,1
55235,1
33624,1
30108,1
39733,1
25336,0
53939,1
45080,1
9495,0
10534,0
50094,1
39229,1
26842,0
56571,1
17096,0
27168,0
10307,0
21316,0
29307,1
6693,0
20296,0
45961,1
9420,0
1513,0
19325,0
24451,0
26072,0
30728,1
54760,1
58047,1
13620,0
37945,1
18581,0
39104,1
21307,0
46864,1
16720,0
32161,1
2161,0
50428,1
15021,0
27839,0
31274,1
30778,1
13897,0
37774,1
29523,1
44591,1
28653,0
17116,0
24182,0
22482,0
1149,0
29814,1
53254,1
26976,0
45179,1
33263,1
4808,0
25084,0
43615,1
7003,0
10083,0
16081,0
23990,0
56124,1
50488,1
47322,1
26191,0
15692,0
29017,0
9778,0
22814,0
27677,0
14611,0
13826,0
40533,1
35012,1
39585,1
11060,0
36186,1
39917,1
30779,1
20410,0
6698,0
40764,1
23604,0
16012,0
21576,0
2374,0
941,0
15466,0
849,0
11541,0
15377,0
41680,1
31393,1
53056,1
58494,1
34960,1
28530,0
42363,1
18568,0
8340,0
54323,1
42039,1
55035,1
36686,1
9642,0
27032,0
18758,0
58235,1
44383,1
3229,0
15184,0
22270,0
1785,0
48731,1
54912,1
6535,0
3323,0
17725,0
27287,0
4643,0
34113,1
20604,0
54106,1
4558,0
15521,0
15837,0
3341,0
8723,0
6560,0
39159,1
55630,1
12546,0
33318,1
19070,0
16231,0
34300,1
19394,0
46779,1
15595,0
58107,1
42802,1
23417,0
43172,1
42579,1
33046,1
45413,1
41464,1
51573,1
26752,0
50613,1
52030,1
3427,0
15907,0
56730,1
50806,1
22872,0
51506,1
9858,0
42236,1
53922,1
48009,1
30175,1
20064,0
40211,1
38812,1
29495,1
34310,1
29352,1
16879,0
35620,1
53379,1
16166,0
33572,1
24624,0
15154,0
4061,0
1572,0
3310,0
48675,1
29446,1
50527,1
20782,0
6436,0
45551,1
27614,0
36078,1
35363,1
55263,1
16076,0
10237,0
10569,0
30267,1
6455,0
54480,1
14907,0
50192,1
405,0
24575,0
15756,0
30709,1
38594,1
34101,1
24898,0
40212,1
21457,0
10398,0
22891,0
30637,1
5789,0
58398,1
41447,1
19664,0
57973,1
31209,1
56862,1
13727,0
39313,1
1175,0
6792,0
15760,0
9828,0
5931,0
22197,0
15146,0
18597,0
38,0
19378,0
9382,0
31684,1
38801,1
25146,0
48383,1
7146,0
2345,0
3012,0
45448,1
43186,1
33534,1
9675,0
28086,0
47711,1
44605,1
30625,1
29883,1
12936,0
23218,0
11400,0
36758,1
47151,1
53718,1
58388,1
9456,0
42637,1
51017,1
50334,1
15137,0
21124,0
28646,0
18026,0
27701,0
45357,1
42545,1
30967,1
17417,0
19509,0
15929,0
21092,0
46873,1
41671,1
23368,0
34508,1
12187,0
6790,0
37164,1
12727,0
4327,0
3065,0
9899,0
127,0
37551,1
19911,0
20496,0
15214,0
52854,1
8350,0
9754,0
25090,0
54251,1
56540,1
11538,0
11819,0
14830,0
2611,0
28654,0
33845,1
15396,0
29595,1
19382,0
57502,1
23207,0
35976,1
48017,1
6218,0
2251,0
42260,1
34757,1
47782,1
27562,0
46430,1
45613,1
58485,1
20930,0
18392,0
26486,0
32930,1
29637,1
8769,0
27288,0
52136,1
21466,0
30861,1
20849,0
32581,1
53885,1
15215,0
16263,0
32007,1
56771,1
49196,1
40030,1
58048,1
34651,1
19885,0
50934,1
28149,0
7636,0
2173,0
5957,0
7411,0
50845,1
49568,1
13041,0
9926,0
20038,0
35853,1
47217,1
50651,1
185,0
2705,0
33230,1
31334,1
21131,0
6071,0
20379,0
52835,1
38059,1
25261,0
7741,0
55270,1
4890,0
2928,0
42804,1
58189,1
22478,0
18331,0
35246,1
25038,0
13004,0
57104,1
33006,1
3684,0
11786,0
34640,1
7007,0
19287,0
11410,0
57193,1
54118,1
51249,1
21176,0
2986,0
29903,1
42308,1
48642,1
57921,1
57585,1
40667,1
49159,1
52600,1
58193,1
1773,0
18270,0
8142,0
44193,1
14709,0
29434,1
15535,0
15123,0
3033,0
14941,0
33074,1
12319,0
8895,0
57415,1
16733,0
53168,1
25354,0
11507,0
26866,0
46562,1
39929,1
26867,0
9107,0
42513,1
40495,1
54600,1
53328,1
43859,1
36647,1
44035,1
21381,0
51484,1
31607,1
25783,0
34131,1
25865,0
4822,0
40542,1
57716,1
17509,0
39138,1
23352,0
12401,0
21017,0
39866,1
55364,1
15908,0
15032,0
30407,1
57175,1
17233,0
3682,0
34179,1
41358,1
10356,0
31314,1
54054,1
5943,0
53261,1
40549,1
31355,1
14815,0
11958,0
56797,1
21507,0
24184,0
47307,1
8292,0
41316,1
3162,0
23338,0
32385,1
2218,0
31970,1
32130,1
2935,0
8998,0
57681,1
51461,1
45720,1
22151,0
56135,1
17866,0
31367,1
30623,1
58424,1
30733,1
52511,1
33122,1
7431,0
56275,1
28890,0
2546,0
10474,0
30381,1
474,0
30214,1
23515,0
5822,0
3461,0
18915,0
29539,1
39336,1
53154,1
30053,1
39384,1
35486,1
25382,0
44468,1
54063,1
17861,0
39992,1
4422,0
47066,1
53153,1
55705,1
38566,1
10801,0
24204,0
8757,0
2790,0
8882,0
7552,0
38113,1
25518,0
56692,1
51064,1
40074,1
49770,1
57040,1
4519,0
1340,0
21688,0
19428,0
19059,0
25891,0
29136,0
41351,1
3626,0
39482,1
10657,0
36960,1
29355,1
42042,1
17535,0
42068,1
49272,1
22954,0
46602,1
51675,1
20474,0
24307,0
50863,1
44744,1
39361,1
30840,1
37432,1
44127,1
3548,0
45491,1
56208,1
40002,1
44853,1
37476,1
22035,0
8141,0
53846,1
42322,1
51478,1
2988,0
39135,1
44134,1
9837,0
49123,1
2637,0
50131,1
58514,1
16597,0
48444,1
35121,1
46138,1
53051,1
6758,0
23606,0
47129,1
1548,0
39831,1
56689,1
6507,0
19644,0
26722,0
760,0
25613,0
8109,0
43760,1
13286,0
2467,0
6963,0
11654,0
46106,1
2622,0
2727,0
6760,0
41896,1
45220,1
6402,0
42345,1
54313,1
6500,0
31417,1
20888,0
12901,0
44253,1
47989,1
32378,1
14186,0
27478,0
28531,0
16751,0
47319,1
15102,0
54338,1
30642,1
47686,1
32168,1
44007,1
36610,1
22675,0
45529,1
42214,1
19444,0
9316,0
23294,0
54186,1
12239,0
20187,0
14283,0
47982,1
33890,1
17357,0
32731,1
43548,1
45707,1
45299,1
27841,0
26987,0
44051,1
5983,0
3218,0
37171,1
50679,1
3215,0
47386,1
32239,1
692,0
31827,1
25704,0
32907,1
38129,1
46378,1
57170,1
13268,0
51648,1
8804,0
5784,0
58436,1
53293,1
51433,1
48567,1
58487,1
55186,1
32231,1
33574,1
39161,1
53019,1
6976,0
19869,0
11646,0
18462,0
53823,1
41094,1
27229,0
19832,0
16449,0
41256,1
14213,0
24151,0
2576,0
38237,1
20881,0
39274,1
7268,0
8803,0
29681,1
24664,0
56117,1
41240,1
12726,0
4723,0
12353,0
31767,1
3829,0
903,0
11318,0
17631,0
13144,0
24780,0
26174,0
33086,1
35610,1
4412,0
19211,0
56086,1
47240,1
49602,1
44648,1
35330,1
33570,1
54322,1
19112,0
10198,0
16558,0
4489,0
53735,1
34410,1
49451,1
22682,0
35120,1
30445,1
38152,1
6829,0
36361,1
9781,0
4038,0
41261,1
15016,0
10468,0
20698,0
27031,0
41236,1
33454,1
42263,1
5044,0
28727,0
42211,1
40766,1
48212,1
2830,0
37788,1
2947,0
47799,1
23877,0
7331,0
37414,1
200,0
41185,1
5474,0
49855,1
1526,0
16554,0
18340,0
21088,0
53695,1
51522,1
34165,1
32278,1
22277,0
16121,0
37250,1
27604,0
26496,0
17847,0
9192,0
51469,1
24679,0
1824,0
44331,1
34802,1
23412,0
47171,1
57358,1
35048,1
38446,1
1328,0
28398,0
4196,0
25359,0
7072,0
40102,1
47545,1
27964,0
50283,1
51182,1
53656,1
47814,1
19684,0
38458,1
36557,1
23994,0
55410,1
6063,0
11085,0
13420,0
43848,1
53290,1
44117,1
3508,0
43572,1
20909,0
48982,1
30692,1
21838,0
3947,0
30989,1
52057,1
16746,0
28529,0
13214,0
56697,1
7370,0
54371,1
29058,0
26003,0
51132,1
24522,0
11793,0
978,0
51551,1
28259,0
16259,0
3714,0
21693,0
56598,1
28110,0
22514,0
39904,1
18406,0
27531,0
9354,0
34930,1
11422,0
18891,0
48797,1
8749,0
15127,0
32,0
38151,1
41478,1
13515,0
17985,0
35323,1
50265,1
13003,0
34383,1
5409,0
28552,0
15266,0
36032,1
27312,0
29962,1
15574,0
22503,0
31625,1
51639,1
36429,1
53296,1
42610,1
39143,1
28733,0
27719,0
32671,1
48355,1
50211,1
2683,0
44995,1
20896,0
54407,1
50798,1
15073,0
26175,0
8301,0
7839,0
21237,0
4156,0
33051,1
4896,0
6806,0
56948,1
33511,1
10935,0
48833,1
55663,1
44533,1
57141,1
16409,0
16991,0
58564,1
24478,0
11113,0
29895,1
44525,1
2314,0
43949,1
36205,1
20126,0
50643,1
33152,1
24779,0
31161,1
8456,0
36867,1
51296,1
52115,1
13212,0
4871,0
22376,0
47748,1
21032,0
48260,1
54459,1
16594,0
40384,1
10174,0
38586,1
4011,0
27040,0
55355,1
55401,1
41643,1
56044,1
7232,0
13848,0
36191,1
29875,1
37460,1
43459,1
674,0
8870,0
8492,0
5676,0
38783,1
6147,0
5974,0
22227,0
35071,1
9245,0
55341,1
26096,0
35167,1
15304,0
41890,1
21375,0
783,0
38125,1
5193,0
40900,1
58321,1
48914,1
4646,0
35775,1
27199,0
51019,1
57388,1
3089,0
35173,1
3999,0
27909,0
33476,1
13796,0
42608,1
9393,0
41775,1
5604,0
4812,0
11034,0
4554,0
44830,1
52768,1
48107,1
50106,1
36210,1
43557,1
50162,1
49651,1
45575,1
44764,1
36734,1
38908,1
21368,0
39875,1
19940,0
47245,1
7551,0
36315,1
57876,1
47049,1
37393,1
38753,1
47112,1
41146,1
14183,0
20089,0
53095,1
10033,0
39144,1
20713,0
9515,0
4421,0
8525,0
21687,0
41876,1
11936,0
99,0
37766,1
45081,1
38911,1
35162,1
35056,1
9062,0
56198,1
29088,0
1959,0
1270,0
25717,0
24404,0
18442,0
25415,0
16995,0
1237,0
23281,0
12,0
50914,1
54456,1
54854,1
54416,1
17984,0
5230,0
12545,0
44950,1
51995,1
34415,1
56661,1
7359,0
38858,1
39203,1
11567,0
7185,0
40772,1
51318,1
7928,0
30367,1
50683,1
26221,0
58342,1
10570,0
27319,0
21055,0
48284,1
43735,1
50165,1
40445,1
15851,0
58113,1
1005,0
48421,1
49156,1
5328,0
10129,0
49872,1
35970,1
53776,1
8488,0
30565,1
19484,0
32810,1
58387,1
42090,1
13573,0
52043,1
11388,0
34658,1
41223,1
18491,0
19587,0
53673,1
54736,1
5180,0
57019,1
48931,1
22275,0
863,0
48783,1
22092,0
8075,0
14491,0
20671,0
17916,0
46193,1
26664,0
43425,1
28220,0
3605,0
40099,1
46511,1
15613,0
46377,1
52766,1
9898,0
30459,1
7495,0
17830,0
7438,0
28734,0
15389,0
15947,0
6253,0
13381,0
46985,1
23231,0
19321,0
14974,0
14144,0
32811,1
47728,1
16143,0
29023,0
2464,0
10815,0
13098,0
39371,1
21347,0
42727,1
31959,1
48930,1
56293,1
31269,1
33605,1
2601,0
7698,0
1269,0
30761,1
38965,1
24667,0
37206,1
16736,0
44969,1
21099,0
17978,0
52379,1
24257,0
47673,1
2933,0
31908,1
63,0
2188,0
52012,1
33596,1
46008,1
13731,0
7538,0
5038,0
51954,1
17655,0
15024,0
54752,1
31004,1
49122,1
53723,1
55933,1
31211,1
2227,0
456,0
16740,0
33374,1
13641,0
56599,1
34412,1
16888,0
37265,1
5069,0
1227,0
52535,1
7876,0
5014,0
25094,0
9731,0
24932,0
4268,0
37202,1
19464,0
1644,0
47123,1
41451,1
37445,1
6027,0
42768,1
46053,1
32990,1
8005,0
1209,0
32029,1
28869,0
45383,1
40213,1
53573,1
52124,1
36278,1
1887,0
29676,1
43202,1
15754,0
51893,1
16215,0
25281,0
25196,0
29050,0
17140,0
27114,0
43951,1
22174,0
4429,0
42420,1
51744,1
5030,0
54825,1
35999,1
34562,1
48409,1
32328,1
46336,1
44463,1
10710,0
39632,1
34215,1
39333,1
48196,1
2868,0
38413,1
44942,1
12558,0
12619,0
26418,0
22710,0
8242,0
6862,0
53294,1
454,0
56927,1
32058,1
16867,0
24353,0
43296,1
40949,1
54496,1
9093,0
54667,1
3050,0
11721,0
52165,1
30199,1
50270,1
53128,1
37338,1
8044,0
6425,0
33063,1
19037,0
18007,0
43267,1
22255,0
52171,1
3782,0
52661,1
11358,0
58355,1
40981,1
43695,1
35859,1
45438,1
50880,1
15789,0
41972,1
17751,0
8339,0
23264,0
56216,1
10992,0
55745,1
54042,1
47108,1
1571,0
12148,0
32827,1
19917,0
9025,0
45829,1
24760,0
16698,0
40428,1
11056,0
42360,1
52039,1
9244,0
6590,0
33136,1
40709,1
48162,1
13464,0
55214,1
42038,1
43673,1
28292,0
56684,1
51161,1
58239,1
40482,1
37427,1
39202,1
6480,0
5187,0
4183,0
23013,0
34999,1
15738,0
52877,1
2883,0
51859,1
55751,1
36978,1
22779,0
28451,0
17027,0
57333,1
24772,0
40996,1
18628,0
56341,1
29053,0
15189,0
10994,0
35062,1
15426,0
50100,1
58394,1
26224,0
19295,0
2664,0
31338,1
50019,1
24991,0
57671,1
55755,1
13241,0
1902,0
31073,1
30710,1
6354,0
4083,0
11651,0
30659,1
37280,1
16979,0
23023,0
27669,0
39098,1
14398,0
24157,0
831,0
12438,0
20174,0
27882,0
17225,0
25506,0
3485,0
29170,0
30803,1
6658,0
33190,1
28107,0
51453,1
9137,0
45942,1
22104,0
18203,0
55183,1
30615,1
45885,1
10700,0
42223,1
41144,1
55079,1
4810,0
8911,0
40718,1
24516,0
28599,0
9056,0
19257,0
17993,0
19433,0
24238,0
57988,1
54833,1
20438,0
48757,1
9274,0
9417,0
5467,0
57386,1
12521,0
23716,0
17261,0
56339,1
20646,0
57398,1
31256,1
2012,0
35814,1
11295,0
5248,0
8727,0
28131,0
11672,0
37045,1
43520,1
53273,1
5380,0
36983,1
57609,1
21707,0
53977,1
39392,1
54931,1
12817,0
42883,1
21234,0
29290,0
1351,0
56390,1
17780,0
43104,1
44596,1
7285,0
52680,1
17965,0
1710,0
1004,0
47347,1
46091,1
42446,1
6015,0
4775,0
24137,0
57449,1
25794,0
2742,0
38901,1
54145,1
50429,1
5037,0
24389,0
35480,1
1649,0
22942,0
7238,0
57832,1
8256,0
4024,0
7049,0
49371,1
2059,0
52979,1
27439,0
51458,1
43869,1
42276,1
9195,0
22770,0
53459,1
16117,0
55128,1
19639,0
47888,1
39741,1
6579,0
38220,1
51237,1
36049,1
26618,0
48952,1
48426,1
32509,1
27539,0
49571,1
33384,1
4930,0
10999,0
3203,0
38141,1
33335,1
41014,1
42454,1
9942,0
46529,1
44919,1
17315,0
17616,0
20934,0
25650,0
45854,1
6962,0
4635,0
21773,0
58566,1
52364,1
58339,1
29867,1
13115,0
6707,0
18940,0
41449,1
6225,0
3680,0
28067,0
37262,1
426,0
36617,1
47489,1
20424,0
48007,1
20192,0
36764,1
43512,1
46926,1
18967,0
2223,0
20579,0
6728,0
27450,0
51921,1
57118,1
6746,0
51380,1
12017,0
6984,0
605,0
3759,0
4002,0
45350,1
2410,0
48490,1
275,0
57752,1
7926,0
48436,1
33543,1
48986,1
54289,1
57614,1
55975,1
10712,0
56516,1
7050,0
54223,1
6929,0
56805,1
41266,1
18715,0
5876,0
6513,0
48402,1
19579,0
42174,1
6326,0
55169,1
17226,0
6001,0
38078,1
11268,0
14773,0
26073,0
37787,1
51801,1
11620,0
31751,1
52852,1
9514,0
11044,0
49621,1
13468,0
25239,0
53868,1
46297,1
41231,1
1443,0
51045,1
38649,1
29448,1
9400,0
15690,0
975,0
30270,1
40327,1
32429,1
48451,1
3590,0
5507,0
53040,1
42144,1
42209,1
7255,0
40160,1
43956,1
9092,0
33571,1
46498,1
10615,0
14573,0
40860,1
25831,0
40113,1
41939,1
37698,1
5259,0
39569,1
22097,0
963,0
49425,1
2266,0
39886,1
56602,1
45908,1
12824,0
48901,1
54756,1
13756,0
45813,1
45910,1
10484,0
1860,0
7132,0
47970,1
24433,0
53753,1
13256,0
40547,1
49200,1
15365,0
15348,0
30190,1
1390,0
32402,1
31185,1
16997,0
12313,0
38900,1
32976,1
32787,1
55069,1
38432,1
39945,1
46232,1
1894,0
9301,0
7479,0
54436,1
16647,0
26931,0
9340,0
15879,0
1053,0
5275,0
58558,1
27951,0
45119,1
43107,1
21148,0
38646,1
27299,0
53016,1
49303,1
44294,1
15097,0
53844,1
11842,0
21036,0
27457,0
16075,0
30953,1
56853,1
7712,0
56973,1
13494,0
44275,1
46743,1
56065,1
26658,0
51025,1
24123,0
368,0
44967,1
38322,1
29081,0
43799,1
55970,1
27944,0
10284,0
45865,1
4265,0
15619,0
40498,1
16470,0
31207,1
21505,0
52330,1
42846,1
52963,1
28277,0
5778,0
52981,1
30781,1
41306,1
12965,0
8676,0
14496,0
12245,0
42488,1
28028,0
17378,0
54386,1
12562,0
43698,1
47512,1
36206,1
42552,1
24923,0
8596,0
47804,1
20163,0
6119,0
23169,0
30055,1
8201,0
14128,0
43614,1
51295,1
9047,0
25803,0
47776,1
14480,0
58500,1
6101,0
45393,1
21495,0
3416,0
20779,0
44482,1
29447,1
8651,0
13819,0
35617,1
14621,0
38415,1
37637,1
40389,1
43213,1
38711,1
5127,0
2122,0
52820,1
4193,0
41664,1
48178,1
28140,0
16852,0
25639,0
48394,1
40913,1
44264,1
32555,1
13352,0
40150,1
46420,1
5471,0
53689,1
2366,0
49829,1
37632,1
56517,1
53997,1
15967,0
20218,0
39746,1
55548,1
25116,0
9965,0
43264,1
41338,1
44259,1
21057,0
4007,0
22653,0
18873,0
51418,1
53042,1
2438,0
56082,1
48846,1
12923,0
21745,0
15773,0
31914,1
164,0
36704,1
36283,1
9458,0
49978,1
19973,0
34463,1
32238,1
47126,1
12687,0
45425,1
5964,0
31886,1
2448,0
22489,0
15049,0
28503,0
46739,1
21824,0
21395,0
3383,0
41221,1
54250,1
41205,1
39764,1
25998,0
15898,0
36044,1
25653,0
23588,0
50790,1
379,0
40427,1
29038,0
52601,1
12821,0
8631,0
19732,0
37715,1
53049,1
45365,1
42336,1
17784,0
14725,0
9972,0
40168,1
4280,0
31045,1
35581,1
46123,1
55027,1
42405,1
6188,0
84,0
50534,1
44761,1
36104,1
55972,1
34277,1
4067,0
36601,1
49927,1
16933,0
9500,0
3569,0
42168,1
47093,1
37598,1
28348,0
33614,1
48437,1
30938,1
4678,0
46911,1
47158,1
19775,0
24571,0
56195,1
47310,1
34912,1
17141,0
39238,1
18295,0
56034,1
9753,0
15591,0
22378,0
41120,1
16676,0
27207,0
1541,0
20378,0
15821,0
57571,1
52870,1
55707,1
46236,1
44727,1
41328,1
52416,1
15905,0
550,0
54869,1
3918,0
19525,0
26604,0
1803,0
33055,1
2132,0
57725,1
47461,1
31018,1
28304,0
13533,0
44618,1
50061,1
19510,0
2648,0
42741,1
8883,0
10056,0
44899,1
28007,0
49736,1
57211,1
10962,0
9416,0
42701,1
32205,1
54952,1
10394,0
5945,0
14920,0
8771,0
56581,1
33754,1
9749,0
11264,0
50136,1
19053,0
29797,1
18884,0
12701,0
40598,1
3062,0
19961,0
53278,1
42980,1
15390,0
54325,1
41847,1
15124,0
30491,1
57439,1
31083,1
34509,1
43746,1
56340,1
41835,1
809,0
37721,1
10910,0
22827,0
57959,1
22815,0
35443,1
53671,1
38412,1
19396,0
22380,0
16570,0
54143,1
38378,1
52558,1
35594,1
17995,0
31877,1
26492,0
14597,0
50819,1
5819,0
28720,0
27241,0
51932,1
42616,1
46835,1
8116,0
26965,0
18798,0
46108,1
11236,0
37953,1
54497,1
1698,0
35188,1
7613,0
18341,0
29712,1
15555,0
34481,1
14945,0
29396,1
5631,0
35763,1
17122,0
21063,0
34119,1
34961,1
7936,0
44329,1
45396,1
54629,1
37371,1
22117,0
37244,1
57700,1
28837,0
47683,1
40281,1
36040,1
20121,0
13660,0
57226,1
31792,1
58112,1
9187,0
16796,0
43156,1
11076,0
33809,1
12308,0
6630,0
8890,0
15833,0
38048,1
47185,1
52410,1
16172,0
29200,0
4768,0
50809,1
23359,0
33530,1
35960,1
8422,0
30211,1
43100,1
38070,1
40527,1
24336,0
13658,0
40685,1
36697,1
34703,1
54530,1
29778,1
13388,0
2290,0
28512,0
16457,0
21231,0
36992,1
36225,1
4743,0
8314,0
52518,1
10180,0
26458,0
23738,0
48180,1
46477,1
51192,1
50771,1
12598,0
54821,1
20812,0
28519,0
17600,0
27926,0
38922,1
12974,0
49540,1
928,0
35568,1
40326,1
8165,0
19718,0
56374,1
22040,0
27974,0
46194,1
20529,0
13908,0
57412,1
16614,0
30153,1
23841,0
15337,0
21914,0
4039,0
3917,0
50220,1
32061,1
56448,1
45726,1
36636,1
19422,0
35269,1
49818,1
55361,1
30798,1
50517,1
46107,1
16357,0
44923,1
6805,0
39855,1
12769,0
29062,0
31267,1
600,0
26402,0
262,0
54243,1
53644,1
37510,1
12776,0
1857,0
43921,1
19565,0
50526,1
16484,0
20444,0
9222,0
35177,1
17339,0
26892,0
36485,1
31463,1
10389,0
45686,1
6174,0
23817,0
26833,0
43937,1
14606,0
20672,0
9607,0
42850,1
30355,1
35967,1
2966,0
8238,0
34799,1
37631,1
12412,0
57566,1
15383,0
12978,0
14127,0
23143,0
30425,1
18859,0
53986,1
1173,0
11047,0
43744,1
34586,1
13850,0
24529,0
50088,1
6479,0
54156,1
1272,0
26279,0
43643,1
25322,0
34822,1
9829,0
36987,1
26444,0
56024,1
20613,0
22863,0
42969,1
13393,0
4087,0
824,0
48613,1
39488,1
15484,0
10411,0
27014,0
57642,1
6908,0
55740,1
1002,0
22798,0
35829,1
22807,0
7361,0
4742,0
25494,0
33601,1
52611,1
13090,0
35684,1
38342,1
55607,1
58314,1
4592,0
38879,1
38915,1
25324,0
34787,1
53464,1
12795,0
9509,0
30808,1
56401,1
47863,1
26921,0
40867,1
44373,1
39131,1
19091,0
11488,0
19189,0
18036,0
38676,1
51213,1
31131,1
18592,0
33635,1
10514,0
53706,1
40270,1
25428,0
28403,0
2476,0
3624,0
44366,1
49094,1
485,0
16375,0
49951,1
43323,1
21658,0
8484,0
25449,0
2924,0
31750,1
56455,1
44055,1
40114,1
27545,0
20653,0
8855,0
51281,1
21775,0
36497,1
31994,1
12358,0
17349,0
17827,0
8606,0
11197,0
35052,1
1539,0
56897,1
17819,0
11096,0
565,0
17663,0
52759,1
6543,0
25011,0
7670,0
58099,1
54069,1
5550,0
4874,0
40543,1
22134,0
48983,1
55568,1
33801,1
32039,1
20312,0
2631,0
45953,1
48156,1
12243,0
43200,1
3011,0
22638,0
26021,0
44834,1
55506,1
19689,0
32003,1
51696,1
1982,0
55182,1
34547,1
11355,0
45694,1
27187,0
19210,0
51500,1
38808,1
3351,0
35890,1
39611,1
36700,1
37968,1
22084,0
49251,1
32434,1
36765,1
36581,1
49948,1
26515,0
13750,0
23362,0
37890,1
32410,1
36239,1
29984,1
51020,1
41301,1
39443,1
44547,1
55127,1
33168,1
55133,1
23288,0
19878,0
52976,1
11126,0
47556,1
46756,1
31512,1
26800,0
53510,1
36838,1
33675,1
32860,1
129,0
9140,0
50339,1
47005,1
28961,0
812,0
11335,0
16827,0
48604,1
9651,0
26804,0
30477,1
53691,1
19964,0
7282,0
8607,0
36230,1
8396,0
44489,1
52686,1
6834,0
51217,1
40629,1
46463,1
14074,0
23249,0
4355,0
51775,1
23896,0
8161,0
997,0
13154,0
27967,0
56871,1
34752,1
26112,0
4708,0
24438,0
15805,0
15342,0
16841,0
46460,1
40833,1
16437,0
56162,1
54274,1
45808,1
51116,1
38037,1
31021,1
27351,0
2070,0
3139,0
49989,1
27540,0
35498,1
34975,1
42864,1
38592,1
8437,0
10783,0
21001,0
3646,0
6128,0
21440,0
6544,0
35327,1
53137,1
22351,0
55913,1
51806,1
53176,1
15371,0
50306,1
2017,0
43694,1
43210,1
43981,1
1559,0
31809,1
35532,1
29775,1
29532,1
13873,0
13136,0
58293,1
37528,1
45640,1
45664,1
6578,0
35619,1
46137,1
43766,1
14775,0
39838,1
18283,0
43207,1
58250,1
44576,1
56801,1
27073,0
58356,1
33722,1
4074,0
19240,0
45158,1
15971,0
4832,0
38470,1
50402,1
37230,1
3975,0
9372,0
3263,0
10812,0
15726,0
40555,1
32041,1
52974,1
2102,0
23046,0
30890,1
12042,0
45470,1
53589,1
15713,0
50940,1
25497,0
8435,0
47007,1
32326,1
42517,1
43481,1
37548,1
18255,0
6777,0
22840,0
15556,0
27988,0
55139,1
53157,1
56360,1
52978,1
53564,1
19281,0
36178,1
5224,0
2331,0
27977,0
53081,1
54111,1
22080,0
49615,1
13880,0
25310,0
6888,0
26865,0
28160,0
28129,0
27936,0
27861,0
36829,1
55421,1
2540,0
24066,0
18521,0
10624,0
50741,1
39601,1
29178,0
38611,1
50498,1
6011,0
10441,0
222,0
41952,1
48003,1
31340,1
51092,1
28401,0
1945,0
22517,0
45362,1
30668,1
37955,1
28275,0
22828,0
44433,1
14117,0
13338,0
3688,0
28545,0
49448,1
530,0
13264,0
24018,0
21593,0
35668,1
2349,0
1718,0
29928,1
33062,1
19413,0
40394,1
51694,1
22835,0
45426,1
24278,0
41877,1
52152,1
22621,0
38099,1
47810,1
30154,1
55981,1
34555,1
25464,0
6435,0
13692,0
32437,1
46560,1
14674,0
13085,0
4282,0
39236,1
52065,1
4963,0
5338,0
58196,1
22616,0
57396,1
38524,1
18808,0
14650,0
12615,0
35951,1
21803,0
30235,1
33702,1
44381,1
55432,1
52450,1
55111,1
19808,0
34024,1
53919,1
28209,0
50492,1
13114,0
40613,1
45760,1
21175,0
46597,1
815,0
44048,1
4246,0
16833,0
48281,1
36731,1
33485,1
32948,1
49824,1
52757,1
23036,0
31654,1
7197,0
50995,1
56676,1
20971,0
33176,1
23719,0
33737,1
54427,1
1669,0
13786,0
51697,1
55855,1
5149,0
40234,1
39673,1
53130,1
45034,1
34560,1
6603,0
22011,0
33094,1
57639,1
1379,0
55135,1
18387,0
41526,1
44405,1
39105,1
21663,0
26686,0
46158,1
36092,1
18252,0
566,0
967,0
41260,1
8776,0
4701,0
5502,0
49744,1
45642,1
56311,1
50681,1
18890,0
57021,1
33148,1
36661,1
2997,0
44975,1
15964,0
36358,1
29789,1
49134,1
55454,1
28420,0
15405,0
36996,1
54302,1
54339,1
38124,1
53925,1
52380,1
21859,0
47660,1
18282,0
12613,0
39712,1
15736,0
18174,0
30164,1
27496,0
1544,0
32133,1
3458,0
8280,0
1888,0
21866,0
46861,1
8378,0
8932,0
22150,0
49116,1
1357,0
14745,0
38163,1
46269,1
49139,1
29965,1
54498,1
16717,0
4817,0
49775,1
14977,0
46662,1
47084,1
35203,1
30371,1
179,0
23746,0
38489,1
52064,1
18901,0
21646,0
11564,0
35478,1
7725,0
14952,0
19536,0
4112,0
30554,1
57013,1
11134,0
54301,1
9449,0
33565,1
50138,1
47958,1
27437,0
53729,1
43794,1
19969,0
38034,1
34864,1
14298,0
17613,0
5339,0
51988,1
41654,1
57514,1
9963,0
4294,0
41324,1
25524,0
2768,0
7294,0
48453,1
46152,1
8247,0
21781,0
2341,0
33397,1
13642,0
27869,0
14023,0
48472,1
16504,0
5625,0
24143,0
17445,0
22342,0
10074,0
35504,1
30094,1
14857,0
10950,0
12027,0
52262,1
40723,1
33662,1
33467,1
24884,0
46281,1
25568,0
51107,1
20426,0
17452,0
1850,0
52804,1
20231,0
49088,1
39332,1
5220,0
17970,0
15071,0
11305,0
48378,1
47229,1
9594,0
28751,0
27769,0
27807,0
58382,1
16680,0
56336,1
38788,1
29393,1
45909,1
27789,0
20830,0
51398,1
53486,1
14032,0
23063,0
11434,0
37612,1
41034,1
19692,0
52982,1
57161,1
48467,1
14726,0
37700,1
28471,0
27982,0
36402,1
14999,0
39344,1
14832,0
41943,1
56709,1
3280,0
9647,0
2036,0
55709,1
31178,1
24210,0
14509,0
7696,0
54538,1
6431,0
47710,1
19138,0
17138,0
51383,1
18486,0
22571,0
31326,1
12859,0
18986,0
1398,0
38223,1
40880,1
32699,1
38772,1
14590,0
53935,1
50207,1
37134,1
49397,1
10472,0
47522,1
9041,0
41928,1
11283,0
1879,0
25986,0
17303,0
285,0
24763,0
28722,0
42890,1
46251,1
29006,0
1092,0
51167,1
23287,0
53096,1
42896,1
23652,0
42284,1
3623,0
49707,1
11910,0
46686,1
33129,1
31526,1
3192,0
19474,0
33273,1
37657,1
51909,1
53026,1
32554,1
53376,1
10660,0
56631,1
15923,0
53891,1
8976,0
54917,1
35249,1
17399,0
39773,1
7194,0
2185,0
21309,0
39863,1
1139,0
38881,1
45824,1
37855,1
51497,1
880,0
46596,1
31454,1
11681,0
48203,1
22744,0
25174,0
52701,1
1241,0
38024,1
27623,0
3405,0
19726,0
38655,1
43838,1
41743,1
12334,0
24333,0
43555,1
57772,1
22843,0
34907,1
2547,0
40105,1
43245,1
50932,1
2372,0
32403,1
407,0
2686,0
15529,0
25590,0
52072,1
29921,1
55824,1
34108,1
31227,1
10121,0
21401,0
25037,0
46361,1
53897,1
34786,1
6903,0
50109,1
43998,1
53112,1
28116,0
7108,0
27482,0
27218,0
5641,0
1536,0
52928,1
2108,0
2925,0
50041,1
26056,0
16382,0
44694,1
26228,0
44689,1
49231,1
33563,1
45055,1
44999,1
50120,1
35506,1
21035,0
1962,0
6925,0
33327,1
13253,0
10239,0
16626,0
14578,0
45482,1
42267,1
48454,1
38350,1
11317,0
9124,0
31081,1
8766,0
6052,0
27557,0
38271,1
52572,1
20101,0
29483,1
49465,1
50893,1
5040,0
52086,1
56289,1
8822,0
45437,1
40614,1
42585,1
8424,0
24148,0
35040,1
1910,0
5452,0
14780,0
14987,0
34186,1
32134,1
198,0
33450,1
29879,1
32349,1
35773,1
40351,1
45749,1
5696,0
9710,0
14914,0
19958,0
27729,0
14601,0
35570,1
41125,1
20390,0
30676,1
42720,1
45298,1
45340,1
10071,0
28444,0
53575,1
19505,0
38732,1
18276,0
31581,1
16222,0
4536,0
41219,1
36619,1
50747,1
37761,1
41708,1
36067,1
51660,1
33545,1
43571,1
44369,1
42099,1
58211,1
3795,0
42083,1
26798,0
24260,0
46291,1
24741,0
49455,1
48368,1
55374,1
14479,0
38943,1
14265,0
36589,1
24716,0
14810,0
54786,1
43772,1
15280,0
56706,1
16476,0
46542,1
53436,1
33773,1
40143,1
9709,0
42705,1
31676,1
31413,1
28898,0
3546,0
15578,0
53361,1
11640,0
56900,1
34661,1
15420,0
23479,0
11557,0
1472,0
52739,1
45109,1
20478,0
35417,1
13630,0
39289,1
24895,0
12209,0
23297,0
40786,1
706,0
40156,1
34581,1
45282,1
14239,0
12786,0
57059,1
33222,1
50663,1
16974,0
49115,1
34947,1
44308,1
11449,0
31395,1
9330,0
8279,0
42855,1
14279,0
20800,0
41473,1
37046,1
26011,0
6772,0
52309,1
58544,1
53850,1
5120,0
48995,1
40854,1
50040,1
7516,0
5288,0
41225,1
18731,0
25901,0
50381,1
36732,1
18569,0
26844,0
15357,0
31589,1
42568,1
51907,1
16593,0
11367,0
1845,0
56873,1
21657,0
43064,1
58301,1
49681,1
50399,1
44428,1
22257,0
6403,0
8153,0
18302,0
50261,1
8619,0
50380,1
23005,0
54423,1
29012,0
45278,1
48412,1
13867,0
15257,0
50244,1
41362,1
38096,1
53512,1
44197,1
24921,0
22965,0
9943,0
5398,0
16869,0
1968,0
38333,1
42644,1
18680,0
55618,1
32208,1
12863,0
57869,1
38274,1
45257,1
7443,0
36546,1
2512,0
40977,1
56734,1
33583,1
42087,1
5266,0
631,0
13619,0
41163,1
652,0
11180,0
24586,0
18524,0
2202,0
54607,1
45611,1
9336,0
14690,0
9909,0
4929,0
9919,0
19848,0
55625,1
34269,1
25684,0
44474,1
43074,1
4921,0
40941,1
28650,0
49578,1
44760,1
28071,0
12419,0
10560,0
31888,1
5721,0
56605,1
14264,0
12446,0
42773,1
14876,0
28547,0
57310,1
13210,0
52291,1
43672,1
55825,1
51608,1
49659,1
20777,0
73,0
40774,1
20712,0
24374,0
34926,1
26978,0
40608,1
45600,1
56378,1
2304,0
52859,1
9112,0
50852,1
49845,1
5091,0
30893,1
20042,0
8213,0
35962,1
29308,1
49061,1
6020,0
54288,1
7437,0
15109,0
26894,0
11636,0
20008,0
55262,1
9561,0
37644,1
42792,1
7012,0
57407,1
10308,0
55408,1
20965,0
52568,1
49512,1
24237,0
2391,0
25883,0
24206,0
30449,1
48024,1
21638,0
42461,1
8131,0
16038,0
15081,0
20145,0
1889,0
51679,1
35790,1
1781,0
51852,1
38520,1
33428,1
28686,0
54077,1
44098,1
10166,0
8369,0
21320,0
31424,1
38893,1
18469,0
45297,1
57350,1
34847,1
52011,1
12586,0
48896,1
4242,0
25229,0
20000,0
14322,0
29025,0
32565,1
10036,0
5061,0
49539,1
18561,0
74,0
27476,0
27444,0
28941,0
52178,1
17588,0
49537,1
37289,1
24793,0
46169,1
30167,1
50195,1
43637,1
44992,1
58552,1
54555,1
39840,1
54738,1
10286,0
13608,0
8394,0
51978,1
6390,0
51770,1
32618,1
13329,0
23999,0
45173,1
15321,0
21706,0
19899,0
34241,1
11628,0
53953,1
3124,0
41485,1
2414,0
47744,1
48752,1
55375,1
24249,0
43790,1
52529,1
6193,0
13542,0
11509,0
23015,0
53008,1
23182,0
29578,1
16844,0
4668,0
48766,1
6625,0
2736,0
46696,1
13343,0
39033,1
43247,1
14321,0
31026,1
22536,0
18362,0
13270,0
49282,1
49742,1
39903,1
51148,1
6029,0
35796,1
30551,1
8255,0
11783,0
35396,1
32839,1
2834,0
33426,1
45432,1
15162,0
5691,0
22570,0
40119,1
40032,1
2473,0
58258,1
43556,1
25516,0
42372,1
42531,1
32214,1
54739,1
47019,1
5689,0
44092,1
14637,0
24814,0
8144,0
49055,1
51902,1
25107,0
11914,0
6745,0
1459,0
33510,1
14575,0
57168,1
54757,1
11075,0
30432,1
3777,0
22201,0
44833,1
38442,1
48775,1
16297,0
51156,1
41538,1
46289,1
36623,1
884,0
18393,0
39864,1
23323,0
26347,0
36524,1
5028,0
18737,0
47132,1
25101,0
57376,1
13265,0
14176,0
21442,0
998,0
49389,1
56518,1
14903,0
38920,1
20412,0
46652,1
54616,1
25212,0
19391,0
24810,0
18342,0
27548,0
15994,0
47729,1
25445,0
56868,1
34748,1
8001,0
19562,0
4915,0
49807,1
50692,1
42712,1
55937,1
7940,0
24057,0
45755,1
21405,0
41148,1
14827,0
48738,1
48544,1
3721,0
22725,0
44737,1
58174,1
36511,1
34677,1
56179,1
53759,1
2260,0
34803,1
34929,1
12957,0
19928,0
46717,1
16503,0
50832,1
65,0
33331,1
43285,1
47252,1
13592,0
15159,0
49357,1
14546,0
17742,0
42025,1
10416,0
48076,1
34380,1
45764,1
11764,0
24495,0
10536,0
52018,1
21317,0
7766,0
40698,1
18397,0
35626,1
6586,0
128,0
44961,1
9407,0
35865,1
42278,1
1672,0
19453,0
21609,0
41303,1
32455,1
28672,0
11071,0
4342,0
30103,1
20086,0
51687,1
33848,1
37209,1
11624,0
27526,0
2982,0
41787,1
14163,0
18198,0
20703,0
49422,1
45981,1
5599,0
34554,1
12083,0
8709,0
40946,1
17190,0
24908,0
41343,1
34105,1
52411,1
17755,0
888,0
45348,1
55694,1
25552,0
10404,0
5846,0
40407,1
58019,1
11709,0
43482,1
4310,0
15605,0
5839,0
36588,1
8060,0
11428,0
14793,0
2855,0
23006,0
48979,1
24660,0
56477,1
4253,0
12862,0
46790,1
40209,1
31490,1
12847,0
3679,0
22926,0
51539,1
47987,1
12642,0
29694,1
50724,1
29572,1
15654,0
11214,0
28483,0
21182,0
35631,1
22202,0
51176,1
16926,0
17499,0
29936,1
55892,1
15179,0
36879,1
42310,1
21417,0
52712,1
9855,0
40456,1
35660,1
14475,0
40103,1
7304,0
1919,0
40332,1
10836,0
40831,1
40132,1
48773,1
49922,1
19081,0
10953,0
9616,0
31099,1
10095,0
47149,1
15319,0
28938,0
41588,1
53238,1
3704,0
25255,0
54227,1
57044,1
1202,0
19298,0
15167,0
15532,0
35038,1
33009,1
43822,1
1660,0
52173,1
25525,0
51552,1
28485,0
47555,1
18542,0
6323,0
26006,0
34683,1
52337,1
8875,0
55564,1
56133,1
16755,0
20638,0
37110,1
48146,1
21921,0
15786,0
45414,1
41590,1
48052,1
30843,1
43843,1
18399,0
54660,1
43884,1
44132,1
28159,0
13566,0
3997,0
19069,0
3844,0
41385,1
40885,1
14366,0
51122,1
35597,1
53805,1
53404,1
45341,1
12478,0
42943,1
35605,1
24152,0
7270,0
21337,0
44372,1
37779,1
24476,0
7318,0
43350,1
3753,0
34429,1
4868,0
14615,0
1326,0
39028,1
3773,0
33877,1
32693,1
30470,1
15843,0
39870,1
11051,0
22706,0
58472,1
41897,1
56197,1
35601,1
4815,0
36070,1
45916,1
53084,1
22757,0
44337,1
14355,0
21992,0
23115,0
856,0
19765,0
8785,0
5262,0
52082,1
6763,0
42871,1
57259,1
8833,0
12103,0
11095,0
2528,0
25206,0
56532,1
8465,0
8057,0
38320,1
39121,1
16398,0
57009,1
4604,0
39290,1
10245,0
39691,1
37671,1
53783,1
12774,0
48142,1
46531,1
31396,1
53160,1
9057,0
36725,1
40582,1
255,0
27919,0
48884,1
50808,1
13060,0
13589,0
50595,1
19592,0
54761,1
23809,0
13663,0
19839,0
26446,0
16404,0
27641,0
44390,1
36582,1
35564,1
30868,1
51290,1
4700,0
13728,0
4872,0
2015,0
35241,1
9935,0
25678,0
24788,0
38189,1
51618,1
37784,1
40319,1
29857,1
52075,1
42321,1
38978,1
34943,1
29032,0
6987,0
43075,1
52307,1
58170,1
21506,0
55703,1
13729,0
18518,0
27410,0
31237,1
31392,1
57709,1
6795,0
2362,0
44509,1
15678,0
22960,0
7250,0
5203,0
3593,0
57906,1
51863,1
13956,0
23623,0
33838,1
53335,1
13677,0
68,0
14572,0
18132,0
25361,0
56744,1
13042,0
21528,0
41126,1
54944,1
26766,0
21848,0
55021,1
25685,0
52424,1
52179,1
26992,0
41135,1
16758,0
52117,1
15117,0
35008,1
57134,1
43657,1
27318,0
30943,1
33906,1
49797,1
54015,1
28596,0
48512,1
52422,1
56712,1
36471,1
23435,0
11147,0
18009,0
54388,1
53338,1
32221,1
9657,0
8117,0
1448,0
29188,0
9066,0
9736,0
52685,1
39743,1
33785,1
32189,1
2156,0
31343,1
22098,0
16084,0
32038,1
30045,1
48594,1
36963,1
32734,1
6096,0
7387,0
12635,0
9478,0
21286,0
24967,0
43522,1
6320,0
30191,1
43050,1
9532,0
46722,1
35956,1
22775,0
45558,1
35847,1
30991,1
38313,1
56964,1
12518,0
795,0
29834,1
54504,1
13016,0
10885,0
25910,0
15973,0
47928,1
39635,1
43613,1
33836,1
4522,0
12796,0
28665,0
18216,0
22771,0
27221,0
2055,0
25621,0
17283,0
22429,0
51854,1
48574,1
5123,0
42929,1
27420,0
31448,1
32564,1
37633,1
28617,0
20837,0
2344,0
57793,1
40115,1
8793,0
38228,1
57561,1
56938,1
52370,1
54529,1
26881,0
35124,1
17914,0
27895,0
54028,1
28352,0
27465,0
23300,0
35805,1
37340,1
38730,1
40098,1
32465,1
42159,1
51193,1
47492,1
35971,1
16515,0
45957,1
44696,1
19032,0
50168,1
29507,1
33379,1
53247,1
8265,0
9546,0
13571,0
9248,0
47297,1
20081,0
57917,1
4679,0
53528,1
54348,1
48002,1
26963,0
45971,1
24750,0
55868,1
2560,0
27212,0
46781,1
4110,0
50433,1
51256,1
27978,0
35077,1
26848,0
25430,0
53514,1
12026,0
39695,1
6307,0
18722,0
45484,1
38929,1
15388,0
7882,0
18999,0
50070,1
5781,0
15131,0
37808,1
27184,0
14804,0
47497,1
9358,0
17599,0
42902,1
34611,1
41443,1
36085,1
55553,1
51714,1
20196,0
8113,0
20890,0
15974,0
51493,1
46442,1
33165,1
4298,0
47110,1
8940,0
46433,1
9473,0
55219,1
58343,1
42396,1
46443,1
14104,0
27916,0
36749,1
45117,1
16949,0
15437,0
41966,1
52448,1
44668,1
29135,0
31922,1
966,0
43359,1
2288,0
46705,1
32632,1
19098,0
19673,0
51420,1
924,0
4818,0
37147,1
7816,0
37915,1
13082,0
27227,0
51570,1
716,0
584,0
17720,0
31710,1
708,0
3565,0
15391,0
48176,1
54657,1
35702,1
37621,1
24653,0
27281,0
12883,0
7550,0
40155,1
52001,1
38438,1
14337,0
24695,0
54224,1
4887,0
31610,1
9543,0
27802,0
12293,0
40837,1
58116,1
11319,0
13783,0
5586,0
10772,0
56169,1
29906,1
48313,1
7900,0
45296,1
35057,1
49297,1
26066,0
25839,0
14812,0
47665,1
44917,1
2486,0
6569,0
20177,0
33348,1
32701,1
31039,1
50215,1
53791,1
35609,1
49019,1
32846,1
49305,1
17544,0
25058,0
53078,1
11966,0
56556,1
57146,1
17008,0
6712,0
45153,1
49849,1
2510,0
19116,0
55013,1
53550,1
6740,0
12217,0
52761,1
8406,0
54717,1
18328,0
53191,1
57713,1
9291,0
15955,0
10723,0
37867,1
43547,1
42533,1
17756,0
48623,1
20275,0
46473,1
22772,0
26934,0
22971,0
52094,1
30119,1
13305,0
30360,1
41138,1
57,0
3319,0
15903,0
43049,1
1018,0
7078,0
20301,0
56643,1
55796,1
9182,0
10605,0
52777,1
33308,1
36950,1
14310,0
38834,1
2728,0
25308,0
46302,1
18893,0
53531,1
2710,0
416,0
11854,0
36196,1
52109,1
8462,0
33992,1
19647,0
4496,0
56896,1
44592,1
10907,0
3149,0
9872,0
52961,1
33247,1
50176,1
8645,0
11985,0
18127,0
4869,0
12386,0
31476,1
26970,0
4042,0
11121,0
41868,1
52973,1
30222,1
28987,0
3619,0
56710,1
42266,1
32557,1
15865,0
44242,1
32361,1
24305,0
44656,1
18541,0
36722,1
41445,1
12111,0
38162,1
52502,1
39843,1
49887,1
42921,1
27948,0
57721,1
1026,0
5323,0
35428,1
50251,1
51507,1
3873,0
2114,0
6332,0
46821,1
12104,0
29364,1
33000,1
11288,0
48272,1
44079,1
39564,1
37448,1
52939,1
43659,1
19292,0
50698,1
56062,1
54623,1
9172,0
23603,0
13611,0
48147,1
23081,0
38700,1
46585,1
47817,1
47884,1
1038,0
29368,1
13725,0
32360,1
35669,1
8324,0
41051,1
9729,0
50892,1
3182,0
56482,1
55020,1
11196,0
26008,0
15663,0
25252,0
20002,0
12720,0
5292,0
9876,0
47883,1
23794,0
25553,0
3189,0
18251,0
22884,0
45271,1
30764,1
56503,1
33947,1
27109,0
41210,1
29093,0
11629,0
8232,0
24268,0
25602,0
46140,1
14418,0
23459,0
50968,1
33699,1
24831,0
8419,0
23460,0
2118,0
54536,1
9971,0
47580,1
45563,1
41917,1
43604,1
45403,1
54349,1
30480,1
31724,1
36989,1
40917,1
1624,0
31731,1
18423,0
14450,0
55076,1
49876,1
24425,0
48200,1
26750,0
5089,0
12125,0
7219,0
56688,1
6495,0
24321,0
2607,0
48689,1
41869,1
30454,1
29762,1
16453,0
21170,0
56778,1
20156,0
3794,0
28973,0
26683,0
11275,0
16684,0
25554,0
54485,1
58093,1
14909,0
35863,1
53968,1
42613,1
32272,1
44748,1
44526,1
40123,1
30804,1
53864,1
16837,0
58466,1
25205,0
8188,0
22081,0
55409,1
2684,0
40813,1
27989,0
47136,1
39024,1
41143,1
499,0
14528,0
25416,0
5853,0
10945,0
26521,0
1714,0
17245,0
15759,0
50865,1
50378,1
7669,0
20905,0
40892,1
19674,0
34763,1
43011,1
26781,0
38036,1
26554,0
17281,0
47166,1
41197,1
2355,0
55289,1
28886,0
29956,1
32898,1
52989,1
21536,0
10820,0
21402,0
23286,0
9396,0
54194,1
160,0
18247,0
9282,0
49165,1
14802,0
50046,1
49417,1
15506,0
27900,0
38102,1
44040,1
10251,0
40745,1
52633,1
1999,0
52772,1
14747,0
50894,1
51706,1
6732,0
37994,1
17425,0
31729,1
25368,0
24984,0
11366,0
50591,1
26318,0
28658,0
2346,0
39639,1
55429,1
34279,1
25956,0
35627,1
3199,0
17060,0
220,0
4754,0
54285,1
30921,1
15650,0
20974,0
13744,0
33961,1
709,0
37673,1
29702,1
1811,0
43068,1
33155,1
28814,0
4333,0
57705,1
40991,1
29123,0
10294,0
44401,1
8181,0
31299,1
50723,1
51760,1
30888,1
46998,1
56895,1
29611,1
15732,0
45822,1
49699,1
7037,0
19141,0
36855,1
28099,0
20071,0
43592,1
46200,1
22610,0
12528,0
9739,0
20338,0
5430,0
34643,1
54134,1
46461,1
45065,1
50248,1
51885,1
37413,1
57610,1
27692,0
37055,1
18670,0
20788,0
47511,1
36448,1
24383,0
46940,1
20601,0
35857,1
40397,1
11143,0
16723,0
37350,1
35169,1
56298,1
54579,1
4241,0
19075,0
49843,1
54628,1
39449,1
38192,1
40654,1
22096,0
18865,0
41744,1
46153,1
47830,1
46485,1
47242,1
55472,1
27079,0
21843,0
6224,0
36946,1
43570,1
24928,0
45875,1
52967,1
43138,1
12511,0
18326,0
15115,0
12806,0
43671,1
20123,0
29309,1
33405,1
49956,1
30765,1
8786,0
33698,1
56170,1
8526,0
3957,0
57946,1
16043,0
44810,1
19191,0
4040,0
29852,1
41482,1
29497,1
35325,1
52971,1
33339,1
20155,0
50816,1
25231,0
54581,1
30168,1
18638,0
15354,0
19466,0
8866,0
35777,1
24918,0
41960,1
55380,1
21686,0
35652,1
3908,0
31248,1
9085,0
36037,1
55644,1
35113,1
17608,0
308,0
54377,1
46906,1
3102,0
55168,1
41331,1
17011,0
42082,1
49329,1
11228,0
49733,1
14610,0
705,0
57018,1
11671,0
35147,1
45703,1
24191,0
56497,1
44730,1
35772,1
40333,1
48351,1
56890,1
19057,0
38309,1
4504,0
47168,1
6098,0
23160,0
1822,0
54071,1
54471,1
27329,0
9975,0
6878,0
41603,1
32259,1
26534,0
31029,1
13779,0
50233,1
9806,0
51333,1
30998,1
9604,0
51560,1
2774,0
10402,0
37544,1
40372,1
23385,0
52927,1
12051,0
26247,0
54907,1
43161,1
33637,1
55650,1
16631,0
48040,1
39674,1
1075,0
27844,0
5840,0
34034,1
10254,0
41637,1
46458,1
55544,1
24996,0
21512,0
49791,1
48711,1
714,0
18231,0
30766,1
55864,1
18140,0
20057,0
13933,0
5270,0
57194,1
47895,1
578,0
29122,0
47430,1
29471,1
51328,1
33713,1
31839,1
5140,0
5504,0
51721,1
33272,1
44742,1
45017,1
44102,1
5008,0
47163,1
23729,0
19862,0
10217,0
8801,0
35888,1
51028,1
46057,1
48419,1
45012,1
37178,1
7547,0
11656,0
46738,1
54062,1
34274,1
52168,1
31725,1
10862,0
20404,0
19002,0
29111,0
22728,0
32781,1
13553,0
55092,1
52300,1
42867,1
54976,1
10164,0
19679,0
26480,0
507,0
7107,0
45127,1
42057,1
40690,1
16343,0
38366,1
17468,0
7638,0
23702,0
42138,1
30591,1
11652,0
1631,0
26961,0
48125,1
50481,1
35465,1
4457,0
40679,1
53818,1
28626,0
1427,0
47015,1
30431,1
9075,0
10048,0
7652,0
6266,0
17212,0
56443,1
9295,0
58119,1
52570,1
5614,0
36612,1
9696,0
13153,0
52216,1
54718,1
28278,0
24979,0
40929,1
34568,1
54673,1
52596,1
4260,0
55101,1
18164,0
29737,1
31801,1
33032,1
35724,1
27442,0
32889,1
3094,0
33997,1
12078,0
6670,0
17842,0
50135,1
35058,1
42152,1
48925,1
58535,1
55255,1
33907,1
3853,0
49310,1
54654,1
36656,1
46315,1
8598,0
29327,1
6945,0
28694,0
14438,0
25872,0
28576,0
39967,1
32064,1
36018,1
23490,0
25209,0
7593,0
58308,1
9436,0
45,0
353,0
38321,1
41176,1
17437,0
29283,0
42120,1
32744,1
44140,1
31772,1
49763,1
3874,0
49519,1
28821,0
2458,0
15582,0
23838,0
11368,0
37900,1
29057,0
33494,1
51738,1
19649,0
51235,1
1680,0
38292,1
44338,1
21966,0
44650,1
50582,1
29039,0
53736,1
18695,0
20549,0
33212,1
38417,1
55483,1
20506,0
1278,0
31491,1
41542,1
52672,1
3720,0
48852,1
27242,0
31674,1
18897,0
54209,1
17728,0
24346,0
3567,0
3285,0
21484,0
1077,0
14326,0
37506,1
55231,1
8414,0
41428,1
52048,1
39663,1
36129,1
54679,1
3308,0
34969,1
51487,1
49634,1
19577,0
20600,0
56650,1
50098,1
58015,1
37805,1
22430,0
28940,0
23060,0
12953,0
7717,0
54664,1
54703,1
26173,0
22039,0
23666,0
17967,0
46019,1
29035,0
24490,0
2401,0
54624,1
31872,1
21940,0
5924,0
6241,0
18245,0
34327,1
24092,0
44813,1
55002,1
29341,1
21392,0
54137,1
10460,0
3138,0
7672,0
21328,0
23529,0
47777,1
54443,1
24613,0
55861,1
33303,1
24008,0
5749,0
49942,1
7489,0
45337,1
52622,1
3254,0
33711,1
8370,0
50489,1
44385,1
6092,0
15315,0
10421,0
58392,1
47572,1
58187,1
28249,0
26074,0
46791,1
40571,1
55275,1
36715,1
23964,0
38167,1
9677,0
480,0
44217,1
49176,1
5795,0
2420,0
15425,0
43717,1
30439,1
6842,0
30841,1
17595,0
51437,1
10630,0
34419,1
37288,1
50418,1
1486,0
36576,1
50496,1
5046,0
16579,0
18453,0
15404,0
51013,1
2861,0
16805,0
6725,0
55283,1
20564,0
22050,0
41131,1
53915,1
38683,1
15207,0
53822,1
47312,1
44234,1
23757,0
32720,1
44695,1
55854,1
40794,1
48697,1
31761,1
12886,0
1977,0
10586,0
32640,1
38454,1
30613,1
13165,0
21647,0
58496,1
21956,0
7452,0
30784,1
36854,1
16396,0
52417,1
55917,1
3462,0
19264,0
51626,1
20105,0
31430,1
17637,0
5112,0
29564,1
52886,1
10439,0
37881,1
3085,0
45983,1
46961,1
51839,1
42353,1
39828,1
42744,1
209,0
43407,1
58300,1
48956,1
758,0
49149,1
54558,1
34177,1
37068,1
9059,0
4784,0
54344,1
20661,0
6003,0
7252,0
27589,0
16192,0
54782,1
48560,1
11331,0
46798,1
58430,1
3238,0
57836,1
30712,1
21191,0
17805,0
55450,1
11687,0
28036,0
2449,0
25550,0
20154,0
50238,1
51964,1
30416,1
51496,1
35461,1
48818,1
51762,1
17878,0
52785,1
41523,1
30206,1
52985,1
23437,0
42482,1
372,0
37256,1
2197,0
16600,0
29073,0
52793,1
40623,1
34501,1
54666,1
9267,0
54199,1
48984,1
42789,1
2814,0
17703,0
4233,0
3023,0
33398,1
51757,1
3018,0
16854,0
17980,0
40580,1
32600,1
14500,0
27294,0
39983,1
6133,0
55863,1
16330,0
8380,0
29346,1
55008,1
21540,0
51862,1
20107,0
4384,0
20216,0
10529,0
20988,0
46462,1
30188,1
40354,1
13482,0
12191,0
42230,1
20722,0
39211,1
51261,1
24015,0
30263,1
13095,0
24339,0
7660,0
45898,1
21358,0
22716,0
26966,0
49765,1
12756,0
26358,0
3819,0
8966,0
51145,1
22763,0
13638,0
36709,1
20705,0
27710,0
1689,0
4165,0
19826,0
30614,1
14097,0
26764,0
52879,1
36730,1
49831,1
30619,1
34295,1
55195,1
15816,0
6719,0
9839,0
45209,1
40864,1
23665,0
51582,1
54575,1
5312,0
24590,0
18734,0
51874,1
43395,1
12231,0
4161,0
58526,1
40985,1
43061,1
14066,0
54210,1
43483,1
57485,1
1495,0
56026,1
33799,1
16670,0
55193,1
42128,1
53622,1
57983,1
18455,0
46735,1
34676,1
55517,1
33221,1
32956,1
49550,1
794,0
46997,1
42145,1
33544,1
16983,0
33310,1
40344,1
33437,1
30150,1
4620,0
30702,1
35654,1
55300,1
21270,0
26264,0
33460,1
943,0
55590,1
4373,0
53914,1
58539,1
53438,1
23901,0
30534,1
47051,1
43782,1
30629,1
5654,0
28750,0
15720,0
43087,1
12962,0
3854,0
30136,1
8889,0
9796,0
13483,0
33101,1
6832,0
29529,1
52285,1
21419,0
24271,0
15482,0
35218,1
3293,0
5732,0
40739,1
23351,0
13436,0
5861,0
36262,1
26843,0
56167,1
53087,1
8591,0
55620,1
32324,1
11904,0
4866,0
16368,0
56614,1
45320,1
56315,1
14363,0
23495,0
31707,1
14028,0
35757,1
25427,0
26787,0
4266,0
14348,0
32772,1
33498,1
55829,1
9246,0
42207,1
49288,1
12400,0
8177,0
30882,1
30159,1
9015,0
5362,0
6062,0
1972,0
28881,0
7100,0
42432,1
18056,0
3170,0
6730,0
40734,1
390,0
47387,1
34576,1
15015,0
16295,0
53140,1
29912,1
611,0
19761,0
5935,0
52905,1
24293,0
43536,1
56371,1
34524,1
52819,1
4843,0
38710,1
7772,0
5929,0
35883,1
55889,1
13460,0
9870,0
50637,1
35427,1
21968,0
37172,1
16564,0
4788,0
30289,1
23671,0
23526,0
17566,0
1301,0
33455,1
41901,1
47818,1
6606,0
18676,0
31172,1
32982,1
53499,1
41761,1
48476,1
2922,0
13823,0
32726,1
48264,1
5566,0
39576,1
3472,0
50519,1
30750,1
33712,1
23114,0
42922,1
58167,1
14984,0
21051,0
31407,1
17636,0
33790,1
23943,0
3691,0
28995,0
8745,0
43802,1
8346,0
26383,0
37423,1
28337,0
53271,1
18304,0
37154,1
8576,0
41702,1
21255,0
25347,0
38602,1
26983,0
11642,0
24531,0
23566,0
27507,0
48932,1
47921,1
31699,1
40029,1
54730,1
30338,1
31721,1
6608,0
7175,0
15424,0
20188,0
29114,0
36264,1
41763,1
29509,1
7159,0
27371,0
3736,0
35503,1
30656,1
50896,1
33892,1
37035,1
12553,0
50159,1
27758,0
30107,1
26797,0
53734,1
31778,1
35027,1
39343,1
12381,0
4505,0
44839,1
32569,1
24158,0
25048,0
23273,0
57461,1
45068,1
52306,1
19177,0
47990,1
16316,0
32829,1
18784,0
26262,0
3147,0
55831,1
1719,0
12779,0
40315,1
42778,1
33625,1
39124,1
51288,1
51590,1
57406,1
45578,1
41629,1
8880,0
24432,0
39187,1
3175,0
2175,0
44860,1
41979,1
29863,1
26303,0
44361,1
29904,1
52652,1
20964,0
23690,0
45646,1
48652,1
28217,0
37430,1
28377,0
3184,0
31328,1
42233,1
47954,1
4724,0
3350,0
5247,0
36102,1
21245,0
16880,0
6537,0
16992,0
17007,0
50986,1
8562,0
8660,0
47936,1
54426,1
57522,1
17638,0
24094,0
38085,1
49028,1
33427,1
34925,1
3772,0
37862,1
31391,1
1153,0
42149,1
58501,1
25127,0
11398,0
32093,1
7582,0
36605,1
22375,0
39520,1
48312,1
29838,1
31143,1
7332,0
46501,1
47290,1
28744,0
26578,0
6529,0
51322,1
34623,1
16344,0
33590,1
29325,1
10050,0
35606,1
37976,1
764,0
6428,0
2701,0
9191,0
29183,0
43072,1
45681,1
38105,1
4408,0
55562,1
21076,0
37246,1
8635,0
25583,0
58396,1
34552,1
47034,1
50976,1
1111,0
50931,1
9384,0
50371,1
44837,1
10189,0
2630,0
20525,0
27178,0
7793,0
19512,0
5647,0
3120,0
21554,0
24535,0
27244,0
57833,1
10853,0
56243,1
36229,1
17353,0
19277,0
30189,1
29581,1
25046,0
55005,1
25083,0
54174,1
33253,1
51353,1
23687,0
36410,1
11357,0
29853,1
40452,1
9205,0
22244,0
42460,1
32697,1
21150,0
12637,0
9409,0
23986,0
54643,1
14714,0
10109,0
19077,0
24033,0
39655,1
1441,0
37373,1
32834,1
31595,1
17463,0
34894,1
33268,1
19693,0
40282,1
44450,1
2726,0
12937,0
27682,0
49018,1
19890,0
30303,1
36271,1
49662,1
44280,1
40523,1
48172,1
30697,1
31903,1
47524,1
21071,0
53426,1
367,0
19403,0
46884,1
7150,0
47450,1
30351,1
49620,1
32578,1
4961,0
45996,1
50942,1
20158,0
38155,1
57393,1
51397,1
19683,0
22385,0
15624,0
49488,1
38405,1
1639,0
41416,1
17557,0
5426,0
36087,1
4240,0
5164,0
19629,0
38991,1
45946,1
44666,1
14605,0
49814,1
9305,0
3897,0
3783,0
30679,1
28142,0
48430,1
16201,0
28559,0
28769,0
22801,0
33486,1
8892,0
36850,1
51325,1
13273,0
12200,0
43864,1
13974,0
52849,1
39592,1
31008,1
14921,0
50889,1
4699,0
33013,1
41889,1
5636,0
18981,0
54056,1
38885,1
40027,1
19794,0
54114,1
28014,0
43779,1
56619,1
47961,1
12719,0
9161,0
26141,0
44893,1
31783,1
6481,0
19101,0
41106,1
12634,0
40601,1
19957,0
20937,0
48851,1
45225,1
2954,0
53129,1
29360,1
5805,0
33669,1
51443,1
20067,0
44028,1
36914,1
17244,0
38495,1
43042,1
31548,1
2980,0
11322,0
32743,1
45214,1
30616,1
24559,0
14147,0
42756,1
47318,1
48540,1
49056,1
25503,0
9931,0
20264,0
30645,1
20824,0
19751,0
33629,1
57480,1
55265,1
40432,1
34788,1
57984,1
5869,0
11136,0
58096,1
24666,0
40646,1
27560,0
43725,1
31104,1
40310,1
47755,1
6017,0
4338,0
19784,0
9707,0
12514,0
40539,1
50650,1
18264,0
26397,0
47121,1
5800,0
19239,0
51606,1
44934,1
14189,0
21370,0
8751,0
21313,0
54634,1
32659,1
14048,0
10871,0
32341,1
36489,1
41914,1
1157,0
19746,0
53099,1
9237,0
56882,1
5079,0
30514,1
44120,1
22046,0
50638,1
21702,0
19332,0
45420,1
56667,1
25578,0
26522,0
21294,0
56504,1
18764,0
46031,1
2594,0
46183,1
28947,0
26036,0
16252,0
56250,1
54082,1
16283,0
13213,0
35411,1
27189,0
14260,0
18879,0
5758,0
19458,0
42748,1
44924,1
51041,1
15380,0
52708,1
14911,0
11972,0
51525,1
25958,0
57815,1
22929,0
54650,1
15303,0
58064,1
7522,0
49558,1
50423,1
19767,0
9415,0
15141,0
30483,1
32800,1
55818,1
45757,1
24189,0
24697,0
10229,0
8642,0
49921,1
53970,1
41347,1
53411,1
21941,0
35523,1
23011,0
18765,0
11535,0
36113,1
4683,0
27697,0
26322,0
31415,1
14522,0
32952,1
30790,1
34717,1
10277,0
11350,0
1736,0
42379,1
45275,1
14765,0
22987,0
47311,1
1555,0
33696,1
43308,1
35982,1
25929,0
28611,0
22442,0
15018,0
56861,1
47674,1
30797,1
57773,1
33917,1
42341,1
7962,0
20428,0
13684,0
3001,0
8042,0
36088,1
13614,0
18049,0
32136,1
10301,0
5318,0
36387,1
16688,0
3339,0
50700,1
46413,1
14504,0
11070,0
11658,0
49264,1
26792,0
51845,1
24871,0
31606,1
42927,1
9756,0
55986,1
49087,1
55110,1
12061,0
50203,1
43542,1
23918,0
47101,1
36396,1
26152,0
742,0
9020,0
786,0
47822,1
44123,1
23498,0
55395,1
31041,1
14160,0
56993,1
28323,0
51595,1
11426,0
26716,0
19603,0
30705,1
40759,1
23395,0
6992,0
8627,0
57272,1
14738,0
21750,0
5192,0
20707,0
27217,0
48006,1
45085,1
8806,0
4576,0
52265,1
7910,0
2091,0
13251,0
5531,0
42542,1
58012,1
18479,0
40342,1
10030,0
51312,1
29605,1
36340,1
22229,0
4904,0
38127,1
29574,1
5027,0
57828,1
31748,1
47535,1
8865,0
21034,0
6920,0
40806,1
15105,0
31042,1
2497,0
11724,0
23966,0
34673,1
10098,0
9468,0
39727,1
40989,1
53688,1
4418,0
56364,1
13071,0
12347,0
48831,1
45406,1
19397,0
48300,1
48010,1
36020,1
31885,1
30942,1
51482,1
18463,0
35931,1
4448,0
28968,0
57777,1
22617,0
5836,0
14440,0
11552,0
44553,1
40287,1
40558,1
28949,0
41888,1
6222,0
22502,0
41661,1
21206,0
36274,1
39918,1
1676,0
32766,1
35202,1
7903,0
44349,1
40225,1
14364,0
1611,0
27045,0
2910,0
49731,1
54290,1
32543,1
17211,0
27681,0
29043,0
53017,1
39367,1
24133,0
55062,1
47381,1
4479,0
42654,1
22061,0
22072,0
26731,0
11576,0
2018,0
25877,0
28326,0
27705,0
34835,1
38817,1
52270,1
53957,1
11519,0
4254,0
53961,1
17444,0
48670,1
18118,0
37133,1
41963,1
39937,1
14123,0
50466,1
15547,0
24420,0
14413,0
18937,0
20292,0
32823,1
30837,1
46012,1
49507,1
47075,1
34405,1
52147,1
23332,0
37754,1
36752,1
33787,1
49848,1
17403,0
5440,0
23,0
38431,1
21049,0
55173,1
50486,1
35176,1
41032,1
56382,1
12570,0
54893,1
21040,0
50796,1
14608,0
38249,1
17151,0
46440,1
34432,1
3071,0
53549,1
31444,1
12963,0
20780,0
51327,1
19122,0
33389,1
50671,1
18961,0
35399,1
30788,1
26777,0
31913,1
5241,0
42328,1
56029,1
7853,0
36543,1
53509,1
35018,1
44103,1
4734,0
39604,1
57809,1
8262,0
56652,1
19473,0
46847,1
53332,1
34585,1
3101,0
41925,1
54367,1
13804,0
48350,1
32480,1
58309,1
46265,1
32508,1
57696,1
18445,0
54320,1
7575,0
41705,1
8094,0
32422,1
35002,1
1023,0
505,0
15870,0
48217,1
55392,1
16941,0
43113,1
44069,1
25406,0
19313,0
29586,1
29781,1
2845,0
57392,1
7342,0
27196,0
53282,1
15852,0
32152,1
35499,1
17621,0
5144,0
16750,0
2129,0
33093,1
6381,0
38982,1
6883,0
14584,0
45849,1
33792,1
21117,0
25105,0
28732,0
31890,1
41981,1
51191,1
10459,0
24582,0
24959,0
43215,1
50188,1
10972,0
43606,1
7883,0
52521,1
32351,1
57198,1
47644,1
12660,0
17391,0
14699,0
627,0
4710,0
6137,0
14822,0
45040,1
49022,1
7580,0
55869,1
7481,0
31522,1
25474,0
16612,0
52513,1
21018,0
32919,1
57658,1
35697,1
33797,1
43617,1
54771,1
23200,0
41509,1
41407,1
18084,0
2319,0
50252,1
1024,0
31739,1
10679,0
7191,0
36869,1
26125,0
50104,1
36813,1
120,0
5308,0
33887,1
32998,1
58222,1
31787,1
35492,1
5184,0
11267,0
55807,1
21041,0
12730,0
13044,0
40569,1
54299,1
29862,1
16298,0
64,0
40017,1
2168,0
47907,1
39587,1
29036,0
5024,0
33386,1
15854,0
7014,0
12648,0
15597,0
39084,1
15174,0
51079,1
6978,0
11701,0
25437,0
21329,0
38323,1
57037,1
22456,0
52523,1
39862,1
32689,1
13322,0
21079,0
42176,1
15820,0
54656,1
26269,0
36901,1
46778,1
38119,1
40841,1
7523,0
26055,0
51206,1
36541,1
42231,1
2945,0
57664,1
24267,0
42431,1
51438,1
8958,0
50570,1
27020,0
34842,1
35738,1
2932,0
13064,0
13802,0
10105,0
50973,1
53298,1
8898,0
24368,0
56206,1
24672,0
40592,1
35744,1
4041,0
52951,1
44520,1
48073,1
29330,1
25096,0
25785,0
53975,1
18422,0
14314,0
14922,0
16025,0
27441,0
37606,1
8530,0
30007,1
18976,0
19947,0
37697,1
54574,1
36955,1
51133,1
56531,1
3502,0
17796,0
24120,0
53882,1
7559,0
4077,0
2182,0
52483,1
56022,1
26860,0
41137,1
32082,1
47628,1
56835,1
46570,1
36460,1
53716,1
25770,0
24017,0
21107,0
19908,0
38758,1
48812,1
48031,1
55942,1
25991,0
32127,1
34532,1
29238,0
22540,0
20720,0
56751,1
36481,1
6948,0
7932,0
38315,1
37775,1
53014,1
7771,0
49798,1
9024,0
19676,0
2996,0
3283,0
11210,0
51230,1
44176,1
9938,0
20723,0
50640,1
15171,0
6556,0
22881,0
6727,0
44978,1
23734,0
14452,0
42532,1
34395,1
13563,0
5436,0
38109,1
1426,0
6186,0
43332,1
43266,1
41720,1
43996,1
16541,0
5425,0
27035,0
50626,1
44890,1
7626,0
39029,1
9197,0
28246,0
38981,1
52581,1
180,0
34790,1
23614,0
8051,0
51085,1
42318,1
25955,0
31151,1
43468,1
6849,0
24910,0
15542,0
53162,1
6636,0
26110,0
28168,0
28407,0
26980,0
29353,1
31330,1
20455,0
47730,1
29197,0
48825,1
17954,0
47100,1
43787,1
7375,0
13291,0
23056,0
53386,1
27144,0
21326,0
52478,1
39597,1
10844,0
35637,1
19875,0
45590,1
17386,0
11527,0
42961,1
54759,1
54075,1
39018,1
10318,0
30277,1
52917,1
13712,0
28780,0
58580,1
47481,1
30579,1
15401,0
50467,1
33258,1
41564,1
38365,1
51996,1
3792,0
38629,1
40776,1
53262,1
56879,1
25017,0
34333,1
16904,0
34857,1
20665,0
17662,0
54945,1
35005,1
57327,1
829,0
2878,0
45259,1
29185,0
28664,0
24473,0
57029,1
31530,1
25171,0
8425,0
28715,0
56131,1
40370,1
3200,0
9491,0
24403,0
42192,1
19535,0
7087,0
34031,1
24902,0
56147,1
22866,0
44152,1
50435,1
29944,1
55473,1
27006,0
35262,1
47698,1
17752,0
19838,0
48483,1
52235,1
57742,1
43497,1
12741,0
17352,0
15076,0
33758,1
52255,1
21634,0
656,0
8449,0
19137,0
39836,1
35235,1
36750,1
36439,1
21763,0
29562,1
22759,0
11029,0
50634,1
26950,0
8464,0
27931,0
51258,1
37029,1
24223,0
26868,0
1884,0
41467,1
13822,0
40797,1
37961,1
37337,1
40413,1
4572,0
926,0
31555,1
38275,1
57616,1
48568,1
8046,0
34890,1
54046,1
5519,0
36911,1
936,0
53307,1
27990,0
41344,1
37972,1
43128,1
31726,1
52742,1
49873,1
6549,0
44644,1
35404,1
24706,0
48742,1
15469,0
40706,1
47407,1
50824,1
40414,1
356,0
52858,1
28488,0
53659,1
26822,0
44126,1
3177,0
14077,0
28084,0
10897,0
28542,0
6735,0
585,0
28298,0
25904,0
31830,1
56175,1
39658,1
42366,1
45097,1
29790,1
13147,0
40031,1
42197,1
49598,1
37489,1
45479,1
5874,0
93,0
3977,0
48521,1
21410,0
24647,0
45712,1
24544,0
59,0
23558,0
40958,1
18786,0
29389,1
17691,0
43294,1
4008,0
7182,0
56826,1
8344,0
35651,1
25702,0
10377,0
13304,0
16641,0
31875,1
13921,0
33853,1
31140,1
18602,0
13903,0
22421,0
40197,1
43291,1
13175,0
34801,1
32703,1
18159,0
47842,1
29338,1
5677,0
23468,0
5186,0
32597,1
47501,1
11482,0
31057,1
37550,1
9598,0
46869,1
48319,1
44210,1
45630,1
38621,1
29856,1
52888,1
22333,0
21599,0
40866,1
43596,1
4094,0
14312,0
56057,1
2958,0
11438,0
51743,1
22956,0
977,0
55599,1
44954,1
18242,0
18796,0
34567,1
24386,0
38209,1
31816,1
43420,1
12529,0
8411,0
50005,1
51076,1
36251,1
3639,0
23174,0
19616,0
47269,1
40434,1
25757,0
32464,1
32721,1
39638,1
32002,1
57478,1
48404,1
3985,0
7339,0
19195,0
19499,0
41880,1
1118,0
9304,0
22048,0
20010,0
58416,1
28764,0
28492,0
17753,0
51788,1
36900,1
3299,0
57107,1
26234,0
31717,1
2812,0
6921,0
29968,1
27818,0
19121,0
24680,0
37137,1
45668,1
16447,0
41259,1
54620,1
11912,0
48939,1
14412,0
12272,0
34722,1
49821,1
23219,0
24097,0
28236,0
30097,1
41565,1
885,0
26576,0
16512,0
16149,0
23118,0
5385,0
54110,1
13916,0
21287,0
18018,0
43248,1
58106,1
28675,0
28421,0
40716,1
23806,0
5505,0
10347,0
10358,0
8375,0
39428,1
13827,0
48371,1
53860,1
30386,1
44442,1
8022,0
4168,0
37231,1
22310,0
18550,0
49374,1
17074,0
6503,0
31715,1
33513,1
11566,0
6106,0
9547,0
3289,0
2957,0
4147,0
34699,1
40626,1
21266,0
4816,0
9613,0
17545,0
42448,1
7754,0
38328,1
50095,1
8997,0
49348,1
49319,1
37755,1
15068,0
32399,1
46897,1
12291,0
57874,1
39244,1
58484,1
8616,0
50032,1
26251,0
42507,1
35229,1
45719,1
22857,0
57330,1
24349,0
47691,1
33368,1
28896,0
50028,1
15527,0
39096,1
57300,1
44571,1
34551,1
14415,0
9636,0
17534,0
38584,1
26689,0
1973,0
11027,0
33090,1
25868,0
1310,0
43872,1
43304,1
27386,0
39426,1
40737,1
25862,0
50899,1
28008,0
21889,0
23431,0
42683,1
28912,0
40304,1
8888,0
41053,1
5403,0
35460,1
38045,1
3208,0
10583,0
33284,1
57519,1
48582,1
12244,0
27081,0
52892,1
3589,0
47271,1
17115,0
53213,1
30001,1
41435,1
56277,1
21622,0
11740,0
24813,0
45905,1
14247,0
38187,1
21683,0
57294,1
53937,1
25485,0
24229,0
33058,1
2671,0
42974,1
13739,0
49352,1
1661,0
20923,0
10911,0
23129,0
2639,0
25977,0
35926,1
8611,0
3907,0
19701,0
30880,1
21491,0
29436,1
49375,1
50452,1
3484,0
52128,1
30321,1
13053,0
37348,1
31176,1
46188,1
16102,0
5766,0
46909,1
30874,1
38825,1
17539,0
2386,0
44467,1
6197,0
35054,1
33424,1
50107,1
18804,0
9262,0
37930,1
16771,0
37847,1
13018,0
35851,1
6210,0
9705,0
8701,0
31900,1
34621,1
9980,0
40620,1
23643,0
56796,1
4738,0
33295,1
25690,0
9034,0
39342,1
25045,0
7924,0
6054,0
6243,0
49900,1
53432,1
20076,0
14204,0
17048,0
17619,0
29664,1
21757,0
57177,1
22761,0
58228,1
24792,0
29661,1
24847,0
1668,0
37772,1
57384,1
30501,1
57541,1
21764,0
37099,1
44376,1
47046,1
34566,1
58537,1
19242,0
28595,0
1288,0
50009,1
37464,1
43688,1
35657,1
28566,0
35449,1
22515,0
45398,1
28854,0
34666,1
56032,1
13155,0
12801,0
43658,1
14012,0
14697,0
19972,0
51699,1
18667,0
10603,0
28935,0
9969,0
9745,0
39277,1
3279,0
57580,1
37692,1
30768,1
3277,0
30448,1
8211,0
51058,1
4502,0
3527,0
21942,0
48615,1
350,0
40153,1
43676,1
10807,0
12441,0
55130,1
23257,0
7322,0
6423,0
51975,1
19130,0
25609,0
6415,0
42325,1
39387,1
13764,0
54864,1
10012,0
35285,1
10696,0
46472,1
19990,0
8366,0
41727,1
31775,1
52636,1
50374,1
29146,0
26639,0
41130,1
15153,0
24023,0
16801,0
10110,0
45410,1
291,0
36371,1
39158,1
3824,0
31569,1
40832,1
50520,1
37820,1
58479,1
43678,1
19258,0
34558,1
26085,0
56307,1
20608,0
16472,0
24732,0
52305,1
135,0
31112,1
40235,1
11165,0
15310,0
27724,0
28412,0
47409,1
31001,1
30918,1
53558,1
40275,1
52023,1
32338,1
18846,0
47155,1
36453,1
47463,1
52027,1
4279,0
5274,0
24896,0
24036,0
17577,0
1419,0
15815,0
9578,0
2795,0
50965,1
20654,0
8503,0
20851,0
48306,1
18112,0
51824,1
20578,0
29494,1
16006,0
55215,1
32016,1
22093,0
46005,1
30995,1
31840,1
10672,0
4010,0
14970,0
57733,1
13375,0
55884,1
16595,0
25192,0
21186,0
16264,0
46500,1
57931,1
45852,1
44326,1
33103,1
57601,1
13938,0
12233,0
21299,0
10049,0
4098,0
41999,1
8416,0
47793,1
41987,1
15699,0
12788,0
48130,1
48601,1
9318,0
38928,1
23884,0
3272,0
22994,0
20,0
33723,1
57897,1
29631,1
5356,0
36839,1
56397,1
37517,1
23790,0
9096,0
40112,1
43472,1
50263,1
19847,0
10942,0
44602,1
17894,0
5198,0
8031,0
18115,0
21218,0
22650,0
29492,1
14248,0
28999,0
44882,1
10155,0
53318,1
16164,0
23785,0
8222,0
6572,0
32374,1
4794,0
18386,0
33112,1
22558,0
19786,0
45507,1
44751,1
15168,0
40187,1
31465,1
3142,0
36022,1
33621,1
20016,0
57367,1
25926,0
34048,1
27959,0
11480,0
45054,1
7242,0
46599,1
11513,0
21439,0
14746,0
31409,1
28718,0
26571,0
20183,0
46147,1
26451,0
11100,0
23234,0
41842,1
28695,0
51602,1
50545,1
8196,0
48513,1
48247,1
55253,1
22327,0
31686,1
27542,0
6724,0
13246,0
44232,1
21324,0
35871,1
2110,0
22044,0
42205,1
25662,0
52593,1
52840,1
49238,1
45654,1
35852,1
37973,1
57266,1
43887,1
7511,0
25269,0
918,0
23971,0
21422,0
253,0
43612,1
50170,1
47013,1
35135,1
7628,0
43841,1
41923,1
37857,1
23935,0
13555,0
23184,0
30823,1
9320,0
25508,0
52385,1
9276,0
25713,0
56043,1
10010,0
11119,0
26320,0
46905,1
11581,0
4950,0
46431,1
2184,0
1747,0
48459,1
48060,1
25857,0
55094,1
1452,0
52317,1
906,0
6836,0
51538,1
26204,0
56143,1
23983,0
47348,1
6356,0
37462,1
41426,1
438,0
48902,1
55210,1
3503,0
46039,1
32936,1
18799,0
31700,1
17790,0
3941,0
2239,0
57943,1
15545,0
10257,0
34233,1
25928,0
58567,1
38947,1
54179,1
4891,0
49587,1
22524,0
28458,0
15499,0
49862,1
56719,1
21348,0
19338,0
16206,0
38902,1
19308,0
52344,1
41764,1
13895,0
28252,0
26241,0
2164,0
12663,0
57838,1
31312,1
39821,1
41885,1
25855,0
38376,1
11352,0
46535,1
25313,0
51566,1
10742,0
47847,1
54567,1
28864,0
52474,1
58233,1
36064,1
39008,1
32213,1
17194,0
33968,1
32067,1
5877,0
56149,1
19896,0
39819,1
33206,1
35833,1
41465,1
33802,1
27085,0
19381,0
33691,1
12225,0
24850,0
11928,0
48645,1
20490,0
4581,0
40277,1
30275,1
10504,0
30453,1
6739,0
23823,0
32818,1
34769,1
49377,1
31389,1
44877,1
39368,1
42668,1
27707,0
27428,0
40001,1
29954,1
15387,0
3903,0
24964,0
15622,0
39062,1
33321,1
29378,1
23492,0
48722,1
37047,1
12758,0
27636,0
25356,0
11762,0
35060,1
34028,1
44670,1
6038,0
20639,0
18553,0
2086,0
17227,0
32991,1
14964,0
47230,1
41700,1
51035,1
45044,1
37727,1
36830,1
45301,1
616,0
25873,0
42619,1
26984,0
55286,1
1528,0
37093,1
39715,1
36009,1
41626,1
33067,1
11414,0
13856,0
46788,1
34010,1
38998,1
48755,1
57417,1
28242,0
30397,1
49198,1
11955,0
8730,0
6497,0
57550,1
40846,1
34734,1
28192,0
34866,1
57611,1
40422,1
16327,0
7241,0
38804,1
33784,1
35267,1
11978,0
52088,1
25900,0
31233,1
54352,1
6501,0
52485,1
55535,1
13496,0
35258,1
32030,1
46409,1
26632,0
703,0
52242,1
34962,1
14740,0
38120,1
6841,0
49851,1
58194,1
32802,1
44445,1
57331,1
27819,0
15395,0
36760,1
38519,1
1033,0
3166,0
53561,1
51510,1
5344,0
54735,1
18567,0
40364,1
27206,0
10467,0
35290,1
26405,0
1796,0
49174,1
55125,1
58313,1
45316,1
36097,1
44061,1
21912,0
22155,0
15502,0
10774,0
2769,0
37290,1
44245,1
18559,0
50653,1
32740,1
39696,1
33708,1
37501,1
56741,1
51062,1
22691,0
32048,1
10069,0
34512,1
22091,0
35633,1
37454,1
20066,0
2165,0
21003,0
24112,0
21827,0
35801,1
36461,1
6039,0
32786,1
31876,1
25585,0
47486,1
2256,0
5868,0
2706,0
8617,0
18608,0
7977,0
51745,1
56003,1
31945,1
4623,0
29765,1
8669,0
32714,1
24093,0
53111,1
25137,0
26351,0
6504,0
33650,1
15224,0
50025,1
39665,1
53974,1
56982,1
26456,0
32738,1
44712,1
25148,0
23995,0
10247,0
47752,1
32416,1
44513,1
30087,1
42968,1
9954,0
11455,0
38197,1
50596,1
40510,1
1212,0
26514,0
4461,0
30160,1
50885,1
48920,1
38056,1
28479,0
4012,0
7058,0
6194,0
37828,1
169,0
24382,0
9974,0
5966,0
43919,1
17987,0
27108,0
19771,0
19504,0
54004,1
9433,0
30478,1
27453,0
37903,1
58467,1
13925,0
57257,1
23082,0
22904,0
39748,1
47395,1
1891,0
14100,0
35041,1
2300,0
39331,1
33292,1
28612,0
18022,0
886,0
54355,1
9138,0
55058,1
51758,1
15831,0
40062,1
47379,1
11982,0
48918,1
38284,1
13594,0
54448,1
3221,0
52257,1
18687,0
26876,0
11216,0
16125,0
16000,0
19162,0
43640,1
47999,1
41524,1
6785,0
12667,0
35653,1
57214,1
40638,1
32257,1
44943,1
57670,1
9492,0
9936,0
13567,0
29902,1
46390,1
25694,0
2112,0
45139,1
49141,1
31575,1
22242,0
15601,0
57484,1
1243,0
30968,1
37385,1
43501,1
24807,0
3540,0
31443,1
15666,0
26794,0
11199,0
1886,0
11710,0
45478,1
13385,0
35160,1
43918,1
23973,0
20406,0
27834,0
4834,0
23797,0
26254,0
22322,0
43467,1
36509,1
5577,0
7042,0
33581,1
16674,0
45628,1
39561,1
19986,0
31846,1
34247,1
7507,0
100,0
5260,0
46333,1
10328,0
10035,0
36321,1
14613,0
5563,0
21908,0
6247,0
6574,0
31149,1
2009,0
52383,1
7755,0
29933,1
8266,0
37530,1
31441,1
43601,1
20619,0
41121,1
52824,1
8881,0
30620,1
39860,1
30067,1
12263,0
57779,1
12286,0
22236,0
14221,0
34832,1
6311,0
5228,0
33894,1
22885,0
20036,0
25916,0
16239,0
30419,1
12006,0
34544,1
24605,0
15403,0
4354,0
22686,0
34122,1
47193,1
34264,1
38630,1
38658,1
19637,0
35563,1
57507,1
24101,0
28490,0
4004,0
34503,1
41049,1
1416,0
28291,0
54545,1
52914,1
37320,1
21913,0
20655,0
31478,1
4054,0
53812,1
36574,1
45423,1
19405,0
26065,0
47625,1
19009,0
12581,0
13061,0
46021,1
21984,0
27393,0
42300,1
32154,1
50966,1
25642,0
31050,1
58563,1
10265,0
32836,1
27996,0
53853,1
55827,1
36870,1
44879,1
45049,1
44167,1
48420,1
40964,1
5494,0
15803,0
28081,0
55438,1
3505,0
36621,1
57422,1
6912,0
50338,1
55038,1
15014,0
33812,1
58437,1
1752,0
23594,0
28336,0
20984,0
50970,1
54677,1
22585,0
57227,1
43214,1
12035,0
55540,1
47456,1
40036,1
30311,1
30783,1
50848,1
40845,1
48317,1
25897,0
14268,0
36923,1
25972,0
32929,1
19574,0
33919,1
22316,0
50656,1
48314,1
30002,1
1437,0
2652,0
2796,0
8257,0
39672,1
13671,0
13852,0
17344,0
10494,0
4656,0
8481,0
1595,0
4540,0
33043,1
47225,1
17001,0
25957,0
55519,1
7862,0
13690,0
18634,0
12716,0
45994,1
32252,1
48683,1
10755,0
55405,1
50412,1
22567,0
16969,0
45009,1
29550,1
27314,0
50763,1
38867,1
26861,0
56788,1
14787,0
43005,1
32862,1
741,0
10228,0
18293,0
30698,1
54242,1
51023,1
24800,0
15274,0
20749,0
48267,1
39269,1
30547,1
27270,0
46417,1
3296,0
35320,1
12804,0
43028,1
35762,1
15665,0
26490,0
20073,0
52151,1
25236,0
874,0
5020,0
10182,0
53534,1
17341,0
17237,0
9451,0
118,0
9212,0
17476,0
10078,0
2255,0
53349,1
18704,0
33896,1
48183,1
30671,1
19090,0
54252,1
8460,0
26880,0
46992,1
31573,1
3475,0
26869,0
23662,0
8309,0
29069,0
10175,0
57035,1
50177,1
6846,0
30936,1
56041,1
3845,0
10731,0
39739,1
57088,1
12463,0
57923,1
34417,1
46350,1
48916,1
52988,1
18258,0
32959,1
18395,0
36562,1
52564,1
47426,1
24674,0
19126,0
51895,1
33578,1
49206,1
30522,1
30961,1
5107,0
55004,1
32382,1
31306,1
51632,1
3769,0
19651,0
48322,1
10981,0
28749,0
43277,1
28235,0
13999,0
53297,1
4530,0
47050,1
13717,0
57593,1
34507,1
28357,0
49036,1
44600,1
12989,0
27661,0
12122,0
48575,1
36069,1
31164,1
14443,0
14395,0
31038,1
25829,0
43777,1
31687,1
34069,1
21974,0
39221,1
17255,0
16815,0
17405,0
23220,0
48617,1
41820,1
50709,1
26185,0
21481,0
6891,0
24062,0
53327,1
27050,0
36634,1
33546,1
2793,0
10475,0
20068,0
8823,0
4545,0
7131,0
9413,0
53628,1
28393,0
43932,1
28452,0
9590,0
20517,0
8725,0
15292,0
5930,0
53394,1
44717,1
45115,1
9945,0
6438,0
55379,1
24827,0
39565,1
5221,0
30833,1
1594,0
26836,0
26441,0
50349,1
6641,0
38690,1
37332,1
11221,0
36491,1
53138,1
55108,1
29791,1
34593,1
53819,1
24691,0
36816,1
18848,0
33021,1
509,0
24775,0
8925,0
8049,0
40516,1
52608,1
17224,0
29679,1
9782,0
1414,0
7747,0
44716,1
21033,0
13397,0
9234,0
22910,0
18388,0
34933,1
10212,0
39358,1
1940,0
26030,0
34816,1
45639,1
22781,0
21264,0
36856,1
50780,1
30334,1
57503,1
56012,1
50194,1
55838,1
46600,1
46927,1
12041,0
45702,1
51422,1
29301,1
33617,1
30566,1
47841,1
21684,0
39310,1
20164,0
16924,0
14759,0
25004,0
17389,0
49213,1
54850,1
31321,1
42912,1
37176,1
46262,1
40591,1
19111,0
20804,0
46659,1
8967,0
13514,0
43653,1
11048,0
33149,1
19179,0
10331,0
9199,0
9139,0
49376,1
2580,0
47087,1
46849,1
26376,0
19597,0
38927,1
57628,1
53703,1
53835,1
2328,0
49515,1
26319,0
8665,0
12451,0
53878,1
8918,0
34425,1
543,0
19192,0
39235,1
44425,1
44358,1
42647,1
52194,1
14881,0
8979,0
18856,0
13418,0
766,0
24987,0
25244,0
50759,1
47106,1
21557,0
4978,0
23350,0
46720,1
17395,0
11995,0
56237,1
19247,0
24467,0
3787,0
22241,0
50197,1
54593,1
36797,1
43153,1
28791,0
33634,1
4957,0
49727,1
32105,1
20987,0
47414,1
2934,0
46345,1
5679,0
33639,1
34005,1
52899,1
44896,1
23304,0
45429,1
15248,0
8028,0
10829,0
31531,1
42088,1
54794,1
48759,1
48809,1
58547,1
1215,0
34044,1
31266,1
30079,1
3674,0
36554,1
19024,0
37459,1
18217,0
33493,1
2893,0
4677,0
33759,1
24830,0
52455,1
27780,0
39142,1
43880,1
47721,1
35799,1
29551,1
31402,1
25769,0
3733,0
26873,0
15739,0
27694,0
24418,0
49840,1
45336,1
41026,1
40642,1
26466,0
30273,1
58373,1
31713,1
6857,0
14777,0
46476,1
51636,1
26083,0
24247,0
45312,1
51565,1
35655,1
15334,0
49753,1
52907,1
27667,0
50822,1
26390,0
56519,1
2623,0
23528,0
5015,0
47971,1
484,0
8441,0
18558,0
54430,1
38225,1
38382,1
9284,0
31627,1
7002,0
37797,1
25033,0
46071,1
46293,1
22941,0
46178,1
26378,0
9249,0
12269,0
26188,0
14103,0
52190,1
10214,0
6470,0
54147,1
47941,1
55744,1
37656,1
13508,0
20901,0
51388,1
24961,0
14972,0
21782,0
54117,1
38890,1
52008,1
37523,1
41277,1
23543,0
46528,1
31942,1
52222,1
18158,0
7155,0
45160,1
44416,1
250,0
44846,1
38389,1
23627,0
12204,0
40147,1
13787,0
3088,0
47870,1
56951,1
43689,1
12428,0
2340,0
35691,1
20269,0
2638,0
41988,1
54876,1
865,0
12811,0
41593,1
2447,0
55551,1
7160,0
7377,0
25681,0
33603,1
32856,1
29690,1
46683,1
26068,0
39779,1
41400,1
81,0
42973,1
14997,0
45737,1
10003,0
42884,1
43590,1
9681,0
21780,0
9751,0
1626,0
29102,0
30887,1
34973,1
24064,0
30539,1
25328,0
44614,1
30502,1
31109,1
7450,0
50877,1
34686,1
23583,0
55909,1
57531,1
24274,0
57783,1
43669,1
8159,0
7460,0
58371,1
29926,1
8879,0
55485,1
11148,0
11524,0
6886,0
52727,1
56347,1
2053,0
4595,0
31967,1
45251,1
49421,1
3663,0
24875,0
41013,1
11592,0
10243,0
39566,1
41581,1
11423,0
1471,0
16132,0
32983,1
37466,1
35904,1
5896,0
33349,1
48541,1
25700,0
57419,1
10612,0
53578,1
43577,1
39321,1
3250,0
57090,1
31231,1
26484,0
40705,1
4391,0
58370,1
53195,1
31580,1
9186,0
25201,0
35429,1
241,0
31741,1
10184,0
57729,1
34399,1
6310,0
51219,1
9854,0
1096,0
1074,0
12840,0
31813,1
25008,0
50096,1
57807,1
3877,0
31492,1
41075,1
49105,1
20754,0
17813,0
14642,0
19511,0
20179,0
19437,0
16221,0
25780,0
52541,1
9196,0
34137,1
21054,0
4510,0
32103,1
34679,1
25489,0
11545,0
30701,1
39379,1
41620,1
7032,0
23831,0
13219,0
5116,0
50873,1
4877,0
39683,1
43768,1
8209,0
1449,0
32501,1
36943,1
28481,0
35560,1
42576,1
27317,0
34749,1
46205,1
26023,0
10045,0
5204,0
13062,0
8909,0
10337,0
25243,0
54585,1
38477,1
57155,1
37025,1
37582,1
16420,0
16885,0
6273,0
20346,0
54132,1
37037,1
53485,1
46438,1
51747,1
3708,0
26339,0
57924,1
47172,1
37864,1
9033,0
32903,1
53006,1
1146,0
12135,0
36421,1
13442,0
40466,1
40773,1
55099,1
8237,0
47218,1
16825,0
45947,1
2309,0
8877,0
3879,0
24542,0
25879,0
30992,1
13714,0
16055,0
48246,1
15459,0
33342,1
2383,0
40518,1
45559,1
55249,1
46524,1
30751,1
40974,1
51715,1
26782,0
9279,0
55422,1
53455,1
32274,1
54873,1
2653,0
33003,1
33115,1
43316,1
16856,0
52013,1
43916,1
22212,0
33307,1
29222,0
7954,0
2673,0
6409,0
26127,0
5904,0
1054,0
52813,1
26158,0
49511,1
55655,1
23399,0
12482,0
4063,0
33487,1
50389,1
34231,1
14993,0
22339,0
34473,1
41423,1
53720,1
17512,0
55014,1
20182,0
48796,1
10458,0
53643,1
38664,1
17181,0
43812,1
17150,0
45704,1
44672,1
21453,0
2325,0
25208,0
37845,1
17736,0
27958,0
38398,1
5324,0
10813,0
35906,1
16408,0
1692,0
31072,1
8443,0
5277,0
45677,1
6914,0
7062,0
54027,1
38282,1
6378,0
15415,0
10782,0
49092,1
55600,1
7204,0
24733,0
17252,0
39914,1
7402,0
40262,1
19791,0
4119,0
47952,1
5246,0
46770,1
35675,1
23553,0
56654,1
34347,1
55470,1
34066,1
6392,0
55922,1
14539,0
42472,1
24540,0
9602,0
45777,1
37014,1
57835,1
53075,1
33203,1
23638,0
46421,1
6927,0
29673,1
32876,1
27934,0
23426,0
52175,1
43469,1
7434,0
44014,1
29175,0
15855,0
20232,0
39035,1
18046,0
6349,0
14533,0
28834,0
33971,1
36038,1
27130,0
36566,1
6333,0
26930,0
22527,0
28009,0
32300,1
38471,1
22345,0
3367,0
29365,1
31384,1
27200,0
54972,1
3282,0
43871,1
56156,1
9039,0
43610,1
4665,0
13158,0
36875,1
39600,1
55954,1
48354,1
19706,0
38255,1
27394,0
14228,0
15498,0
33757,1
2090,0
37780,1
46768,1
3961,0
33357,1
24815,0
42046,1
9658,0
45586,1
47525,1
1532,0
12271,0
57089,1
7324,0
13014,0
51782,1
53560,1
37559,1
16207,0
18894,0
43539,1
6854,0
19534,0
46576,1
47370,1
10466,0
18430,0
13538,0
39792,1
31881,1
96,0
41740,1
248,0
3981,0
18648,0
41272,1
31826,1
13953,0
2943,0
28843,0
12257,0
19022,0
47601,1
45186,1
34668,1
12077,0
34363,1
30727,1
16761,0
11467,0
30744,1
56979,1
42398,1
22388,0
23916,0
12063,0
14620,0
48629,1
33808,1
15584,0
48022,1
10203,0
43965,1
10270,0
54775,1
11420,0
14101,0
12058,0
16183,0
52729,1
2906,0
15332,0
10743,0
43901,1
54354,1
6123,0
36556,1
8093,0
43198,1
26612,0
44434,1
53218,1
5662,0
23534,0
15949,0
16792,0
40869,1
7961,0
38674,1
40535,1
19677,0
53834,1
45923,1
50746,1
26210,0
51177,1
18861,0
53395,1
6516,0
40707,1
34798,1
38007,1
15933,0
29930,1
21710,0
46112,1
2380,0
335,0
56949,1
48530,1
11024,0
49049,1
29833,1
12433,0
48102,1
7333,0
26028,0
30265,1
17046,0
20511,0
15846,0
30983,1
58063,1
5570,0
46654,1
26839,0
10752,0
26783,0
41285,1
46994,1
20518,0
567,0
1801,0
35921,1
44010,1
15227,0
37967,1
13911,0
27075,0
28883,0
5940,0
57630,1
54183,1
27960,0
41268,1
12266,0
18562,0
12661,0
19742,0
58087,1
34710,1
18898,0
31680,1
16490,0
26858,0
30389,1
12942,0
7639,0
16331,0
21276,0
52519,1
17865,0
34792,1
4372,0
2162,0
3290,0
27555,0
52594,1
45602,1
33049,1
14623,0
25520,0
52203,1
51231,1
40167,1
26107,0
871,0
49042,1
48466,1
26566,0
50906,1
19438,0
40925,1
47516,1
58090,1
32263,1
38946,1
23810,0
11772,0
45185,1
52623,1
58145,1
19547,0
3122,0
53424,1
7449,0
1466,0
43444,1
34139,1
2207,0
10984,0
56566,1
7821,0
43139,1
25117,0
57558,1
42565,1
58216,1
4883,0
45717,1
19648,0
27983,0
23102,0
8037,0
35984,1
57586,1
2788,0
20617,0
40057,1
46365,1
44769,1
39942,1
47326,1
33728,1
26154,0
42100,1
53340,1
27231,0
41002,1
2663,0
40987,1
16372,0
36920,1
5927,0
12704,0
19089,0
44398,1
28327,0
48372,1
42390,1
52783,1
45696,1
10125,0
14015,0
40272,1
31653,1
33962,1
37375,1
25052,0
44637,1
26248,0
41270,1
51003,1
1944,0
52211,1
44299,1
3079,0
55126,1
34952,1
10709,0
6593,0
51155,1
11067,0
56427,1
27843,0
25853,0
3563,0
23436,0
47747,1
21651,0
10713,0
23310,0
45329,1
51596,1
2598,0
53198,1
19386,0
16738,0
41406,1
21624,0
40588,1
13761,0
26353,0
40173,1
15057,0
35602,1
21787,0
26467,0
12367,0
48610,1
14180,0
42764,1
40732,1
19078,0
13976,0
34187,1
57778,1
52620,1
50614,1
54783,1
5555,0
5919,0
21011,0
23898,0
29881,1
26170,0
48516,1
29612,1
51207,1
47569,1
24186,0
41686,1
13244,0
14258,0
24718,0
49011,1
29158,0
45728,1
8447,0
51571,1
30312,1
28668,0
20178,0
28032,0
11798,0
12365,0
5101,0
35266,1
11839,0
33071,1
48257,1
41736,1
19350,0
45543,1
19372,0
49777,1
37634,1
3902,0
20065,0
30686,1
57342,1
6196,0
9701,0
54970,1
50652,1
22722,0
11265,0
27264,0
22308,0
6826,0
31861,1
13668,0
48143,1
20850,0
23572,0
37141,1
36937,1
21588,0
33868,1
54119,1
38203,1
5882,0
54491,1
54236,1
12299,0
32679,1
36895,1
2056,0
4909,0
21468,0
44298,1
53905,1
53303,1
25864,0
48764,1
39399,1
27887,0
37672,1
41350,1
8511,0
17840,0
17713,0
12813,0
52900,1
39317,1
5106,0
55701,1
34078,1
54108,1
23443,0
16988,0
13634,0
21603,0
6985,0
23934,0
40630,1
40522,1
4247,0
42868,1
44019,1
18598,0
55573,1
18907,0
56333,1
8944,0
14154,0
39214,1
1848,0
24606,0
33249,1
8686,0
48154,1
17801,0
34618,1
28011,0
7749,0
40076,1
4413,0
36473,1
15104,0
9418,0
39301,1
20385,0
20096,0
17872,0
47789,1
48445,1
13561,0
53003,1
45051,1
10235,0
5261,0
38538,1
24228,0
25985,0
8809,0
7911,0
9362,0
16560,0
37791,1
10219,0
42889,1
17335,0
7589,0
37079,1
55626,1
10127,0
21048,0
26130,0
25131,0
3217,0
3362,0
27658,0
3969,0
36378,1
25576,0
48191,1
17380,0
39996,1
54992,1
48787,1
15698,0
37486,1
4149,0
44220,1
7457,0
1593,0
42004,1
36975,1
26334,0
12427,0
29243,0
3558,0
13208,0
47532,1
15058,0
27525,0
44023,1
7647,0
39013,1
55426,1
30593,1
49521,1
10732,0
27536,0
3077,0
40796,1
41201,1
53732,1
48117,1
50505,1
52017,1
10918,0
38363,1
35867,1
11820,0
23394,0
51979,1
4935,0
23037,0
4948,0
7917,0
48202,1
38849,1
42527,1
41384,1
20118,0
20721,0
2395,0
25722,0
36753,1
31293,1
24833,0
31565,1
11091,0
5400,0
22290,0
51363,1
51829,1
48209,1
22246,0
35039,1
26586,0
9673,0
34810,1
3183,0
24528,0
49178,1
52453,1
31225,1
1675,0
52232,1
18539,0
46076,1
41630,1
54621,1
57693,1
51052,1
39413,1
20217,0
31197,1
41718,1
21239,0
17794,0
52719,1
9292,0
37071,1
40870,1
43896,1
558,0
48135,1
487,0
30860,1
10313,0
3494,0
31916,1
31773,1
28772,0
56690,1
2950,0
40127,1
12973,0
47848,1
7205,0
13120,0
37100,1
46943,1
17191,0
881,0
16123,0
23772,0
14206,0
2083,0
4062,0
13870,0
54328,1
2758,0
21650,0
41087,1
12065,0
40990,1
32388,1
25747,0
10565,0
50606,1
42543,1
20355,0
47584,1
46714,1
313,0
39078,1
56303,1
12029,0
54305,1
55836,1
53242,1
49378,1
1665,0
18906,0
23267,0
178,0
22878,0
57137,1
20005,0
34396,1
26491,0
40683,1
43297,1
42180,1
22605,0
51726,1
32893,1
15564,0
49180,1
50087,1
10463,0
48633,1
14652,0
34885,1
26427,0
21840,0
34170,1
45956,1
12375,0
35542,1
6957,0
18603,0
17541,0
37891,1
58156,1
6413,0
50544,1
10668,0
35192,1
30805,1
8978,0
20380,0
16803,0
52103,1
26809,0
30398,1
58522,1
37143,1
36289,1
36295,1
27847,0
49909,1
2127,0
37081,1
53496,1
43795,1
2744,0
25515,0
38243,1
45625,1
2460,0
4318,0
36200,1
13036,0
28946,0
16350,0
47469,1
28006,0
9861,0
30,0
39475,1
12097,0
8834,0
16085,0
56726,1
55222,1
45368,1
1653,0
13651,0
53136,1
53406,1
23014,0
54139,1
25387,0
8087,0
57587,1
7468,0
9605,0
55161,1
3892,0
30516,1
23804,0
3317,0
28309,0
44633,1
18655,0
7033,0
55958,1
41006,1
55971,1
47150,1
31118,1
56937,1
2220,0
6074,0
8384,0
22213,0
39481,1
346,0
29700,1
27487,0
7428,0
15886,0
13242,0
52758,1
9998,0
16233,0
30144,1
28196,0
12970,0
56732,1
15454,0
50257,1
42913,1
32584,1
17747,0
1955,0
3063,0
1614,0
55631,1
7976,0
2398,0
44664,1
46151,1
18505,0
23753,0
22990,0
32292,1
643,0
36007,1
55773,1
39232,1
41937,1
42413,1
5725,0
3699,0
52068,1
51159,1
25483,0
32812,1
44133,1
14261,0
17935,0
8501,0
18289,0
48012,1
18573,0
31242,1
37189,1
10378,0
53751,1
5736,0
52969,1
20418,0
15764,0
46045,1
27240,0
983,0
6427,0
10991,0
35621,1
41395,1
32888,1
48859,1
6800,0
54406,1
15468,0
2959,0
2907,0
56152,1
22850,0
5718,0
31100,1
31670,1
42691,1
2842,0
1985,0
2620,0
44192,1
18334,0
53747,1
38963,1
44363,1
58287,1
47914,1
12218,0
7855,0
19300,0
19922,0
48345,1
18285,0
27856,0
52463,1
11731,0
20597,0
13871,0
29742,1
21490,0
22001,0
27173,0
8463,0
19023,0
49143,1
34690,1
34037,1
4169,0
18201,0
32824,1
1372,0
26832,0
50655,1
32579,1
32939,1
12793,0
47147,1
17829,0
56405,1
34435,1
51391,1
5294,0
26584,0
43591,1
45433,1
40305,1
3372,0
13206,0
5523,0
2166,0
21464,0
50400,1
19406,0
49012,1
3148,0
29607,1
45929,1
47197,1
48120,1
31156,1
38241,1
31460,1
41722,1
57662,1
56204,1
9939,0
20785,0
21432,0
52267,1
53557,1
51434,1
54263,1
8364,0
5063,0
34610,1
8158,0
9544,0
33905,1
54989,1
16308,0
6319,0
15022,0
4200,0
41586,1
32749,1
19139,0
5171,0
25640,0
14618,0
13581,0
26760,0
14340,0
24941,0
35981,1
17065,0
47519,1
42690,1
9730,0
57054,1
44112,1
47983,1
9973,0
7292,0
50446,1
24176,0
18306,0
10919,0
17867,0
10802,0
3049,0
29203,0
134,0
52377,1
41685,1
48912,1
15939,0
30112,1
11945,0
55654,1
6523,0
36072,1
43778,1
57726,1
42121,1
22901,0
40761,1
40699,1
14814,0
38403,1
53419,1
48398,1
23162,0
39913,1
8122,0
55821,1
39151,1
23109,0
27940,0
2602,0
55319,1
26089,0
54051,1
34498,1
17922,0
28345,0
22837,0
38945,1
15027,0
33057,1
22158,0
12604,0
42229,1
40101,1
39692,1
45293,1
3132,0
21385,0
11247,0
5416,0
3281,0
7827,0
7380,0
57546,1
38824,1
2144,0
284,0
29650,1
2347,0
52736,1
55164,1
26000,0
7459,0
53020,1
1647,0
11539,0
39376,1
11554,0
48746,1
8668,0
10124,0
2435,0
22978,0
20479,0
17683,0
46228,1
33163,1
33288,1
5470,0
5499,0
55734,1
33595,1
52531,1
8637,0
17579,0
31240,1
26115,0
42265,1
17594,0
32318,1
10955,0
13374,0
33225,1
20831,0
32758,1
19326,0
21786,0
9851,0
24607,0
56232,1
20168,0
44188,1
55957,1
45567,1
19757,0
40346,1
4962,0
736,0
34394,1
20858,0
44323,1
54792,1
27871,0
37905,1
55436,1
43114,1
16111,0
35987,1
2308,0
54934,1
22554,0
49781,1
29992,1
50383,1
26183,0
48287,1
40829,1
46643,1
7864,0
9728,0
16435,0
16582,0
41973,1
13560,0
2022,0
52817,1
55806,1
36877,1
55668,1
45028,1
26886,0
3371,0
28647,0
12322,0
18441,0
51331,1
26725,0
33065,1
31933,1
36690,1
42286,1
18517,0
535,0
46466,1
26171,0
50449,1
51534,1
23747,0
46250,1
28380,0
19186,0
28688,0
10573,0
51883,1
49211,1
9790,0
56120,1
36779,1
21894,0
27894,0
39011,1
56287,1
24083,0
51731,1
36967,1
33655,1
56249,1
30152,1
12656,0
32124,1
22981,0
9243,0
46527,1
56490,1
33002,1
12060,0
9665,0
848,0
45323,1
40242,1
12018,0
16104,0
9042,0
39850,1
19042,0
37781,1
36548,1
38497,1
16432,0
21208,0
37859,1
44804,1
1246,0
29826,1
34373,1
53989,1
16925,0
52032,1
18234,0
27377,0
31418,1
22838,0
29228,0
2186,0
39241,1
28376,0
9450,0
19461,0
3888,0
40350,1
29257,0
8779,0
34392,1
35933,1
50361,1
43365,1
31342,1
49185,1
9750,0
58224,1
38426,1
23598,0
33138,1
17503,0
17791,0
47295,1
16989,0
38093,1
30955,1
36353,1
51983,1
34572,1
4767,0
29124,0
35880,1
51615,1
34162,1
16927,0
47065,1
22627,0
27049,0
23780,0
34647,1
28509,0
7605,0
52006,1
24821,0
27427,0
57655,1
16712,0
38303,1
15794,0
30542,1
24989,0
12105,0
46407,1
42410,1
383,0
25187,0
7477,0
3531,0
45355,1
28527,0
37159,1
875,0
45059,1
54079,1
3269,0
17290,0
49520,1
11746,0
42103,1
8828,0
12807,0
47622,1
17706,0
17177,0
22373,0
42736,1
45897,1
27688,0
2778,0
3912,0
46996,1
49624,1
8674,0
34056,1
9663,0
13405,0
18025,0
56037,1
5826,0
36408,1
18371,0
14044,0
33701,1
33341,1
48673,1
9880,0
46182,1
11006,0
12893,0
58071,1
9758,0
28012,0
9170,0
14942,0
57972,1
5975,0
17562,0
57239,1
44842,1
40882,1
518,0
16022,0
455,0
53194,1
22632,0
58295,1
20629,0
58334,1
13475,0
12780,0
44085,1
27403,0
13940,0
45500,1
54925,1
24431,0
52036,1
32558,1
16313,0
57898,1
44848,1
724,0
21155,0
13139,0
40110,1
47189,1
34818,1
42971,1
3781,0
35854,1
42772,1
47335,1
34871,1
35078,1
40439,1
11703,0
12979,0
18996,0
8101,0
4959,0
3010,0
17998,0
47901,1
38244,1
36674,1
48747,1
5367,0
4564,0
45596,1
44228,1
52099,1
7484,0
37861,1
16468,0
37577,1
1211,0
21598,0
48447,1
11926,0
41178,1
45353,1
7068,0
14333,0
11860,0
24413,0
56611,1
10730,0
28078,0
11751,0
29381,1
56960,1
43664,1
49973,1
31708,1
19680,0
26124,0
58588,1
21366,0
57875,1
230,0
55955,1
170,0
6789,0
49158,1
35152,1
37388,1
9967,0
24245,0
35279,1
35807,1
55799,1
22907,0
34899,1
13985,0
16010,0
12377,0
35903,1
4085,0
12159,0
24310,0
36655,1
13987,0
28392,0
52715,1
3247,0
30677,1
9443,0
36695,1
43584,1
556,0
8420,0
22510,0
18466,0
13328,0
22427,0
55726,1
30344,1
6120,0
48179,1
4345,0
9798,0
41651,1
3185,0
7231,0
51709,1
425,0
11896,0
20623,0
24224,0
35656,1
6281,0
50600,1
31061,1
24041,0
36389,1
24694,0
29577,1
50404,1
25228,0
47828,1
16403,0
9389,0
54472,1
13693,0
33628,1
28894,0
30194,1
6462,0
14335,0
8697,0
54608,1
28163,0
6690,0
14882,0
46339,1
54222,1
8625,0
45454,1
45917,1
50054,1
48336,1
58199,1
51677,1
1066,0
29621,1
3445,0
30793,1
45182,1
43302,1
12343,0
20407,0
23892,0
42215,1
4825,0
20742,0
48715,1
43026,1
47021,1
57650,1
18918,0
2821,0
3668,0
33562,1
48477,1
12194,0
2297,0
28360,0
11465,0
536,0
22805,0
23500,0
44456,1
17869,0
35681,1
56996,1
56729,1
32479,1
12484,0
9592,0
34693,1
54068,1
49299,1
40233,1
31663,1
8185,0
7306,0
44267,1
36005,1
57399,1
52122,1
22320,0
46335,1
31897,1
26196,0
33269,1
21825,0
40538,1
31705,1
39149,1
29785,1
50208,1
54508,1
48888,1
27550,0
29886,1
12705,0
34303,1
12800,0
51956,1
51664,1
54597,1
2523,0
37954,1
36527,1
25401,0
5159,0
58260,1
4618,0
17229,0
34513,1
23743,0
10606,0
21986,0
10662,0
19882,0
43897,1
54035,1
32250,1
49969,1
4821,0
52387,1
39,0
35354,1
18321,0
8269,0
24796,0
51424,1
40965,1
50320,1
2019,0
25424,0
34,0
12056,0
21864,0
13231,0
43373,1
44365,1
41559,1
54554,1
56316,1
45515,1
14617,0
42784,1
46707,1
19467,0
1402,0
23353,0
17898,0
7990,0
57916,1
48386,1
18726,0
34500,1
15925,0
25707,0
28467,0
42957,1
23717,0
13495,0
26913,0
28659,0
33813,1
46303,1
26223,0
27334,0
18277,0
32863,1
33557,1
4314,0
55676,1
47366,1
15611,0
57420,1
48947,1
23514,0
47283,1
49212,1
29423,1
4750,0
14789,0
42451,1
7478,0
7103,0
14860,0
37947,1
54308,1
87,0
5540,0
57288,1
40877,1
48550,1
46561,1
22395,0
49491,1
40674,1
32162,1
26667,0
17627,0
18338,0
53620,1
33991,1
33228,1
35194,1
51821,1
20883,0
56210,1
42661,1
21327,0
5282,0
49247,1
44604,1
20509,0
51600,1
17795,0
30031,1
1862,0
21411,0
6208,0
39248,1
50103,1
44334,1
34545,1
18372,0
32629,1
17933,0
19704,0
11131,0
6677,0
47445,1
48635,1
57032,1
35688,1
13161,0
25315,0
40756,1
1122,0
11906,0
35535,1
8318,0
28363,0
45013,1
57184,1
14120,0
23645,0
40087,1
42501,1
18317,0
18723,0
41639,1
33145,1
51250,1
26938,0
31537,1
40817,1
36568,1
23055,0
55537,1
32739,1
54715,1
51198,1
55680,1
14459,0
18958,0
40795,1
28289,0
24024,0
1496,0
48364,1
53634,1
47385,1
9803,0
13861,0
9536,0
54974,1
48855,1
1730,0
47216,1
14884,0
35664,1
3437,0
56694,1
21235,0
39218,1
39456,1
16428,0
22985,0
13310,0
18831,0
25259,0
48854,1
41813,1
56590,1
35224,1
16516,0
24411,0
26669,0
23686,0
47770,1
7601,0
19178,0
7167,0
34060,1
11768,0
51368,1
50884,1
33594,1
25151,0
32207,1
11195,0
8972,0
6624,0
12362,0
57979,1
45988,1
35946,1
57819,1
49955,1
4830,0
47325,1
25486,0
8638,0
36272,1
7701,0
42851,1
56174,1
4528,0
3774,0
44397,1
2803,0
29282,0
50354,1
20706,0
11587,0
53918,1
11823,0
50508,1
17904,0
24213,0
1499,0
2212,0
30543,1
20319,0
42583,1
22390,0
25389,0
43152,1
10524,0
1866,0
20885,0
37605,1
28356,0
27914,0
17104,0
14937,0
27055,0
17267,0
50786,1
47809,1
12405,0
38466,1
4387,0
6699,0
36145,1
33666,1
24175,0
46203,1
31243,1
46357,1
34776,1
34298,1
51119,1
29513,1
54,0
51646,1
44034,1
44506,1
34192,1
56419,1
21751,0
421,0
8684,0
53884,1
21045,0
35806,1
10510,0
10383,0
8401,0
34687,1
17957,0
12993,0
11152,0
4210,0
25546,0
17553,0
30997,1
36398,1
55951,1
48507,1
21880,0
2020,0
32056,1
18419,0
45428,1
29670,1
52097,1
6769,0
36323,1
54032,1
7892,0
50200,1
29836,1
2463,0
18214,0
30930,1
506,0
38782,1
1282,0
46150,1
43320,1
18327,0
3251,0
16599,0
39852,1
51146,1
53857,1
56663,1
39349,1
20799,0
46896,1
51266,1
47004,1
57754,1
53073,1
40738,1
32142,1
5446,0
27163,0
1339,0
11452,0
42163,1
53967,1
46935,1
26545,0
8071,0
22146,0
9390,0
34876,1
24625,0
15625,0
30141,1
7395,0
914,0
46762,1
12154,0
33278,1
39169,1
40747,1
1643,0
47091,1
51169,1
32352,1
54906,1
14477,0
54176,1
33204,1
37733,1
45216,1
14795,0
45032,1
7860,0
32833,1
22409,0
13995,0
4343,0
38026,1
47023,1
50980,1
47832,1
49655,1
14748,0
27379,0
7299,0
49059,1
48510,1
45782,1
32609,1
9981,0
38827,1
34940,1
20660,0
22659,0
11881,0
36135,1
20825,0
13048,0
35050,1
14805,0
1250,0
15256,0
3061,0
9162,0
31360,1
35045,1
17351,0
579,0
36739,1
23149,0
27616,0
55678,1
10437,0
28493,0
48124,1
32484,1
14569,0
18923,0
33709,1
33664,1
3649,0
56644,1
17828,0
6534,0
29245,0
30670,1
41487,1
41182,1
1567,0
44959,1
30812,1
16529,0
3539,0
44107,1
23701,0
50926,1
45038,1
18507,0
3069,0
39975,1
49058,1
41159,1
19082,0
38370,1
30540,1
51690,1
10753,0
42011,1
7506,0
46700,1
25606,0
9952,0
8563,0
826,0
57110,1
39316,1
21762,0
43095,1
3222,0
53451,1
22337,0
55936,1
39897,1
44922,1
3413,0
47823,1
22972,0
19323,0
43607,1
10462,0
27426,0
14454,0
33353,1
54360,1
32491,1
10590,0
21166,0
5897,0
27591,0
18972,0
56711,1
13759,0
51936,1
39755,1
45817,1
1166,0
51303,1
32347,1
15752,0
29177,0
46836,1
11540,0
15192,0
45928,1
22870,0
6299,0
12609,0
38298,1
48653,1
37465,1
36688,1
35412,1
55750,1
26330,0
542,0
20341,0
26699,0
45010,1
34853,1
6223,0
7288,0
5413,0
36698,1
54162,1
18128,0
34272,1
31255,1
31957,1
21459,0
42272,1
57284,1
40771,1
1183,0
17702,0
28865,0
2061,0
43655,1
13830,0
39554,1
55883,1
2904,0
43600,1
41773,1
34918,1
36317,1
15208,0
34356,1
6714,0
5152,0
55974,1
28730,0
11648,0
58031,1
41941,1
2669,0
25395,0
11481,0
25582,0
27584,0
43414,1
56542,1
44755,1
29419,1
13195,0
37127,1
37625,1
18763,0
16663,0
34441,1
46660,1
16158,0
21747,0
49199,1
37921,1
55477,1
21685,0
35133,1
32240,1
22278,0
30929,1
44137,1
27131,0
58325,1
37152,1
42816,1
7886,0
8084,0
36549,1
17040,0
27748,0
56115,1
13434,0
55446,1
10215,0
9830,0
36217,1
26743,0
11259,0
58442,1
28340,0
15003,0
4629,0
19935,0
29074,0
11617,0
8296,0
21936,0
31931,1
1231,0
44729,1
7798,0
22296,0
22684,0
54190,1
32707,1
7952,0
35496,1
10330,0
2006,0
19768,0
57500,1
10989,0
47926,1
7714,0
1664,0
22927,0
5090,0
52406,1
2058,0
16066,0
41993,1
16060,0
43284,1
30247,1
48736,1
52002,1
44086,1
7247,0
13785,0
41627,1
25673,0
43391,1
40039,1
28844,0
51227,1
52049,1
11817,0
44883,1
22276,0
19612,0
7947,0
34391,1
47905,1
41857,1
16985,0
14374,0
54038,1
46222,1
50603,1
30672,1
19617,0
18805,0
18917,0
51924,1
6952,0
58130,1
35479,1
42615,1
53540,1
35294,1
30817,1
7349,0
53267,1
49183,1
43381,1
30595,1
14844,0
13173,0
3385,0
51610,1
2948,0
43966,1
24373,0
57126,1
11711,0
12509,0
25168,0
3734,0
44249,1
48338,1
51569,1
27205,0
8994,0
7895,0
28846,0
57896,1
9520,0
45418,1
19266,0
48015,1
52876,1
16225,0
33313,1
15099,0
43934,1
39199,1
9351,0
35495,1
27422,0
1861,0
3899,0
22323,0
10925,0
33821,1
9044,0
24407,0
3115,0
53275,1
34491,1
4089,0
13313,0
5212,0
17856,0
7530,0
36100,1
23179,0
16251,0
47067,1
47890,1
2939,0
3478,0
53416,1
19419,0
44859,1
18828,0
57120,1
51930,1
3790,0
49841,1
33456,1
49549,1
56707,1
35312,1
9697,0
18438,0
901,0
19007,0
37144,1
43552,1
26610,0
48993,1
30437,1
26888,0
11635,0
27851,0
47913,1
39348,1
4981,0
45072,1
28533,0
49383,1
53203,1
22142,0
46706,1
40316,1
25682,0
58579,1
3966,0
47510,1
50805,1
1776,0
1407,0
17348,0
52238,1
38571,1
51263,1
33862,1
28025,0
12878,0
11081,0
57135,1
7309,0
31290,1
21135,0
22531,0
12214,0
31069,1
27872,0
48803,1
58533,1
37300,1
33075,1
55368,1
31075,1
18641,0
15657,0
15593,0
3370,0
1493,0
38122,1
18974,0
30426,1
10005,0
16973,0
18244,0
57264,1
36466,1
38352,1
28714,0
52763,1
48063,1
39603,1
33740,1
47042,1
41803,1
34065,1
54484,1
14386,0
57977,1
36179,1
6553,0
47262,1
43236,1
25078,0
6228,0
46813,1
56362,1
8487,0
8469,0
35733,1
45475,1
21210,0
58305,1
53211,1
30925,1
30356,1
445,0
28812,0
48163,1
32918,1
12590,0
35385,1
11689,0
2595,0
22082,0
27968,0
52545,1
6661,0
54696,1
43656,1
27303,0
13250,0
20970,0
42875,1
50003,1
21403,0
44393,1
33925,1
9214,0
28667,0
44774,1
45370,1
46128,1
58017,1
33909,1
50268,1
12437,0
53072,1
35444,1
46098,1
50578,1
25472,0
40083,1
49391,1
1815,0
48691,1
50855,1
16573,0
48556,1
199,0
58270,1
11975,0
51400,1
33990,1
51218,1
33661,1
8343,0
25505,0
45071,1
13276,0
9618,0
19960,0
45791,1
9498,0
30335,1
51669,1
36798,1
35986,1
27473,0
9825,0
19544,0
52563,1
29663,1
14526,0
28840,0
4774,0
28414,0
23537,0
10855,0
12915,0
12550,0
38511,1
40607,1
21695,0
10845,0
58445,1
45075,1
23708,0
31282,1
5058,0
10007,0
50193,1
27260,0
49298,1
18359,0
40109,1
54095,1
38487,1
49063,1
27039,0
33296,1
52133,1
1739,0
38686,1
31012,1
32009,1
29392,1
30040,1
2068,0
28087,0
5137,0
58546,1
54702,1
3276,0
37987,1
44451,1
44551,1
22315,0
10354,0
46624,1
4590,0
27107,0
47797,1
26993,0
45483,1
37016,1
54933,1
12165,0
4706,0
10223,0
28598,0
7852,0
30217,1
31979,1
10114,0
3931,0
41327,1
29140,0
49967,1
23136,0
21479,0
56822,1
10542,0
4983,0
50394,1
25615,0
7958,0
35384,1
53774,1
56194,1
20294,0
1160,0
21704,0
8251,0
25147,0
21662,0
13295,0
47871,1
30523,1
33861,1
28717,0
41047,1
13339,0
35289,1
57622,1
42716,1
38332,1
10937,0
50728,1
3801,0
21072,0
559,0
15446,0
54535,1
20728,0
10386,0
35968,1
9541,0
52667,1
35484,1
21580,0
33166,1
34483,1
32507,1
5377,0
23317,0
42151,1
57884,1
50272,1
35125,1
44559,1
47187,1
27690,0
38637,1
15273,0
39216,1
2721,0
7490,0
35957,1
37074,1
57483,1
47985,1
58153,1
39703,1
19197,0
7384,0
51481,1
11607,0
23341,0
15880,0
57237,1
4934,0
23658,0
47630,1
42739,1
5547,0
49480,1
10648,0
31228,1
32254,1
4205,0
37939,1
55585,1
22773,0
50231,1
37228,1
20879,0
22188,0
11623,0
17822,0
43412,1
3176,0
10309,0
27593,0
37239,1
34003,1
47453,1
41742,1
55085,1
55887,1
4730,0
20647,0
49320,1
4022,0
24164,0
57255,1
37135,1
40418,1
14761,0
10490,0
40911,1
39557,1
8628,0
53037,1
13748,0
55886,1
22437,0
24239,0
53480,1
6632,0
36603,1
40218,1
36093,1
46951,1
8221,0
27098,0
12544,0
51216,1
12825,0
23140,0
13382,0
47528,1
4228,0
36120,1
2562,0
58083,1
27391,0
41298,1
11059,0
57455,1
22340,0
48591,1
27047,0
18487,0
12516,0
51728,1
39272,1
21285,0
21983,0
58280,1
45405,1
22873,0
24406,0
22555,0
36432,1
35514,1
45924,1
19730,0
6468,0
48199,1
5709,0
30137,1
5681,0
42911,1
10068,0
54516,1
10498,0
53330,1
49503,1
41392,1
12594,0
51448,1
12616,0
48381,1
30799,1
31768,1
43588,1
970,0
38445,1
32472,1
10580,0
55509,1
18571,0
50842,1
23808,0
4223,0
43825,1
24681,0
37304,1
13001,0
44649,1
6384,0
25680,0
27929,0
52201,1
20035,0
31244,1
49106,1
20034,0
56280,1
2715,0
38693,1
57563,1
33478,1
9484,0
18124,0
27226,0
40178,1
33522,1
36768,1
4966,0
16365,0
43715,1
54166,1
237,0
50950,1
57095,1
58149,1
16092,0
37677,1
16425,0
13020,0
9809,0
23670,0
3705,0
3412,0
49434,1
57654,1
4758,0
38669,1
33181,1
24771,0
17309,0
25907,0
33847,1
37153,1
18686,0
4221,0
14854,0
32023,1
43163,1
11568,0
32817,1
32298,1
29450,1
14151,0
25913,0
36050,1
50615,1
20362,0
20560,0
40361,1
39805,1
50434,1
35117,1
15082,0
35156,1
5336,0
51789,1
19971,0
13984,0
24193,0
52790,1
25211,0
43815,1
27603,0
47440,1
5125,0
17201,0
5557,0
20947,0
54164,1
17406,0
5012,0
9987,0
48235,1
8762,0
53182,1
50604,1
15075,0
1287,0
47945,1
35840,1
36241,1
53661,1
12659,0
32756,1
11923,0
27806,0
22826,0
38453,1
57935,1
13391,0
12095,0
14507,0
14753,0
25439,0
7676,0
41670,1
43732,1
6475,0
48261,1
30767,1
22112,0
2152,0
10741,0
40387,1
33104,1
17831,0
13990,0
55895,1
18490,0
15943,0
47560,1
37684,1
49358,1
40507,1
57553,1
33332,1
36374,1
7454,0
22169,0
43540,1
43644,1
57567,1
18600,0
38976,1
1097,0
16181,0
8862,0
33671,1
20790,0
13534,0
42048,1
40013,1
20441,0
46674,1
9695,0
23392,0
12744,0
4899,0
18954,0
9221,0
28066,0
41567,1
50525,1
37293,1
15807,0
36892,1
50862,1
31884,1
28231,0
6994,0
13610,0
9035,0
53969,1
21946,0
10446,0
32285,1
9120,0
33743,1
40962,1
53710,1
10967,0
21437,0
17547,0
2237,0
30096,1
56112,1
34533,1
48784,1
46855,1
40902,1
45380,1
22234,0
10362,0
8323,0
1195,0
54017,1
28540,0
55637,1
568,0
31137,1
52500,1
5487,0
31173,1
33604,1
624,0
11631,0
46744,1
15995,0
22902,0
52631,1
51350,1
49658,1
14050,0
24661,0
26820,0
16188,0
34041,1
55292,1
32053,1
40945,1
26488,0
8603,0
47657,1
44324,1
17735,0
36462,1
41956,1
3042,0
101,0
16474,0
16569,0
1255,0
13498,0
14175,0
46111,1
55000,1
29406,1
51759,1
14133,0
14467,0
10676,0
23306,0
1198,0
25932,0
19530,0
42264,1
22086,0
15490,0
56876,1
48974,1
45927,1
52577,1
16839,0
4565,0
36406,1
34012,1
51283,1
52767,1
37702,1
2436,0
33453,1
53257,1
35375,1
21444,0
18632,0
29898,1
49619,1
30944,1
23192,0
6055,0
31232,1
13191,0
42592,1
51141,1
18821,0
53090,1
39097,1
30105,1
30052,1
4486,0
15479,0
24753,0
54461,1
30914,1
3570,0
27454,0
34887,1
8009,0
5368,0
49510,1
22832,0
51087,1
5371,0
11436,0
18834,0
20323,0
17243,0
11015,0
8876,0
11984,0
7831,0
43293,1
31120,1
8938,0
15242,0
21424,0
21531,0
4166,0
26406,0
2301,0
33550,1
12421,0
42828,1
25593,0
55873,1
7053,0
36139,1
30898,1
57148,1
47574,1
2488,0
52994,1
6211,0
39678,1
39044,1
42549,1
8831,0
20854,0
53098,1
42045,1
17672,0
2718,0
51059,1
5999,0
4121,0
17049,0
15067,0
40695,1
29773,1
45815,1
54727,1
57899,1
5011,0
5858,0
6895,0
18013,0
30475,1
40070,1
6518,0
21212,0
17900,0
55403,1
24351,0
7509,0
14392,0
50905,1
28248,0
7567,0
52605,1
32602,1
46766,1
41878,1
11239,0
23344,0
16622,0
40839,1
32633,1
30949,1
27096,0
57251,1
38712,1
37438,1
34085,1
3496,0
1994,0
35362,1
38198,1
8193,0
56589,1
7640,0
46453,1
25305,0
54997,1
3747,0
26194,0
3241,0
51208,1
25217,0
9068,0
51603,1
4844,0
25262,0
28262,0
2052,0
15448,0
10811,0
1871,0
47455,1
15659,0
55119,1
6617,0
55897,1
40353,1
19497,0
58237,1
55500,1
47257,1
44931,1
27070,0
20997,0
42519,1
15255,0
51585,1
58551,1
27878,0
25676,0
51405,1
32046,1
56852,1
36756,1
45549,1
22222,0
17899,0
48005,1
35710,1
51021,1
47029,1
14843,0
33898,1
36842,1
9392,0
55947,1
35884,1
37546,1
30931,1
34758,1
30085,1
51423,1
57061,1
46894,1
6723,0
6634,0
37834,1
54561,1
8814,0
16561,0
9410,0
16731,0
34461,1
36896,1
20480,0
10940,0
34292,1
22179,0
17952,0
6328,0
40658,1
14187,0
11036,0
10887,0
32750,1
4351,0
18000,0
30156,1
51463,1
22796,0
56509,1
16826,0
31889,1
49007,1
6215,0
22817,0
23025,0
16938,0
27617,0
47363,1
50737,1
23422,0
52394,1
26895,0
4336,0
40901,1
36422,1
31623,1
11454,0
13694,0
39829,1
54201,1
48587,1
28565,0
44312,1
56998,1
11337,0
26944,0
50987,1
4225,0
19310,0
7334,0
29594,1
56621,1
54219,1
2672,0
18148,0
11544,0
15841,0
50190,1
39676,1
49722,1
41827,1
36728,1
42185,1
22573,0
7276,0
33620,1
13799,0
22939,0
42985,1
17488,0
50058,1
51871,1
23677,0
11886,0
54908,1
56074,1
18437,0
29144,0
6220,0
980,0
10388,0
28321,0
57347,1
2214,0
15891,0
9293,0
44343,1
42242,1
1064,0
34188,1
5138,0
42682,1
8513,0
7719,0
34255,1
7136,0
38356,1
50649,1
14152,0
36716,1
10906,0
3928,0
41517,1
56329,1
58331,1
15505,0
10154,0
8021,0
13526,0
41058,1
6080,0
31991,1
44270,1
34209,1
2030,0
15946,0
57791,1
9746,0
47418,1
7759,0
33841,1
29512,1
14880,0
17661,0
10507,0
44036,1
50436,1
53946,1
50990,1
19818,0
6057,0
43635,1
35456,1
52015,1
44542,1
41207,1
41568,1
9000,0
45922,1
22537,0
39765,1
1473,0
49522,1
4974,0
56042,1
5602,0
45025,1
23766,0
32867,1
22808,0
53799,1
43270,1
38816,1
28816,0
2481,0
4304,0
3635,0
43195,1
36293,1
2357,0
58231,1
34142,1
30310,1
25408,0
15543,0
16303,0
21031,0
20926,0
52158,1
6692,0
36332,1
37579,1
46572,1
44118,1
41380,1
18782,0
26744,0
54353,1
6850,0
23187,0
35338,1
22235,0
9272,0
46796,1
41911,1
28307,0
48114,1
5651,0
8410,0
24643,0
27886,0
28982,0
14235,0
9441,0
5554,0
24990,0
22768,0
28534,0
22880,0
14980,0
49541,1
47352,1
10046,0
52391,1
29413,1
45921,1
55576,1
25530,0
58200,1
25594,0
3860,0
55177,1
46451,1
51594,1
14564,0
27699,0
34719,1
17741,0
52576,1
45882,1
47148,1
19452,0
32170,1
6753,0
30322,1
4860,0
53750,1
6250,0
1318,0
25532,0
37707,1
43852,1
42807,1
14651,0
16659,0
44227,1
14466,0
8236,0
50173,1
5632,0
31544,1
17050,0
28389,0
20505,0
12002,0
9610,0
18239,0
7360,0
55138,1
49027,1
52277,1
48027,1
15621,0
4441,0
19527,0
36713,1
25974,0
50654,1
14971,0
44798,1
27028,0
54469,1
18948,0
7020,0
27627,0
43846,1
30657,1
25529,0
32576,1
41957,1
15108,0
46525,1
41292,1
27349,0
39043,1
6874,0
7784,0
22265,0
47181,1
2635,0
34308,1
29218,0
45718,1
51299,1
56958,1
56597,1
12387,0
25412,0
38844,1
29725,1
53345,1
55323,1
21555,0
775,0
32861,1
45743,1
3473,0
28562,0
13111,0
41983,1
30622,1
21605,0
45145,1
633,0
6412,0
14003,0
20052,0
10866,0
30741,1
26216,0
50740,1
44543,1
17676,0
13735,0
8268,0
21891,0
56866,1
8826,0
52548,1
712,0
5145,0
9334,0
57829,1
22426,0
4539,0
2199,0
1325,0
27468,0
49636,1
49315,1
21964,0
56262,1
56233,1
34219,1
36985,1
32994,1
21858,0
49469,1
53748,1
39492,1
12503,0
17758,0
47369,1
26619,0
34767,1
39814,1
50430,1
23445,0
36721,1
12535,0
44497,1
49874,1
4567,0
5544,0
29005,0
14938,0
47390,1
24634,0
48537,1
46957,1
8089,0
42124,1
39351,1
46465,1
43818,1
35118,1
47582,1
23597,0
10325,0
31138,1
7029,0
17529,0
39212,1
31524,1
14887,0
46929,1
16857,0
11142,0
8085,0
19779,0
49557,1
48547,1
19569,0
24496,0
42582,1
27052,0
42316,1
15540,0
11880,0
20576,0
2940,0
12374,0
10664,0
704,0
3613,0
35930,1
15978,0
41862,1
8440,0
1206,0
58285,1
52060,1
55042,1
28126,0
29716,1
23211,0
4317,0
4749,0
7177,0
7897,0
45656,1
3865,0
12809,0
23722,0
19200,0
2501,0
9202,0
38480,1
9584,0
7500,0
35254,1
14292,0
17783,0
29375,1
14383,0
53373,1
34546,1
23345,0
44900,1
47076,1
20261,0
22903,0
24572,0
46980,1
44763,1
31702,1
5597,0
45789,1
10185,0
56885,1
55702,1
9718,0
56738,1
36404,1
9638,0
55856,1
22608,0
46853,1
42941,1
16177,0
4383,0
30987,1
7298,0
54922,1
4309,0
56910,1
37212,1
24904,0
5591,0
11189,0
35695,1
47808,1
20140,0
24294,0
48679,1
50585,1
40775,1
17936,0
44194,1
2310,0
48043,1
54315,1
5064,0
45338,1
35166,1
54235,1
50515,1
27186,0
24056,0
15725,0
51343,1
24628,0
42358,1
8539,0
38615,1
54606,1
240,0
55318,1
30746,1
34806,1
46727,1
41514,1
50011,1
48837,1
37090,1
24651,0
55301,1
56838,1
27282,0
34262,1
14969,0
33772,1
9526,0
42060,1
14727,0
57292,1
35635,1
34322,1
40515,1
41579,1
14313,0
4229,0
46833,1
56322,1
20181,0
54449,1
14959,0
15977,0
13884,0
6135,0
31401,1
36306,1
4269,0
34563,1
54988,1
6618,0
13330,0
36898,1
54659,1
25388,0
48551,1
36157,1
49641,1
42745,1
47845,1
1770,0
55274,1
15683,0
53310,1
49548,1
31620,1
48917,1
50129,1
10,0
16321,0
23579,0
57402,1
20917,0
29932,1
19244,0
20502,0
17155,0
15035,0
3340,0
7880,0
41525,1
2777,0
52206,1
56548,1
34796,1
9779,0
11784,0
7234,0
49340,1
11245,0
26935,0
22670,0
1600,0
6081,0
58318,1
50355,1
3058,0
34248,1
31989,1
15054,0
21620,0
3320,0
53482,1
1415,0
55144,1
24627,0
8129,0
50558,1
22305,0
32759,1
1187,0
55994,1
16638,0
32603,1
50074,1
21473,0
55762,1
297,0
58409,1
25072,0
32736,1
50474,1
46983,1
11863,0
3331,0
3324,0
7337,0
46930,1
14654,0
34127,1
36377,1
26823,0
28632,0
52671,1
4856,0
22491,0
42554,1
33114,1
57219,1
23097,0
29759,1
53991,1
49771,1
26363,0
45970,1
808,0
9026,0
10085,0
15297,0
33161,1
37549,1
10194,0
54278,1
17846,0
1709,0
32775,1
2629,0
37205,1
34097,1
50844,1
24457,0
27223,0
30954,1
49001,1
41152,1
37875,1
50856,1
55802,1
6923,0
47314,1
56274,1
6252,0
24421,0
57685,1
4230,0
20206,0
1568,0
46313,1
38514,1
16494,0
12118,0
43144,1
45197,1
42320,1
9143,0
35341,1
32397,1
49893,1
39889,1
2737,0
40486,1
7572,0
3840,0
10321,0
55927,1
13424,0
22664,0
34386,1
6375,0
22964,0
21487,0
1683,0
16175,0
37823,1
18936,0
58054,1
10397,0
51672,1
54392,1
24743,0
34384,1
48493,1
5967,0
8299,0
57181,1
35661,1
37059,1
19041,0
5146,0
6689,0
16129,0
8693,0
32415,1
42393,1
28494,0
7743,0
12472,0
40715,1
13122,0
5695,0
31236,1
44538,1
55990,1
4786,0
39095,1
54393,1
10588,0
54066,1
18204,0
56559,1
3008,0
2574,0
58449,1
49184,1
30316,1
51277,1
55491,1
46157,1
9890,0
20279,0
576,0
3949,0
1474,0
42246,1
19934,0
40345,1
51997,1
1808,0
22715,0
57464,1
13825,0
15963,0
15612,0
49189,1
10224,0
42815,1
24649,0
36344,1
33714,1
55115,1
19303,0
10425,0
14529,0
11396,0
39452,1
5674,0
11402,0
46964,1
10276,0
16348,0
104,0
54131,1
14271,0
12108,0
57617,1
43984,1
24720,0
16672,0
669,0
23531,0
46338,1
27387,0
53453,1
15583,0
51320,1
53941,1
19383,0
57440,1
43154,1
18701,0
13806,0
42125,1
9683,0
11702,0
16944,0
39775,1
15842,0
48829,1
2537,0
9565,0
18186,0
39725,1
27341,0
2233,0
4093,0
6187,0
27210,0
37705,1
19373,0
58372,1
10201,0
31538,1
4394,0
36417,1
27577,0
51379,1
4313,0
3256,0
53105,1
10909,0
45427,1
36599,1
57636,1
5581,0
2650,0
39026,1
15330,0
19043,0
10152,0
18636,0
6442,0
58179,1
44858,1
3729,0
29738,1
28286,0
5780,0
26267,0
49604,1
43857,1
1109,0
58378,1
28287,0
44091,1
2286,0
38625,1
35402,1
55577,1
25323,0
39958,1
21077,0
32440,1
17723,0
29616,1
21600,0
2076,0
27738,0
39809,1
12749,0
43926,1
27397,0
40999,1
43327,1
1082,0
37163,1
12176,0
17479,0
51732,1
14731,0
14441,0
10422,0
13072,0
35225,1
50807,1
20051,0
4366,0
47361,1
10778,0
58245,1
41112,1
48205,1
38596,1
47308,1
46664,1
9853,0
36593,1
21901,0
37311,1
50415,1
27421,0
43538,1
19132,0
57594,1
5043,0
20343,0
9990,0
49703,1
20117,0
50531,1
36077,1
49834,1
44065,1
29851,1
42235,1
53236,1
23784,0
27181,0
39314,1
4911,0
35299,1
34959,1
53009,1
11244,0
35129,1
24635,0
51072,1
4005,0
18496,0
30854,1
32539,1
15121,0
37177,1
28455,0
3510,0
20741,0
26701,0
12914,0
46227,1
40501,1
15559,0
7308,0
28640,0
49990,1
17292,0
46165,1
30655,1
40809,1
44453,1
40391,1
57334,1
29508,1
51969,1
23307,0
158,0
46904,1
26354,0
2041,0
13132,0
33860,1
28120,0
51215,1
9438,0
10978,0
32866,1
13607,0
19408,0
34079,1
51356,1
49892,1
33672,1
29739,1
48517,1
10959,0
45250,1
4377,0
34323,1
42702,1
11797,0
24838,0
6512,0
2515,0
38071,1
56461,1
43400,1
21105,0
18512,0
52711,1
472,0
46318,1
39080,1
36822,1
46915,1
33781,1
16887,0
23076,0
40672,1
42153,1
45469,1
13243,0
29589,1
44424,1
55710,1
41043,1
22721,0
9612,0
56750,1
44632,1
22642,0
52324,1
15378,0
16469,0
34011,1
20241,0
5461,0
24299,0
7430,0
43515,1
55645,1
34602,1
29620,1
28976,0
12382,0
33380,1
9645,0
35870,1
25624,0
37602,1
40291,1
52794,1
40655,1
22847,0
27631,0
6533,0
51661,1
5747,0
49830,1
54414,1
29104,0
27376,0
33963,1
37443,1
21414,0
32086,1
46616,1
6399,0
48030,1
1510,0
15440,0
36528,1
18215,0
37469,1
46209,1
53838,1
30492,1
11809,0
35036,1
30261,1
1865,0
51638,1
51790,1
44498,1
11049,0
36795,1
56028,1
12534,0
17286,0
37529,1
39820,1
34172,1
3670,0
34452,1
1506,0
49506,1
40815,1
1508,0
13866,0
1369,0
45805,1
8929,0
30165,1
52271,1
37112,1
54896,1
1737,0
33523,1
18565,0
48529,1
1070,0
23917,0
37480,1
9088,0
37344,1
39415,1
26231,0
25760,0
2847,0
54476,1
36475,1
39729,1
55609,1
26977,0
29456,1
56811,1
45148,1
49487,1
32777,1
20265,0
22343,0
30519,1
48600,1
46006,1
49453,1
11600,0
30060,1
35879,1
57307,1
57295,1
43941,1
16822,0
7217,0
15819,0
27188,0
46678,1
26875,0
4563,0
13811,0
47490,1
44075,1
41989,1
15792,0
54013,1
15682,0
15341,0
12094,0
26680,0
12475,0
32212,1
11243,0
39056,1
5363,0
40721,1
36177,1
21770,0
58593,1
18004,0
57043,1
26425,0
6770,0
12738,0
5048,0
5963,0
5575,0
41356,1
344,0
34361,1
10986,0
45943,1
1155,0
6788,0
898,0
4274,0
57072,1
9843,0
13522,0
16972,0
15742,0
10725,0
44179,1
16966,0
48137,1
39442,1
26906,0
55360,1
28317,0
13765,0
12967,0
55398,1
23363,0
27374,0
44603,1
13202,0
14046,0
11079,0
6705,0
10052,0
5576,0
45972,1
13172,0
30123,1
36981,1
6946,0
45382,1
33127,1
13934,0
11404,0
50997,1
19857,0
16119,0
8507,0
21850,0
12493,0
6149,0
54419,1
43550,1
2588,0
35983,1
26819,0
54225,1
10206,0
586,0
42909,1
13952,0
29538,1
49648,1
8599,0
33489,1
7937,0
45537,1
5239,0
23233,0
1885,0
49415,1
19125,0
1612,0
30324,1
19513,0
51680,1
24235,0
52081,1
33810,1
17310,0
17777,0
18962,0
11226,0
22289,0
36380,1
57907,1
52626,1
47341,1
37125,1
57171,1
37639,1
29466,1
38843,1
35248,1
57169,1
6567,0
7433,0
51739,1
58386,1
2963,0
18747,0
44017,1
34936,1
4136,0
45839,1
15910,0
27517,0
20446,0
29941,1
19950,0
2820,0
24279,0
21332,0
38605,1
39377,1
47059,1
24359,0
53190,1
44466,1
49447,1
8059,0
8254,0
46307,1
16886,0
25539,0
9152,0
49403,1
27645,0
50235,1
28334,0
20092,0
56931,1
52282,1
8241,0
40238,1
38704,1
15931,0
16444,0
48349,1
39684,1
51140,1
21274,0
43054,1
20574,0
13713,0
58225,1
33495,1
39307,1
8303,0
4864,0
23349,0
57394,1
42251,1
53007,1
329,0
48170,1
35352,1
7648,0
1677,0
39606,1
16909,0
16465,0
35776,1
11526,0
13063,0
40308,1
5678,0
7806,0
34525,1
10172,0
26404,0
47911,1
20515,0
9599,0
50537,1
11437,0
51187,1
57523,1
40365,1
7557,0
15541,0
14115,0
46275,1
23685,0
56223,1
44565,1
28335,0
49929,1
280,0
14011,0
49998,1
34232,1
56160,1
5128,0
26242,0
32218,1
45802,1
16831,0
44110,1
42020,1
45838,1
10859,0
44382,1
8700,0
44814,1
28113,0
31629,1
53347,1
40471,1
44947,1
39747,1
13267,0
15243,0
17287,0
32585,1
48303,1
513,0
23100,0
17515,0
36236,1
2619,0
55493,1
54444,1
35825,1
28388,0
31196,1
25569,0
27946,0
1297,0
43088,1
17103,0
35017,1
20873,0
38462,1
57387,1
10611,0
34178,1
11690,0
15590,0
37912,1
44448,1
41015,1
33375,1
27561,0
6906,0
49496,1
18817,0
24505,0
42954,1
51779,1
34706,1
22226,0
19228,0
46670,1
7075,0
13890,0
35723,1
12140,0
40708,1
4898,0
20091,0
1184,0
24150,0
56283,1
16234,0
25271,0
46191,1
36848,1
16961,0
24853,0
39050,1
38195,1
43027,1
10130,0
53758,1
4069,0
27949,0
19787,0
5887,0
10614,0
35778,1
21383,0
11845,0
25216,0
22749,0
37613,1
45138,1
54375,1
32083,1
10205,0
2101,0
29560,1
11574,0
57948,1
25014,0
57309,1
13458,0
2413,0
46581,1
39721,1
49327,1
5148,0
22845,0
50998,1
14324,0
57781,1
7277,0
19234,0
11741,0
7681,0
51408,1
20040,0
21981,0
25250,0
56061,1
25560,0
54700,1
49947,1
44399,1
39065,1
39941,1
37192,1
42566,1
37940,1
22125,0
31217,1
54173,1
5381,0
251,0
28557,0
30726,1
58444,1
56116,1
15010,0
33142,1
20899,0
52911,1
13809,0
25462,0
31122,1
54803,1
57860,1
24707,0
23876,0
56846,1
57913,1
55616,1
8765,0
48479,1
9102,0
58536,1
35153,1
21979,0
53233,1
51740,1
4080,0
48011,1
1821,0
17991,0
36286,1
28353,0
55202,1
4402,0
30171,1
12928,0
5803,0
39039,1
27735,0
8844,0
3800,0
41712,1
47113,1
243,0
8055,0
10100,0
36777,1
7859,0
50111,1
16719,0
33337,1
40968,1
11895,0
32371,1
28104,0
24453,0
52561,1
51377,1
15442,0
25443,0
44805,1
642,0
39873,1
46538,1
7686,0
56887,1
53058,1
42751,1
13936,0
51880,1
20110,0
43385,1
39127,1
11285,0
27038,0
23228,0
17124,0
17906,0
56526,1
34449,1
38917,1
43255,1
30462,1
19852,0
8764,0
30541,1
4586,0
40226,1
38960,1
12146,0
28508,0
39497,1
25435,0
32728,1
50793,1
15500,0
50569,1
21404,0
51815,1
37490,1
21232,0
40222,1
43165,1
21670,0
29805,1
27554,0
45457,1
42556,1
20874,0
27739,0
19144,0
52873,1
27347,0
30455,1
30072,1
19833,0
26591,0
16124,0
38149,1
11726,0
43173,1
41837,1
3402,0
57939,1
10537,0
35944,1
1068,0
35673,1
26377,0
20589,0
31289,1
28463,0
54910,1
4702,0
31825,1
38094,1
45349,1
21346,0
546,0
18183,0
7533,0
7757,0
36425,1
25894,0
13800,0
29268,0
23721,0
30420,1
13556,0
38558,1
17278,0
47991,1
40237,1
52358,1
47579,1
40662,1
35475,1
31276,1
33700,1
16137,0
3270,0
33606,1
8358,0
5866,0
5402,0
23044,0
43155,1
8545,0
29160,0
19133,0
2976,0
57775,1
2723,0
47346,1
8953,0
7092,0
48325,1
6761,0
34510,1
10818,0
38300,1
40451,1
17603,0
10016,0
8246,0
52293,1
15575,0
27683,0
57297,1
686,0
27171,0
8376,0
55496,1
10353,0
16168,0
53365,1
1268,0
16895,0
53662,1
33798,1
8744,0
54937,1
12575,0
12488,0
57813,1
41881,1
54966,1
4903,0
57908,1
18749,0
10497,0
8554,0
8104,0
34990,1
43149,1
4197,0
25909,0
26927,0
11575,0
55513,1
9050,0
5534,0
11487,0
50574,1
55208,1
5100,0
24693,0
17089,0
10260,0
31609,1
37950,1
18028,0
47815,1
12944,0
37734,1
53005,1
46697,1
26366,0
13502,0
34185,1
24448,0
57230,1
29008,0
48254,1
47939,1
54478,1
33256,1
35344,1
53234,1
2974,0
29472,1
29473,1
13408,0
47996,1
39616,1
42962,1
3265,0
44657,1
42335,1
28857,0
1235,0
17215,0
19131,0
32141,1
52181,1
18286,0
48740,1
45955,1
15972,0
38009,1
17821,0
21086,0
26796,0
16072,0
37226,1
14634,0
46029,1
48871,1
34082,1
37758,1
25360,0
42697,1
41307,1
26232,0
3622,0
58049,1
50881,1
17328,0
16667,0
4696,0
6627,0
19213,0
28913,0
16205,0
50396,1
2339,0
54521,1
274,0
52590,1
56144,1
46649,1
473,0
18348,0
50598,1
46456,1
21626,0
267,0
14111,0
38258,1
54885,1
56119,1
7834,0
25739,0
33167,1
29189,0
54157,1
32890,1
962,0
40579,1
1163,0
2206,0
12340,0
20094,0
25391,0
3421,0
25513,0
9966,0
37275,1
46554,1
37284,1
38809,1
33140,1
45978,1
48155,1
48028,1
29377,1
40480,1
44952,1
18067,0
12580,0
46583,1
3579,0
13855,0
25130,0
48519,1
53936,1
29342,1
23471,0
5862,0
1520,0
44524,1
53597,1
22283,0
20993,0
43408,1
2,0
2474,0
3621,0
41222,1
37749,1
57945,1
30086,1
25041,0
3974,0
16871,0
52682,1
1690,0
41198,1
44529,1
41834,1
15873,0
39803,1
19221,0
46051,1
38952,1
51785,1
46647,1
47239,1
28472,0
24914,0
42843,1
56295,1
15544,0
53125,1
7344,0
25223,0
19105,0
5183,0
17731,0
39083,1
51179,1
21629,0
10821,0
11622,0
47143,1
43143,1
51568,1
20400,0
10928,0
35961,1
48525,1
51666,1
46325,1
45258,1
38851,1
5485,0
21138,0
29510,1
50242,1
16799,0
41479,1
34182,1
51593,1
18206,0
46446,1
57351,1
17754,0
56505,1
30835,1
23226,0
36691,1
50408,1
42900,1
39560,1
56487,1
39239,1
23987,0
29823,1
49399,1
8678,0
29701,1
1017,0
49690,1
787,0
44799,1
58195,1
16576,0
29722,1
25695,0
51413,1
32294,1
41123,1
35667,1
43517,1
23589,0
48913,1
46824,1
44948,1
28515,0
12620,0
40875,1
16426,0
53840,1
23188,0
1281,0
34750,1
41765,1
57873,1
30693,1
38886,1
18006,0
40785,1
55367,1
14873,0
30413,1
52095,1
44822,1
50673,1
32315,1
52042,1
37848,1
58375,1
4861,0
47629,1
5917,0
21635,0
55129,1
2846,0
14339,0
51624,1
3123,0
32418,1
56565,1
39595,1
14148,0
1697,0
29096,0
56757,1
41501,1
24113,0
53186,1
11202,0
157,0
46968,1
47731,1
24315,0
16471,0
42621,1
14061,0
20108,0
5844,0
54565,1
20833,0
20898,0
21509,0
57468,1
42126,1
37156,1
50017,1
34844,1
11012,0
52632,1
9904,0
20459,0
55191,1
32427,1
22618,0
49296,1
46907,1
6485,0
3921,0
52941,1
34084,1
25846,0
23812,0
15969,0
34980,1
7097,0
942,0
17841,0
9060,0
40983,1
14229,0
58026,1
14768,0
4419,0
53237,1
57845,1
5918,0
66,0
29048,0
5979,0
18838,0
39895,1
4762,0
11852,0
50187,1
38752,1
40082,1
39276,1
6600,0
5683,0
6008,0
39227,1
26,0
1254,0
16080,0
27796,0
21028,0
46515,1
38490,1
50376,1
20352,0
3889,0
33200,1
27675,0
14886,0
19165,0
53675,1
55961,1
45026,1
26917,0
19331,0
6391,0
23890,0
47948,1
44318,1
16151,0
41461,1
14365,0
40599,1
10366,0
32305,1
18429,0
31541,1
21522,0
25775,0
58478,1
34617,1
8138,0
7874,0
33529,1
36845,1
25349,0
46218,1
5937,0
48482,1
51674,1
1641,0
56623,1
20552,0
40587,1
33752,1
52053,1
22324,0
16096,0
49832,1
45724,1
21739,0
13205,0
14598,0
53813,1
50295,1
1208,0
35832,1
51425,1
40697,1
16229,0
25022,0
49142,1
5506,0
26795,0
47646,1
22177,0
6667,0
57679,1
33658,1
6315,0
36073,1
28148,0
51518,1
30660,1
45674,1
11943,0
20298,0
34747,1
36841,1
47127,1
19026,0
47662,1
44773,1
45659,1
24686,0
50241,1
33993,1
1978,0
51589,1
49485,1
28960,0
56098,1
56641,1
491,0
12895,0
16643,0
39396,1
33025,1
4562,0
25456,0
42091,1
52319,1
36455,1
15186,0
5952,0
47740,1
55031,1
44115,1
29445,1
46545,1
42323,1
29844,1
10327,0
41895,1
50323,1
19898,0
19073,0
14968,0
30897,1
50553,1
2676,0
3332,0
8863,0
24043,0
6711,0
33840,1
58517,1
53230,1
6870,0
23970,0
48580,1
18511,0
24086,0
47521,1
45172,1
46586,1
18210,0
18492,0
28858,0
1003,0
22598,0
7281,0
53181,1
48357,1
2675,0
15376,0
27475,0
55041,1
33975,1
47791,1
37352,1
21123,0
5417,0
48370,1
28362,0
1423,0
35953,1
20558,0
14327,0
17068,0
9425,0
17183,0
4803,0
21933,0
15966,0
317,0
37773,1
42127,1
31871,1
42698,1
55514,1
30886,1
42955,1
37374,1
23086,0
37844,1
30388,1
493,0
48804,1
55499,1
24171,0
35634,1
7336,0
40004,1
37102,1
11615,0
50013,1
34206,1
35175,1
29952,1
13501,0
26371,0
24602,0
411,0
35091,1
32018,1
14105,0
38200,1
697,0
2054,0
48334,1
17852,0
38001,1
57719,1
18364,0
25153,0
5995,0
24099,0
45461,1
17336,0
1501,0
24319,0
53286,1
47951,1
5300,0
52861,1
2604,0
3767,0
49974,1
35263,1
3303,0
58560,1
14906,0
40848,1
28279,0
45722,1
24717,0
46427,1
41854,1
46027,1
54096,1
24907,0
16491,0
13275,0
50119,1
42217,1
4744,0
10952,0
10456,0
49683,1
38913,1
13486,0
52063,1
1656,0
11298,0
21240,0
10726,0
3268,0
34633,1
41552,1
30143,1
47508,1
6069,0
49316,1
6762,0
28274,0
45574,1
50456,1
35766,1
1872,0
50015,1
32763,1
43586,1
37882,1
4376,0
56136,1
22908,0
49008,1
45778,1
22311,0
345,0
52142,1
56111,1
30909,1
45851,1
57048,1
50509,1
52515,1
2069,0
35647,1
41038,1
37739,1
17118,0
23502,0
41594,1
5697,0
9773,0
29672,1
23180,0
12789,0
56940,1
4511,0
40068,1
22024,0
40416,1
20267,0
10153,0
13847,0
21952,0
22196,0
1807,0
57152,1
6077,0
2556,0
43805,1
44170,1
46223,1
26166,0
10004,0
23186,0
42395,1
23773,0
37203,1
30271,1
32634,1
8505,0
16632,0
24654,0
41463,1
56904,1
56872,1
14016,0
35418,1
20994,0
41491,1
26321,0
53240,1
21862,0
3360,0
56832,1
7537,0
52302,1
14841,0
47372,1
37663,1
32019,1
18066,0
21721,0
46402,1
33358,1
9454,0
2857,0
1477,0
7995,0
28685,0
26419,0
20630,0
6216,0
2525,0
34795,1
12930,0
6280,0
9224,0
10440,0
44081,1
31479,1
36738,1
3945,0
36486,1
42108,1
5491,0
46216,1
14040,0
31419,1
58475,1
56496,1
30179,1
47272,1
11693,0
11572,0
54383,1
41622,1
35525,1
30370,1
29534,1
49566,1
9563,0
10562,0
31755,1
43109,1
44136,1
40066,1
47070,1
10431,0
8288,0
39582,1
15406,0
48686,1
38961,1
20765,0
24493,0
45731,1
20138,0
6858,0
49585,1
9219,0
30073,1
35223,1
2351,0
6434,0
17331,0
36740,1
50020,1
19943,0
39424,1
1864,0
1317,0
41503,1
7104,0
18356,0
7953,0
3113,0
49880,1
41092,1
46415,1
3030,0
27007,0
24909,0
25824,0
21334,0
4463,0
46922,1
26260,0
45738,1
30583,1
5026,0
50247,1
52706,1
25755,0
36860,1
3195,0
42780,1
2949,0
53552,1
57765,1
56925,1
6130,0
24573,0
29662,1
20794,0
43084,1
34865,1
52580,1
42755,1
39966,1
39425,1
19903,0
52059,1
11418,0
22314,0
42676,1
35220,1
46454,1
51905,1
51508,1
30525,1
8916,0
20571,0
43765,1
32615,1
47592,1
16208,0
49477,1
35947,1
12658,0
25159,0
40041,1
29319,1
29055,0
36015,1
28085,0
13478,0
26302,0
56777,1
29011,0
15808,0
36979,1
42195,1
16756,0
1983,0
51543,1
42540,1
36984,1
4513,0
35365,1
41235,1
56603,1
38903,1
1900,0
34053,1
55545,1
50733,1
45189,1
53109,1
13626,0
44473,1
19717,0
2508,0
17854,0
35696,1
40278,1
9148,0
28370,0
21665,0
6566,0
20322,0
55627,1
7646,0
14222,0
57124,1
40891,1
42826,1
24512,0
46582,1
20201,0
25103,0
5327,0
18027,0
51958,1
16897,0
1327,0
39079,1
47125,1
15414,0
25661,0
183,0
47493,1
27686,0
57434,1
45510,1
13854,0
31032,1
36031,1
48611,1
19747,0
22755,0
13688,0
39543,1
11765,0
7271,0
7596,0
36939,1
7346,0
29832,1
35491,1
27700,0
8206,0
1743,0
42184,1
5428,0
50023,1
22864,0
38874,1
52388,1
38768,1
1606,0
13047,0
34484,1
28311,0
54748,1
23191,0
12255,0
49583,1
8901,0
32421,1
14892,0
18102,0
4720,0
24848,0
50736,1
38553,1
21619,0
24705,0
5412,0
41587,1
53410,1
55078,1
57250,1
4204,0
1323,0
54978,1
8775,0
33749,1
32195,1
56841,1
5165,0
2404,0
23619,0
58041,1
1121,0
6301,0
462,0
944,0
27424,0
3657,0
17311,0
836,0
3697,0
27307,0
45889,1
34246,1
19523,0
34099,1
7504,0
39702,1
13102,0
55639,1
58468,1
46657,1
13977,0
1654,0
34646,1
16301,0
19496,0
17342,0
4198,0
25905,0
31020,1
25054,0
49000,1
2477,0
44258,1
49240,1
37851,1
4,0
7470,0
21703,0
42763,1
26758,0
2232,0
947,0
55672,1
43319,1
25133,0
54632,1
50223,1
23718,0
29153,0
34130,1
38766,1
51746,1
52286,1
42925,1
23020,0
20735,0
47955,1
7410,0
41772,1
45806,1
43867,1
40818,1
33314,1
7847,0
19837,0
23213,0
43007,1
22476,0
13437,0
15198,0
36359,1
24912,0
5985,0
32666,1
6351,0
35937,1
30022,1
46941,1
15258,0
30221,1
18623,0
8151,0
31643,1
7650,0
55915,1
53258,1
9554,0
12188,0
28618,0
42529,1
43533,1
20801,0
48988,1
11323,0
9512,0
21846,0
26313,0
56105,1
17962,0
57065,1
12439,0
47978,1
47400,1
44073,1
55354,1
38421,1
30429,1
12787,0
25156,0
25479,0
44691,1
12119,0
7302,0
19904,0
53523,1
16042,0
27120,0
12739,0
17738,0
48234,1
25404,0
15568,0
15439,0
40357,1
34376,1
39776,1
51460,1
17369,0
28689,0
13088,0
30331,1
3140,0
10694,0
46736,1
27290,0
4399,0
5873,0
4302,0
14037,0
22562,0
19636,0
54151,1
27563,0
25312,0
39471,1
5864,0
33659,1
20427,0
11732,0
48008,1
10823,0
22231,0
13631,0
13954,0
25118,0
2613,0
2799,0
17929,0
32638,1
34505,1
57824,1
35393,1
11887,0
41105,1
53613,1
16710,0
26157,0
33871,1
57190,1
43594,1
30822,1
34196,1
50967,1
36136,1
22613,0
27390,0
1623,0
21611,0
24698,0
12157,0
54340,1
17646,0
22802,0
53843,1
45249,1
36000,1
54684,1
39523,1
18367,0
24327,0
1858,0
43507,1
19038,0
22472,0
3517,0
37253,1
16939,0
3091,0
5375,0
2837,0
20612,0
39752,1
43820,1
35526,1
49402,1
38051,1
53070,1
19507,0
904,0
39354,1
33403,1
5437,0
45242,1
6673,0
1194,0
1256,0
23908,0
37728,1
26793,0
8681,0
39938,1
40754,1
28106,0
31763,1
44567,1
11461,0
51691,1
31771,1
20409,0
52932,1
40184,1
36260,1
22203,0
30441,1
31336,1
50958,1
42208,1
30377,1
24200,0
29459,1
36910,1
4401,0
39220,1
11416,0
12679,0
5708,0
10763,0
52560,1
4725,0
57839,1
39825,1
28661,0
56157,1
17466,0
4709,0
15286,0
14717,0
26032,0
4848,0
35387,1
57082,1
4337,0
16577,0
6592,0
56919,1
46266,1
44693,1
30610,1
54098,1
20759,0
54979,1
20679,0
27764,0
56096,1
2640,0
58056,1
11940,0
28584,0
16624,0
56922,1
52464,1
49741,1
50417,1
8497,0
49677,1
21541,0
8313,0
4130,0
5225,0
4311,0
33238,1
15486,0
21818,0
28868,0
41477,1
22769,0
7775,0
53032,1
3514,0
14981,0
14783,0
56248,1
41469,1
54189,1
31921,1
22,0
11218,0
34995,1
39556,1
19335,0
12950,0
26580,0
34591,1
4610,0
7792,0
1468,0
37003,1
2075,0
57859,1
54710,1
16718,0
53319,1
39175,1
32612,1
1465,0
7140,0
46505,1
42839,1
4211,0
27430,0
44165,1
40130,1
19003,0
33710,1
57125,1
51078,1
42656,1
25235,0
32848,1
16245,0
21037,0
43164,1
24797,0
20982,0
42560,1
37907,1
35580,1
44572,1
56342,1
55621,1
5195,0
26387,0
45920,1
6601,0
32143,1
3534,0
21211,0
21122,0
24546,0
13932,0
19359,0
40104,1
42462,1
15783,0
6350,0
14511,0
55478,1
29418,1
36464,1
3944,0
1193,0
46467,1
23238,0
27986,0
22135,0
34834,1
14990,0
26849,0
16481,0
14244,0
54408,1
9816,0
46419,1
22240,0
55095,1
39181,1
14381,0
46844,1
9507,0
41493,1
20943,0
39789,1
24317,0
54531,1
28724,0
35474,1
46341,1
44263,1
52127,1
9934,0
54622,1
25085,0
56659,1
37943,1
38931,1
2843,0
24885,0
26951,0
29315,1
53245,1
46092,1
2955,0
19398,0
44674,1
40632,1
31562,1
11512,0
40266,1
1065,0
25687,0
49497,1
56000,1
7732,0
4712,0
38862,1
31523,1
17757,0
41322,1
48887,1
41580,1
9353,0
28590,0
2367,0
27086,0
35713,1
36161,1
13182,0
18857,0
29522,1
19722,0
34976,1
25074,0
20135,0
14408,0
23818,0
4086,0
5773,0
9886,0
35073,1
8810,0
4842,0
11077,0
30332,1
9230,0
41212,1
51012,1
6177,0
50719,1
37019,1
41081,1
640,0
21108,0
45793,1
7008,0
56380,1
44797,1
46702,1
58252,1
26721,0
42983,1
25071,0
21061,0
28536,0
25881,0
57356,1
40491,1
6496,0
19301,0
39698,1
39645,1
6169,0
54777,1
36180,1
49614,1
44408,1
57179,1
6151,0
44609,1
26326,0
28073,0
37495,1
53668,1
41919,1
15259,0
43474,1
29432,1
28569,0
32712,1
35085,1
42436,1
4682,0
18075,0
50256,1
23209,0
27381,0
8835,0
6173,0
12371,0
11320,0
54316,1
28528,0
21087,0
53553,1
10941,0
5872,0
30016,1
57109,1
25095,0
52683,1
2028,0
40545,1
7496,0
18671,0
14742,0
49418,1
31588,1
4850,0
8458,0
53887,1
21723,0
43480,1
2973,0
46565,1
9622,0
8796,0
15277,0
5411,0
14284,0
6628,0
42374,1
14494,0
23700,0
49923,1
26700,0
12034,0
41912,1
21700,0
22272,0
42435,1
21106,0
34348,1
10901,0
42024,1
2571,0
49822,1
10735,0
9487,0
18662,0
1967,0
35950,1
6709,0
3359,0
58014,1
55060,1
22170,0
4515,0
37942,1
39881,1
49025,1
12567,0
10097,0
26643,0
45776,1
18131,0
53067,1
52208,1
34680,1
51609,1
53131,1
13285,0
46094,1
2141,0
11110,0
50609,1
58383,1
11039,0
22186,0
24997,0
8673,0
49075,1
3542,0
8474,0
3895,0
19656,0
10746,0
24556,0
29986,1
7501,0
35313,1
29813,1
44406,1
47416,1
24565,0
50802,1
43440,1
14792,0
8989,0
37408,1
20256,0
29244,0
29674,1
40517,1
33361,1
56109,1
44984,1
39760,1
38938,1
20827,0
24085,0
7111,0
51024,1
47912,1
47758,1
10995,0
55989,1
58296,1
5720,0
57905,1
1830,0
8468,0
57308,1
1771,0
40807,1
2008,0
38046,1
27859,0
46139,1
24387,0
29321,1
57837,1
37076,1
7555,0
11177,0
56019,1
33579,1
48815,1
51486,1
38697,1
11588,0
19962,0
39763,1
50182,1
46988,1
43256,1
52436,1
42075,1
5584,0
44578,1
36061,1
35715,1
23371,0
965,0
9652,0
12142,0
3634,0
17614,0
19054,0
3099,0
20514,0
19486,0
42181,1
5972,0
57469,1
35952,1
53627,1
52774,1
58556,1
54705,1
18145,0
24776,0
10804,0
8156,0
44630,1
50303,1
50567,1
21812,0
51910,1
42520,1
11409,0
4091,0
42960,1
30411,1
8900,0
27679,0
41009,1
40944,1
42122,1
6851,0
41008,1
49133,1
29957,1
41119,1
39249,1
41108,1
54837,1
29310,1
20431,0
37234,1
54041,1
57556,1
9623,0
50722,1
51803,1
30101,1
10791,0
58515,1
45277,1
45161,1
54330,1
26057,0
23083,0
7790,0
16619,0
36194,1
42107,1
46786,1
32520,1
15412,0
48705,1
8086,0
20569,0
31571,1
41128,1
27853,0
4120,0
4885,0
21676,0
57850,1
48375,1
8664,0
27770,0
3016,0
46974,1
30134,1
52106,1
55787,1
24177,0
13027,0
34444,1
46400,1
12264,0
37399,1
39102,1
46689,1
18761,0
30597,1
19445,0
49786,1
49567,1
31936,1
52950,1
28187,0
12025,0
17976,0
33464,1
21671,0
19494,0
30238,1
53219,1
51175,1
50689,1
18924,0
22992,0
48559,1
19349,0
22461,0
26355,0
13086,0
44507,1
8516,0
14813,0
46633,1
57529,1
36944,1
6418,0
43807,1
3905,0
51900,1
13646,0
55547,1
32841,1
16828,0
21543,0
54957,1
26140,0
9577,0
5280,0
9290,0
15216,0
29305,1
31917,1
16289,0
54335,1
7310,0
46441,1
53546,1
16947,0
3587,0
26286,0
53309,1
15199,0
1662,0
13448,0
25542,0
33645,1
56354,1
3309,0
54276,1
23997,0
39559,1
28339,0
34520,1
33026,1
55063,1
32340,1
43157,1
50644,1
37387,1
34982,1
38745,1
25915,0
11391,0
17505,0
13962,0
44247,1
30596,1
24183,0
40781,1
27497,0
37364,1
3528,0
3406,0
2992,0
2140,0
4398,0
2065,0
51971,1
58380,1
23089,0
38748,1
18476,0
8508,0
5142,0
12153,0
36890,1
18698,0
20416,0
17665,0
17489,0
1721,0
20771,0
55199,1
3105,0
58135,1
33733,1
44616,1
17893,0
16290,0
28795,0
25761,0
22445,0
32825,1
55995,1
21654,0
29193,0
45697,1
47309,1
55162,1
20486,0
26163,0
44570,1
10814,0
38599,1
12136,0
21502,0
3326,0
48630,1
29010,0
49799,1
40677,1
35789,1
29128,0
817,0
22676,0
12837,0
21523,0
51479,1
15731,0
13582,0
46304,1
46360,1
44289,1
25953,0
50077,1
47025,1
35826,1
49661,1
54669,1
17892,0
11163,0
36573,1
2484,0
55758,1
51372,1
31760,1
38717,1
55388,1
32275,1
11868,0
10600,0
4179,0
22821,0
9141,0
19265,0
5382,0
54088,1
15909,0
37804,1
33654,1
41484,1
36550,1
55772,1
45906,1
5973,0
47647,1
19230,0
8395,0
33549,1
7,0
18928,0
10334,0
42283,1
56343,1
39562,1
12736,0
20009,0
30996,1
35873,1
28310,0
13367,0
35127,1
1726,0
3575,0
52139,1
30850,1
10234,0
36318,1
43176,1
10480,0
26304,0
31199,1
54845,1
11717,0
44063,1
6890,0
27485,0
55313,1
25178,0
7399,0
761,0
11469,0
3884,0
25908,0
48069,1
1217,0
23609,0
25885,0
15296,0
2754,0
44680,1
46902,1
46591,1
41241,1
33730,1
27883,0
7894,0
27194,0
55613,1
16091,0
16728,0
21219,0
52553,1
27605,0
3188,0
27204,0
47562,1
42096,1
30418,1
25912,0
45901,1
49355,1
23480,0
52799,1
31911,1
16360,0
47984,1
34266,1
51659,1
16762,0
37838,1
57127,1
37328,1
14078,0
26928,0
4847,0
22991,0
27510,0
30684,1
40528,1
38609,1
29167,0
44156,1
2921,0
21801,0
14643,0
44050,1
26810,0
12459,0
1203,0
15052,0
9045,0
19995,0
40349,1
32960,1
21169,0
43300,1
52272,1
48225,1
41027,1
4281,0
41628,1
46741,1
8082,0
15953,0
7473,0
1995,0
15203,0
6694,0
40443,1
12414,0
28091,0
32186,1
4949,0
29047,0
4778,0
4328,0
4124,0
14904,0
31246,1
17975,0
48786,1
3591,0
33889,1
55788,1
41933,1
36954,1
5714,0
16323,0
12899,0
35364,1
19672,0
18813,0
51658,1
37841,1
42718,1
41556,1
24001,0
45682,1
35400,1
52225,1
20365,0
32322,1
16505,0
5921,0
12799,0
18307,0
15066,0
19836,0
25369,0
10159,0
14218,0
49015,1
25113,0
28457,0
55950,1
16302,0
49359,1
41065,1
7720,0
51131,1
19613,0
21960,0
47544,1
14241,0
56090,1
39108,1
10023,0
19723,0
31132,1
375,0
22739,0
55468,1
45998,1
14053,0
44759,1
15478,0
38750,1
45464,1
430,0
58345,1
46952,1
55172,1
20498,0
30068,1
45455,1
47573,1
50422,1
3656,0
17457,0
46494,1
30607,1
41968,1
51070,1
36607,1
37483,1
55425,1
5786,0
32325,1
54374,1
37762,1
17114,0
4227,0
52266,1
54380,1
149,0
27737,0
27372,0
51000,1
1442,0
56917,1
48277,1
55054,1
29337,1
4028,0
10082,0
12222,0
21189,0
55269,1
43023,1
2784,0
45198,1
7223,0
53870,1
3857,0
43162,1
2682,0
42640,1
28740,0
21461,0
33073,1
4105,0
2191,0
32151,1
46655,1
35286,1
53274,1
49452,1
42305,1
46046,1
44929,1
47761,1
4469,0
19183,0
36763,1
47775,1
13816,0
52187,1
26266,0
10408,0
55885,1
17671,0
20165,0
33551,1
18358,0
22496,0
30468,1
9626,0
51016,1
12994,0
44544,1
3725,0
16829,0
57343,1
38234,1
41822,1
32849,1
34043,1
30333,1
55471,1
16549,0
2509,0
11790,0
10319,0
38018,1
2993,0
12841,0
37376,1
1681,0
36888,1
51904,1
44795,1
46163,1
20193,0
47221,1
29603,1
385,0
32178,1
12628,0
41055,1
31281,1
21995,0
15829,0
13009,0
33133,1
29195,0
43800,1
56134,1
3834,0
23748,0
37909,1
28554,0
4148,0
27760,0
50264,1
15133,0
28152,0
16591,0
34753,1
38868,1
26710,0
57521,1
1461,0
22193,0
2733,0
53740,1
56975,1
27672,0
32014,1
29267,0
28255,0
14592,0
28783,0
28033,0
48570,1
53547,1
42326,1
55080,1
12246,0
31353,1
8687,0
55149,1
18789,0
42142,1
35158,1
53151,1
43372,1
25806,0
25608,0
20592,0
40850,1
26511,0
42480,1
47717,1
7535,0
3855,0
1408,0
5664,0
38777,1
36780,1
31215,1
2364,0
38941,1
27291,0
39540,1
8434,0
45015,1
29163,0
44078,1
45246,1
56058,1
8336,0
19653,0
3881,0
25042,0
46189,1
55303,1
18825,0
15644,0
32596,1
40801,1
20585,0
25887,0
30233,1
30180,1
16536,0
11378,0
33059,1
52749,1
11412,0
39935,1
21217,0
2657,0
44560,1
35,0
38832,1
4262,0
2180,0
3415,0
40049,1
5190,0
21362,0
52610,1
23637,0
43674,1
31313,1
48785,1
3638,0
25161,0
41902,1
35380,1
3243,0
25079,0
43889,1
636,0
28525,0
20554,0
28128,0
52284,1
29845,1
48411,1
26001,0
37251,1
7240,0
52615,1
47652,1
11961,0
15992,0
10722,0
39705,1
42118,1
25358,0
7202,0
40108,1
37886,1
18094,0
44753,1
5369,0
17799,0
2977,0
28684,0
8969,0
3100,0
2329,0
34548,1
29795,1
55911,1
30951,1
45649,1
6933,0
673,0
45031,1
31906,1
58094,1
22924,0
48079,1
30743,1
53450,1
1299,0
24642,0
4464,0
37565,1
42031,1
21796,0
5,0
16707,0
38641,1
54401,1
2444,0
22102,0
38964,1
23336,0
14994,0
23634,0
20169,0
11307,0
20823,0
49132,1
37405,1
790,0
55145,1
6198,0
95,0
23555,0
18580,0
343,0
12296,0
21250,0
46870,1
48240,1
52371,1
6662,0
24789,0
38317,1
9888,0
14628,0
42990,1
34029,1
22225,0
32661,1
3394,0
42314,1
31829,1
23261,0
44174,1
29583,1
49701,1
51150,1
54762,1
4393,0
6664,0
26168,0
5526,0
34851,1
4099,0
39166,1
6259,0
46201,1
57732,1
4140,0
5564,0
7462,0
49312,1
44295,1
3196,0
12593,0
6345,0
16875,0
28405,0
54009,1
53700,1
6868,0
32404,1
45347,1
24029,0
53004,1
8191,0
2825,0
30885,1
44652,1
26613,0
56695,1
5478,0
48724,1
46950,1
40025,1
56069,1
19662,0
15866,0
50413,1
52471,1
14159,0
16480,0
46546,1
19731,0
31494,1
53785,1
57575,1
43729,1
9674,0
25706,0
23750,0
4928,0
12092,0
3616,0
54544,1
24377,0
21768,0
48552,1
36786,1
3045,0
27615,0
14106,0
37117,1
46030,1
11799,0
27933,0
30155,1
13035,0
57245,1
40636,1
2592,0
14754,0
49657,1
49517,1
30581,1
675,0
48640,1
23240,0
15347,0
56821,1
30839,1
1100,0
24524,0
23201,0
40294,1
11478,0
3963,0
15702,0
40948,1
25814,0
11877,0
2766,0
49612,1
41140,1
44008,1
19491,0
11753,0
22688,0
35367,1
13413,0
18858,0
2279,0
36519,1
8163,0
14249,0
44747,1
40855,1
52602,1
53369,1
13443,0
55040,1
6583,0
52154,1
3916,0
16527,0
47540,1
12066,0
50594,1
22100,0
19460,0
12320,0
56736,1
20031,0
33299,1
51771,1
9174,0
38091,1
7142,0
33217,1
43178,1
24039,0
38506,1
34437,1
27500,0
17849,0
47165,1
25965,0
5525,0
53604,1
28244,0
27993,0
4851,0
8689,0
25246,0
16834,0
3653,0
15818,0
39086,1
54140,1
14421,0
896,0
28205,0
56774,1
3827,0
5595,0
8733,0
3948,0
26659,0
44574,1
39152,1
5910,0
38494,1
23754,0
42477,1
13225,0
19774,0
50890,1
52808,1
1829,0
39970,1
27849,0
16793,0
10438,0
20744,0
17147,0
27182,0
1738,0
24002,0
37926,1
7845,0
20157,0
55602,1
34582,1
25125,0
41938,1
31927,1
20437,0
58438,1
52714,1
47169,1
53781,1
4362,0
8791,0
26199,0
31318,1
52751,1
2801,0
29277,0
10000,0
20283,0
47543,1
39906,1
56226,1
43837,1
16040,0
7920,0
45783,1
53054,1
33425,1
41109,1
35410,1
47764,1
51066,1
33360,1
52490,1
34061,1
49467,1
48839,1
32840,1
40139,1
58540,1
49387,1
51720,1
10401,0
25160,0
15696,0
49949,1
42298,1
7678,0
47117,1
13881,0
20708,0
48427,1
26424,0
34369,1
17626,0
17009,0
52146,1
32649,1
46448,1
26396,0
5111,0
34694,1
11506,0
32527,1
8480,0
46925,1
7153,0
50304,1
47202,1
28506,0
45848,1
39150,1
38023,1
17400,0
41354,1
2876,0
4791,0
13365,0
25365,0
38677,1
21790,0
30472,1
53821,1
45825,1
56092,1
5816,0
51564,1
40955,1
49346,1
17708,0
34114,1
37817,1
16148,0
19366,0
19652,0
57372,1
57246,1
21752,0
35500,1
17323,0
21669,0
44528,1
10169,0
17746,0
53742,1
12285,0
6889,0
25708,0
51293,1
43413,1
24937,0
45443,1
26368,0
3053,0
19217,0
41641,1
40450,1
9804,0
6812,0
42273,1
54104,1
14457,0
32439,1
32448,1
1587,0
20900,0
22952,0
25218,0
42113,1
28760,0
36076,1
40148,1
22030,0
11159,0
38787,1
33613,1
18872,0
24298,0
40179,1
55025,1
39219,1
52252,1
31067,1
8626,0
48244,1
5954,0
38551,1
16809,0
57320,1
57378,1
45401,1
54570,1
36907,1
25165,0
8431,0
49860,1
28655,0
4608,0
2321,0
8531,0
10512,0
1192,0
3991,0
30801,1
33514,1
28850,0
21178,0
2559,0
23786,0
20651,0
46225,1
51060,1
23029,0
8623,0
51410,1
35834,1
1410,0
47550,1
56785,1
42036,1
34804,1
49166,1
9595,0
46014,1
17218,0
35820,1
25386,0
46763,1
37325,1
14570,0
46323,1
30372,1
1836,0
31089,1
41280,1
9036,0
26735,0
867,0
18717,0
146,0
33788,1
33352,1
20363,0
8703,0
33703,1
18379,0
39710,1
28417,0
14630,0
422,0
42032,1
2681,0
9639,0
33598,1
22871,0
11299,0
47645,1
57060,1
18236,0
54626,1
3788,0
14406,0
1220,0
50442,1
37662,1
9367,0
56435,1
20696,0
45816,1
27193,0
14266,0
486,0
5438,0
40403,1
53873,1
7409,0
21996,0
56552,1
36101,1
38523,1
29588,1
56889,1
50506,1
37850,1
49730,1
21173,0
12074,0
31631,1
52426,1
58576,1
1574,0
48285,1
53621,1
32191,1
27824,0
3109,0
51406,1
33084,1
10436,0
23175,0
16812,0
24939,0
41402,1
24966,0
36640,1
30337,1
6916,0
2201,0
31291,1
25997,0
16291,0
19074,0
23963,0
43866,1
7510,0
27938,0
50992,1
30027,1
7174,0
16115,0
23342,0
377,0
16027,0
41139,1
3349,0
47771,1
18369,0
10530,0
52299,1
42489,1
46379,1
3007,0
53749,1
54573,1
55930,1
41946,1
56636,1
29299,1
8624,0
1362,0
40827,1
46839,1
12733,0
20503,0
34902,1
5166,0
47597,1
22095,0
56965,1
2818,0
6163,0
28544,0
4191,0
22497,0
50089,1
43019,1
4797,0
26265,0
54113,1
9776,0
36237,1
16917,0
15090,0
19,0
25306,0
26282,0
27455,0
23232,0
3209,0
16142,0
15336,0
47028,1
47918,1
56118,1
33979,1
28040,0
54943,1
55322,1
35607,1
7013,0
32913,1
22734,0
56213,1
25612,0
56048,1
25665,0
52752,1
27213,0
33539,1
45276,1
37799,1
46987,1
49704,1
41521,1
5117,0
30091,1
22836,0
37815,1
16651,0
36304,1
46131,1
29298,1
11828,0
27715,0
45206,1
32381,1
19506,0
38644,1
55396,1
26050,0
1421,0
2205,0
49420,1
31084,1
40682,1
23698,0
8486,0
10027,0
20199,0
39629,1
20018,0
2375,0
23440,0
56373,1
29527,1
52327,1
56640,1
36968,1
14956,0
40998,1
7260,0
39189,1
10090,0
35557,1
6651,0
14143,0
27046,0
12597,0
12321,0
50701,1
10899,0
1598,0
20556,0
5922,0
369,0
22221,0
36312,1
26091,0
48721,1
47669,1
6756,0
47551,1
25802,0
10869,0
28447,0
1841,0
36211,1
53724,1
4288,0
37970,1
12761,0
17189,0
11014,0
32883,1
37696,1
34665,1
53930,1
48658,1
24434,0
57000,1
8983,0
28988,0
36259,1
30878,1
21015,0
44586,1
16338,0
43567,1
52413,1
16196,0
33942,1
24769,0
55267,1
21516,0
55816,1
20045,0
6577,0
32832,1
55077,1
32334,1
45530,1
3107,0
53231,1
51535,1
22353,0
26940,0
21369,0
16267,0
8551,0
9925,0
43458,1
55984,1
6810,0
55778,1
39978,1
9250,0
44130,1
574,0
34502,1
46068,1
5332,0
26622,0
39053,1
37282,1
33171,1
1537,0
13289,0
6162,0
39782,1
35939,1
58061,1
39522,1
22806,0
20955,0
35787,1
18528,0
36762,1
53407,1
36004,1
43275,1
32741,1
31860,1
26997,0
58198,1
17321,0
51563,1
32131,1
35069,1
57128,1
3607,0
47012,1
49883,1
26388,0
22563,0
38092,1
33984,1
1067,0
4367,0
46052,1
17066,0
51781,1
49524,1
13972,0
38557,1
26288,0
1216,0
52218,1
13905,0
19409,0
35374,1
2119,0
12949,0
51559,1
50202,1
14095,0
28510,0
58240,1
359,0
8452,0
58451,1
23991,0
5743,0
2148,0
55458,1
54799,1
24644,0
53829,1
54092,1
20946,0
62,0
50477,1
43243,1
26877,0
10376,0
14998,0
50471,1
13113,0
55624,1
11805,0
45495,1
46316,1
20273,0
44841,1
107,0
8963,0
1061,0
33820,1
54450,1
14728,0
20967,0
29934,1
23420,0
33678,1
36547,1
29746,1
42054,1
30509,1
21990,0
45647,1
21143,0
25335,0
25073,0
18651,0
52845,1
36352,1
39129,1
14209,0
29597,1
11983,0
13068,0
750,0
22066,0
28157,0
33444,1
49588,1
41494,1
55481,1
24683,0
41513,1
26081,0
54768,1
32362,1
25421,0
21851,0
25509,0
32924,1
55146,1
19500,0
22636,0
24659,0
167,0
8575,0
24005,0
41216,1
46224,1
22287,0
55673,1
37917,1
48883,1
12455,0
10275,0
37077,1
28223,0
57138,1
25260,0
17895,0
36859,1
46960,1
38542,1
45626,1
20015,0
5859,0
38248,1
19532,0
41752,1
14358,0
44561,1
34379,1
37204,1
10368,0
58283,1
42738,1
48563,1
57720,1
21892,0
29745,1
19476,0
366,0
32320,1
17010,0
22906,0
22729,0
19812,0
30892,1
44932,1
7086,0
15100,0
9769,0
30673,1
34855,1
41903,1
11135,0
56528,1
30600,1
27445,0
29927,1
48868,1
15516,0
56562,1
26889,0
29408,1
9271,0
53996,1
57644,1
35885,1
47904,1
16257,0
31764,1
49005,1
26415,0
7195,0
52418,1
34427,1
49682,1
7018,0
30696,1
57371,1
5082,0
14898,0
10134,0
42793,1
56818,1
35431,1
33211,1
51374,1
9405,0
29481,1
43228,1
57800,1
16174,0
29412,1
14616,0
47953,1
32583,1
40830,1
21631,0
54262,1
36800,1
54999,1
46580,1
8106,0
26852,0
43882,1
14508,0
54144,1
36645,1
51447,1
36330,1
18173,0
10170,0
1717,0
44874,1
21709,0
44111,1
31446,1
34115,1
24202,0
44059,1
7403,0
21268,0
18616,0
5161,0
53089,1
20482,0
44958,1
21391,0
29770,1
20843,0
2389,0
13394,0
7683,0
43006,1
7982,0
27865,0
11815,0
7407,0
28076,0
0,0
24751,0
23489,0
52603,1
36564,1
37540,1
37536,1
13307,0
11794,0
41756,1
9567,0
2268,0
50886,1
22816,0
45827,1
50225,1
11145,0
25845,0
26629,0
22105,0
2743,0
57206,1
4863,0
2901,0
15218,0
54900,1
56735,1
32210,1
55846,1
20568,0
24828,0
28799,0
27655,0
43703,1
20419,0
23438,0
37916,1
15004,0
36710,1
54811,1
56445,1
25675,0
43583,1
3338,0
52451,1
22131,0
51503,1
53693,1
17012,0
41315,1
47474,1
49919,1
1345,0
17021,0
29688,1
39293,1
5932,0
14059,0
9621,0
26407,0
50468,1
32916,1
50439,1
29923,1
5860,0
38607,1
46081,1
31694,1
29628,1
32070,1
12310,0
40078,1
4556,0
44599,1
48723,1
4839,0
29761,1
44106,1
21482,0
41077,1
49689,1
30486,1
10633,0
4633,0
55376,1
7401,0
9579,0
469,0
43494,1
16840,0
18523,0
11028,0
17131,0
47588,1
40164,1
51280,1
49181,1
39513,1
9929,0
10149,0
32616,1
22018,0
23668,0
19860,0
6619,0
26448,0
18860,0
7988,0
4215,0
11508,0
54270,1
19745,0
55844,1
9058,0
11917,0
14068,0
49140,1
58529,1
55965,1
45667,1
20678,0
30249,1
53525,1
22611,0
25964,0
8090,0
2038,0
34280,1
47146,1
3098,0
649,0
22753,0
12573,0
14861,0
49638,1
56894,1
17152,0
25175,0
33679,1
38581,1
31068,1
25842,0
39057,1
17474,0
7303,0
18989,0
360,0
2160,0
29092,0
36393,1
48252,1
56804,1
43742,1
18267,0
58352,1
39890,1
47199,1
17695,0
5804,0
18182,0
44790,1
25921,0
17838,0
891,0
52332,1
177,0
6955,0
38727,1
37614,1
34189,1
33008,1
49528,1
28592,0
6706,0
15138,0
10904,0
25309,0
28645,0
13497,0
44327,1
26642,0
27922,0
12766,0
4092,0
33477,1
50033,1
28382,0
36307,1
4849,0
28687,0
1784,0
51474,1
32751,1
14278,0
32495,1
40467,1
41851,1
30532,1
34553,1
41018,1
44284,1
41312,1
862,0
33649,1
10108,0
38587,1
40933,1
23268,0
16520,0
42213,1
38829,1
58234,1
35453,1
37119,1
16204,0
16874,0
4278,0
3449,0
50472,1
14463,0
16054,0
31166,1
33623,1
11892,0
1897,0
56478,1
27344,0
50367,1
30034,1
39398,1
32121,1
49737,1
40205,1
19347,0
43886,1
19803,0
46564,1
47678,1
32306,1
13188,0
3809,0
14928,0
1684,0
42898,1
44013,1
56426,1
16952,0
53669,1
47259,1
239,0
56139,1
22383,0
24460,0
17570,0
51727,1
45636,1
42766,1
32533,1
11066,0
19705,0
4537,0
3923,0
6393,0
56635,1
37406,1
14092,0
938,0
17612,0
17288,0
3244,0
56828,1
9126,0
29974,1
13676,0
16407,0
56454,1
24178,0
25844,0
45093,1
35064,1
32084,1
22021,0
53260,1
18612,0
22127,0
24678,0
35889,1
32400,1
56847,1
56733,1
18353,0
12378,0
33876,1
11878,0
46009,1
14757,0
44431,1
54229,1
11007,0
52532,1
33857,1
41388,1
41302,1
13002,0
13968,0
8564,0
57645,1
55552,1
50935,1
6107,0
38369,1
6000,0
10266,0
26509,0
19754,0
25233,0
29231,0
30406,1
53317,1
53896,1
339,0
21957,0
34774,1
53685,1
50055,1
54268,1
50636,1
35686,1
24486,0
45828,1
45076,1
37227,1
6778,0
42029,1
28725,0
36613,1
15538,0
29021,0
21537,0
3233,0
8032,0
58389,1
17947,0
44888,1
35862,1
58571,1
23880,0
39210,1
53050,1
16565,0
34258,1
12530,0
23569,0
8010,0
26202,0
9002,0
21998,0
1371,0
22280,0
4059,0
13740,0
25123,0
8306,0
58332,1
36999,1
13901,0
52,0
5314,0
52433,1
2867,0
53477,1
7090,0
11129,0
2888,0
7661,0
39046,1
16261,0
37709,1
36913,1
11074,0
38136,1
51832,1
51002,1
27090,0
3146,0
30820,1
29322,1
23834,0
18724,0
5812,0
28608,0
29105,0
20470,0
31678,1
15986,0
12137,0
21278,0
12407,0
47844,1
51440,1
9225,0
48748,1
5045,0
15570,0
35371,1
50375,1
10232,0
1412,0
34382,1
35541,1
13233,0
23889,0
30236,1
9593,0
6066,0
53377,1
21735,0
17969,0
37461,1
9666,0
38447,1
37361,1
13342,0
53955,1
51300,1
55999,1
19955,0
2503,0
7668,0
21039,0
47967,1
37689,1
44357,1
42385,1
13092,0
45965,1
25517,0
23692,0
5559,0
6065,0
23057,0
3978,0
56407,1
50447,1
17787,0
37641,1
34516,1
25296,0
35068,1
34218,1
48056,1
6532,0
4925,0
20593,0
38735,1
9706,0
27366,0
16708,0
24313,0
14626,0
56268,1
18538,0
1725,0
22831,0
44076,1
28171,0
17106,0
27162,0
10246,0
14444,0
10792,0
50075,1
19468,0
33087,1
58368,1
18310,0
41600,1
27910,0
50962,1
55524,1
21247,0
618,0
51247,1
6300,0
3718,0
15312,0
10364,0
23111,0
27850,0
3465,0
16026,0
17264,0
34948,1
46607,1
38560,1
52865,1
21110,0
16160,0
18389,0
39686,1
44274,1
29340,1
4597,0
50093,1
52340,1
44368,1
40895,1
56166,1
43045,1
27538,0
10963,0
7985,0
52569,1
28154,0
44027,1
54758,1
18807,0
45878,1
32406,1
22237,0
11808,0
38015,1
55780,1
28784,0
28561,0
58249,1
40578,1
55381,1
7695,0
36215,1
12810,0
44981,1
40459,1
26986,0
37129,1
29980,1
12403,0
22334,0
53517,1
24095,0
32847,1
8493,0
53321,1
7986,0
57887,1
36886,1
22253,0
37592,1
17767,0
42041,1
32293,1
39009,1
52339,1
15363,0
43388,1
38811,1
55896,1
23759,0
1063,0
35237,1
41453,1
47641,1
52796,1
33753,1
32570,1
44082,1
13078,0
21144,0
52948,1
35006,1
3856,0
57853,1
43783,1
11000,0
10137,0
52944,1
14302,0
14338,0
23488,0
36487,1
13240,0
35727,1
6688,0
6825,0
11569,0
45652,1
43629,1
16954,0
44692,1
33153,1
49668,1
25548,0
18016,0
14038,0
23424,0
29452,1
36496,1
11008,0
23330,0
212,0
43133,1
21059,0
46710,1
6103,0
31040,1
34229,1
18053,0
24104,0
21433,0
55281,1
40744,1
43839,1
15872,0
52131,1
36751,1
58471,1
22425,0
6312,0
14088,0
32972,1
29400,1
30557,1
43443,1
35441,1
28994,0
36152,1
11495,0
11106,0
18408,0
4180,0
48893,1
38055,1
41964,1
11843,0
45550,1
18960,0
38970,1
10427,0
34939,1
7498,0
36665,1
1833,0
49224,1
43018,1
13227,0
22406,0
17923,0
50773,1
29947,1
14146,0
3735,0
51011,1
27520,0
452,0
6024,0
35139,1
12612,0
43796,1
38613,1
24042,0
19755,0
3821,0
18653,0
55741,1
29636,1
55148,1
41729,1
57039,1
45711,1
7922,0
14840,0
16185,0
57509,1
30863,1
22756,0
45234,1
19685,0
49227,1
1601,0
41665,1
56107,1
5942,0
5823,0
9525,0
1488,0
23824,0
21578,0
11444,0
2026,0
42018,1
36726,1
38891,1
28017,0
58358,1
57505,1
25337,0
24962,0
12969,0
54020,1
25154,0
25871,0
47378,1
20167,0
33525,1
31891,1
30904,1
38354,1
44723,1
46062,1
44362,1
35291,1
14136,0
15800,0
57827,1
7899,0
40878,1
696,0
47677,1
54446,1
40835,1
30151,1
17500,0
45087,1
48972,1
30100,1
6005,0
56400,1
34445,1
30852,1
9426,0
50912,1
21614,0
43756,1
2153,0
57855,1
51992,1
19249,0
24329,0
50876,1
25724,0
55204,1
33466,1
36671,1
16759,0
45219,1
46609,1
5666,0
39517,1
4840,0
52665,1
30106,1
11042,0
6006,0
33503,1
39956,1
52308,1
38374,1
23875,0
18223,0
38250,1
18407,0
653,0
57268,1
14897,0
49331,1
43519,1
36815,1
31370,1
53077,1
51919,1
31193,1
13349,0
2194,0
48826,1
34360,1
27034,0
56947,1
49937,1
6755,0
30725,1
39042,1
44516,1
7085,0
15616,0
13966,0
18398,0
36866,1
12169,0
9257,0
33501,1
45609,1
58151,1
11440,0
35839,1
2337,0
30830,1
57123,1
1582,0
30039,1
8726,0
21696,0
43829,1
12555,0
26815,0
14396,0
35104,1
6975,0
51345,1
42499,1
12093,0
11857,0
55820,1
39615,1
1330,0
27549,0
7233,0
38738,1
5216,0
399,0
44802,1
35010,1
46754,1
43731,1
40469,1
4187,0
13813,0
1224,0
38410,1
45361,1
25108,0
30298,1
45781,1
34027,1
41569,1
26310,0
55686,1
31683,1
43029,1
28096,0
14645,0
29571,1
50784,1
16011,0
37341,1
47156,1
40641,1
30856,1
2317,0
31943,1
5357,0
49274,1
6076,0
7746,0
20289,0
53437,1
51879,1
14225,0
42456,1
34440,1
9259,0
49616,1
14090,0
7809,0
46491,1
55900,1
7974,0
2178,0
12487,0
12897,0
26775,0
10107,0
21114,0
16147,0
46252,1
681,0
18329,0
11327,0
37966,1
39898,1
44885,1
22214,0
35646,1
46296,1
26344,0
37620,1
57070,1
11899,0
41701,1
26681,0
45165,1
21749,0
25024,0
55894,1
24668,0
2412,0
20591,0
13637,0
2128,0
18464,0
36965,1
30047,1
52760,1
3752,0
24972,0
54326,1
11525,0
2134,0
43861,1
12747,0
13535,0
2361,0
17809,0
36468,1
49472,1
820,0
50051,1
47002,1
37521,1
45606,1
39295,1
57915,1
25005,0
18409,0
8552,0
4573,0
8027,0
33480,1
53023,1
38173,1
22133,0
44925,1
42728,1
27362,0
8952,0
11188,0
58385,1
25219,0
26340,0
17282,0
3314,0
261,0
16182,0
42821,1
32587,1
24577,0
18470,0
4035,0
50149,1
37007,1
19243,0
36788,1
451,0
5229,0
37581,1
35013,1
11882,0
50817,1
51537,1
11924,0
3595,0
31894,1
48491,1
659,0
21183,0
38721,1
55712,1
20386,0
46176,1
24560,0
45431,1
14445,0
56291,1
37992,1
8991,0
21519,0
50803,1
23452,0
10875,0
12506,0
3799,0
20160,0
51251,1
39951,1
19669,0
17112,0
26389,0
5880,0
22269,0
50078,1
32620,1
5987,0
9073,0
32393,1
1392,0
30946,1
37087,1
4220,0
51068,1
46901,1
19912,0
9012,0
7802,0
30730,1
26541,0
55723,1
12872,0
46408,1
48631,1
19578,0
17798,0
7249,0
42331,1
8215,0
10349,0
34942,1
58465,1
17804,0
26676,0
13958,0
38052,1
53252,1
39010,1
17573,0
30405,1
52606,1
7955,0
17322,0
14676,0
7677,0
32771,1
4047,0
34736,1
8579,0
2918,0
46405,1
56961,1
30791,1
25292,0
51579,1
9349,0
3932,0
37335,1
49719,1
37645,1
16310,0
25115,0
58557,1
56845,1
28473,0
40301,1
5205,0
26982,0
21628,0
23021,0
52150,1
40306,1
58376,1
23245,0
2550,0
47977,1
13650,0
1618,0
37078,1
44037,1
3499,0
37185,1
53214,1
43853,1
19490,0
46244,1
1011,0
56271,1
23693,0
15335,0
7297,0
41169,1
27880,0
25241,0
32365,1
6922,0
30562,1
43313,1
29949,1
24225,0
35483,1
19893,0
33789,1
30651,1
18795,0
8500,0
38359,1
12434,0
44070,1
45023,1
4663,0
37111,1
46578,1
2177,0
29783,1
4876,0
21145,0
53119,1
8528,0
47577,1
25385,0
15936,0
57591,1
55053,1
24218,0
18921,0
8643,0
36159,1
17491,0
19999,0
57659,1
10806,0
39185,1
52926,1
40684,1
26598,0
8609,0
45862,1
36782,1
11140,0
24159,0
35730,1
42244,1
49776,1
5760,0
30006,1
51319,1
54959,1
40231,1
51494,1
20543,0
45439,1
17203,0
12480,0
56251,1
10777,0
15085,0
33463,1
32515,1
37216,1
24414,0
19740,0
10680,0
49926,1
40334,1
42414,1
15567,0
17572,0
39624,1
49764,1
945,0
3090,0
8504,0
46436,1
33922,1
55247,1
6377,0
48622,1
49021,1
41771,1
11991,0
21583,0
16534,0
43422,1
9555,0
20075,0
58323,1
35095,1
48772,1
52162,1
47062,1
9470,0
34025,1
53150,1
21378,0
44895,1
3399,0
46411,1
28216,0
6170,0
26274,0
27787,0
22312,0
6771,0
16889,0
9194,0
6931,0
5088,0
4622,0
6483,0
37669,1
40292,1
3187,0
2896,0
32486,1
32279,1
49086,1
35719,1
16865,0
711,0
38344,1
11238,0
27937,0
29196,0
28953,0
2641,0
22405,0
2617,0
36995,1
9664,0
39445,1
14320,0
36951,1
23450,0
39704,1
47701,1
17119,0
36253,1
12240,0
2163,0
6109,0
12351,0
9319,0
36223,1
25012,0
25480,0
15705,0
27300,0
40084,1
9501,0
49219,1
51240,1
25743,0
46308,1
13912,0
37829,1
15780,0
19853,0
47964,1
45166,1
17013,0
37158,1
18114,0
11092,0
8789,0
37008,1
1395,0
41339,1
17897,0
41788,1
46993,1
43598,1
28354,0
29162,0
28173,0
34389,1
29925,1
49237,1
19006,0
29190,0
44068,1
55878,1
11660,0
29869,1
8351,0
11679,0
6528,0
319,0
50734,1
45831,1
57762,1
45976,1
57743,1
19487,0
57172,1
55325,1
14018,0
22897,0
23090,0
10031,0
16552,0
12215,0
24868,0
48014,1
29937,1
28877,0
23760,0
19390,0
36133,1
36649,1
16660,0
37675,1
40680,1
5871,0
36871,1
58509,1
56668,1
28908,0
53047,1
19020,0
19470,0
6075,0
46832,1
56512,1
13842,0
29640,1
27119,0
34398,1
30592,1
28437,0
43012,1
7035,0
56787,1
21769,0
30272,1
20685,0
15863,0
9826,0
7570,0
12873,0
28283,0
19268,0
1602,0
182,0
38743,1
11898,0
42631,1
626,0
25776,0
2123,0
38020,1
23122,0
12033,0
3026,0
38678,1
33137,1
41357,1
23535,0
42437,1
38006,1
1715,0
52977,1
3214,0
39669,1
21251,0
30853,1
35030,1
47618,1
26805,0
28143,0
42787,1
50369,1
33481,1
29101,0
23517,0
3151,0
54865,1
53210,1
4659,0
43301,1
22000,0
34751,1
1535,0
26513,0
33747,1
44540,1
3940,0
26729,0
19654,0
35403,1
13801,0
12683,0
54779,1
27994,0
30212,1
27816,0
55612,1
26007,0
10797,0
14071,0
45487,1
32177,1
4335,0
19343,0
43581,1
33356,1
22640,0
32196,1
23138,0
30758,1
57818,1
9820,0
6327,0
34878,1
52399,1
30131,1
55340,1
24761,0
1992,0
11885,0
43402,1
32441,1
5264,0
54789,1
33644,1
22284,0
30427,1
49339,1
42657,1
24809,0
19517,0
24561,0
54073,1
48343,1
50718,1
19989,0
10538,0
38221,1
34549,1
58242,1
42687,1
6166,0
57344,1
30302,1
24728,0
25610,0
50632,1
46577,1
1950,0
48699,1
24061,0
43378,1
52360,1
17718,0
24832,0
12572,0
18675,0
29617,1
42469,1
9004,0
21885,0
10873,0
7362,0
47350,1
54617,1
4459,0
37880,1
29151,0
24103,0
20821,0
39544,1
51546,1
32973,1
14389,0
9857,0
18166,0
52052,1
25823,0
6388,0
27407,0
28495,0
31345,1
21993,0
2884,0
41604,1
14409,0
10367,0
3504,0
32350,1
31445,1
29815,1
35029,1
53658,1
11712,0
42680,1
52885,1
58075,1
32989,1
56414,1
6594,0
25183,0
3297,0
57686,1
50788,1
56522,1
8334,0
25202,0
30681,1
759,0
43633,1
56350,1
40059,1
38892,1
42550,1
5279,0
34112,1
51022,1
52676,1
39516,1
22751,0
24620,0
20745,0
42757,1
15669,0
272,0
53175,1
24746,0
31645,1
44787,1
38304,1
21845,0
3737,0
5807,0
20415,0
28797,0
57956,1
42109,1
53083,1
26019,0
16400,0
37108,1
45321,1
49666,1
27091,0
55310,1
21950,0
38256,1
41826,1
2373,0
28806,0
45986,1
14272,0
58317,1
18781,0
6275,0
8348,0
32961,1
17959,0
33520,1
48702,1
33243,1
21584,0
28253,0
3578,0
715,0
14317,0
36426,1
38257,1
48231,1
45671,1
38076,1
3939,0
42409,1
1352,0
34670,1
9533,0
6717,0
10711,0
1161,0
58304,1
34224,1
42958,1
25120,0
36597,1
25666,0
11503,0
927,0
53869,1
19119,0
41164,1
40363,1
46857,1
18413,0
52716,1
16583,0
27754,0
39446,1
44487,1
11026,0
4965,0
21784,0
56649,1
57144,1
47783,1
17387,0
58545,1
32822,1
34103,1
1298,0
20870,0
56762,1
10671,0
15689,0
3031,0
5022,0
5211,0
2903,0
17707,0
5582,0
36515,1
56265,1
55904,1
53383,1
50464,1
53680,1
24882,0
12561,0
17836,0
51622,1
1527,0
17422,0
24655,0
31800,1
6083,0
15209,0
14425,0
21112,0
30098,1
18040,0
5388,0
4879,0
41142,1
49939,1
37343,1
30680,1
53606,1
53074,1
17578,0
46141,1
40230,1
42277,1
25867,0
26362,0
19739,0
32530,1
35864,1
40755,1
11184,0
26193,0
19209,0
28210,0
10705,0
16366,0
17918,0
7001,0
28931,0
16559,0
17647,0
58232,1
50678,1
54962,1
11374,0
16110,0
28215,0
2517,0
26909,0
42247,1
49089,1
38360,1
20203,0
6060,0
19946,0
22665,0
4995,0
32091,1
42612,1
42392,1
55455,1
12011,0
19142,0
43663,1
32408,1
35300,1
58349,1
51270,1
42452,1
14022,0
58275,1
26369,0
36111,1
40165,1
36522,1
23756,0
22175,0
415,0
8928,0
58251,1
309,0
30940,1
50445,1
17490,0
37826,1
29884,1
16617,0
23026,0
28755,0
7854,0
44986,1
50237,1
58124,1
35534,1
33517,1
17254,0
44548,1
12618,0
48866,1
47448,1
51945,1
33587,1
32211,1
49262,1
28901,0
56570,1
52641,1
35502,1
29633,1
55198,1
10187,0
27644,0
30264,1
41961,1
20044,0
21111,0
28181,0
51761,1
43390,1
39926,1
40323,1
34217,1
55430,1
32769,1
43326,1
18993,0
16592,0
53786,1
39146,1
35037,1
18147,0
49508,1
44651,1
39877,1
46083,1
28117,0
17470,0
10641,0
1728,0
49817,1
43274,1
56988,1
53370,1
55507,1
28870,0
13274,0
23266,0
53893,1
54503,1
40511,1
8402,0
4157,0
42970,1
25858,0
40247,1
34744,1
5250,0
2047,0
55209,1
13439,0
17911,0
18741,0
2229,0
34724,1
8926,0
25040,0
37039,1
7110,0
26328,0
33435,1
48424,1
30115,1
11638,0
35348,1
4264,0
29706,1
29743,1
36160,1
8393,0
12781,0
20625,0
10450,0
16978,0
20434,0
24480,0
17199,0
24348,0
31017,1
51928,1
1335,0
40145,1
55967,1
11290,0
2312,0
26012,0
45252,1
19361,0
13753,0
42000,1
57936,1
33132,1
23667,0
30400,1
52984,1
13260,0
49364,1
37591,1
27723,0
6843,0
27864,0
42786,1
12507,0
34296,1
32837,1
12680,0
647,0
42158,1
41396,1
34730,1
4717,0
34144,1
48109,1
21193,0
16787,0
2498,0
10622,0
19039,0
2496,0
26754,0
8359,0
7414,0
9785,0
47211,1
8454,0
13143,0
48663,1
40368,1
17164,0
24510,0
29774,1
22349,0
1716,0
39980,1
37044,1
10841,0
14878,0
48535,1
57454,1
23744,0
25039,0
56201,1
40504,1
16253,0
35265,1
24074,0
14297,0
38635,1
21666,0
16741,0
51773,1
21209,0
25596,0
32995,1
34352,1
8483,0
46682,1
31969,1
6686,0
51106,1
34329,1
40072,1
25935,0
48589,1
53765,1
22694,0
42458,1
40793,1
56544,1
36748,1
11061,0
30993,1
20861,0
50008,1
43043,1
41695,1
49283,1
47073,1
51804,1
2263,0
16450,0
39247,1
37593,1
40376,1
424,0
18759,0
9190,0
13432,0
27008,0
4807,0
12695,0
40481,1
48236,1
38971,1
47746,1
29317,1
52228,1
11293,0
38612,1
29777,1
32637,1
29535,1
15128,0
50001,1
8270,0
53272,1
2154,0
21692,0
28197,0
27568,0
17206,0
38399,1
34519,1
18912,0
50316,1
20540,0
47154,1
30438,1
55610,1
17679,0
32897,1
39234,1
54872,1
48195,1
16439,0
10857,0
26281,0
33867,1
32793,1
38923,1
11680,0
15496,0
19108,0
52815,1
40441,1
12556,0
2864,0
36273,1
54468,1
23466,0
11990,0
44352,1
1596,0
53746,1
34981,1
51849,1
47780,1
30621,1
55969,1
47251,1
5740,0
30032,1
20910,0
8489,0
49769,1
23927,0
25049,0
58104,1
2085,0
27118,0
55776,1
56138,1
46240,1
45268,1
49959,1
46776,1
52010,1
16467,0
31628,1
3128,0
27543,0
22594,0
55556,1
16649,0
57961,1
36530,1
35397,1
24096,0
42651,1
42034,1
54753,1
27518,0
22869,0
435,0
17574,0
6383,0
2407,0
55056,1
25588,0
2213,0
46072,1
19930,0
26209,0
47735,1
46459,1
34992,1
41825,1
19666,0
30127,1
35586,1
42893,1
31895,1
52675,1
3618,0
53021,1
16598,0
1258,0
10654,0
44930,1
13661,0
9589,0
36445,1
7126,0
49099,1
43751,1
15904,0
22411,0
16191,0
53304,1
32200,1
53227,1
35226,1
5202,0
48358,1
2029,0
47397,1
14130,0
34771,1
7820,0
24324,0
50475,1
32063,1
40356,1
30729,1
27172,0
39007,1
19067,0
45568,1
5060,0
16033,0
22130,0
49502,1
25283,0
6856,0
11699,0
57785,1
4953,0
13108,0
22809,0
36046,1
14985,0
14202,0
33834,1
17928,0
32453,1
25581,0
3434,0
48250,1
33958,1
19618,0
24304,0
35945,1
6091,0
40003,1
5163,0
16581,0
47180,1
36263,1
54958,1
49289,1
12384,0
1274,0
35355,1
1620,0
11862,0
16830,0
28108,0
37030,1
14403,0
31615,1
48732,1
27740,0
55327,1
46775,1
58238,1
24037,0
35233,1
43490,1
3986,0
23461,0
18417,0
53856,1
33393,1
42239,1
48418,1
50541,1
45062,1
18595,0
8830,0
47208,1
8203,0
35137,1
17996,0
15386,0
26730,0
4132,0
12636,0
7416,0
45945,1
6484,0
37431,1
27352,0
58272,1
20367,0
4731,0
18152,0
18985,0
3239,0
54216,1
18938,0
29095,0
29553,1
24446,0
43920,1
30041,1
21737,0
50407,1
40064,1
27768,0
26411,0
13682,0
21319,0
17927,0
51137,1
20882,0
20252,0
11661,0
17384,0
11562,0
10273,0
3043,0
40810,1
46725,1
10432,0
9053,0
39947,1
14362,0
21849,0
5706,0
41102,1
51870,1
28879,0
27135,0
52419,1
43817,1
19902,0
38436,1
2519,0
12674,0
398,0
28564,0
9529,0
37345,1
2815,0
35080,1
30872,1
39363,1
25274,0
19441,0
13220,0
49449,1
11125,0
31932,1
46300,1
11417,0
14927,0
45369,1
20494,0
27382,0
11040,0
39949,1
15982,0
11217,0
24450,0
13083,0
23246,0
16036,0
54169,1
9970,0
22025,0
45066,1
53607,1
12456,0
13960,0
21948,0
46575,1
56011,1
46007,1
11351,0
33804,1
22587,0
7222,0
22989,0
40988,1
24328,0
40534,1
18875,0
25320,0
52112,1
2645,0
11427,0
31145,1
39802,1
55798,1
7946,0
47277,1
4916,0
34159,1
49235,1
5131,0
33599,1
54592,1
28633,0
16421,0
13433,0
41848,1
6044,0
21713,0
51491,1
46331,1
48850,1
44440,1
29333,1
41531,1
7884,0
56829,1
58018,1
11804,0
3876,0
40430,1
5817,0
2829,0
41286,1
28049,0
13583,0
5711,0
57974,1
14084,0
24006,0
52902,1
46805,1
40939,1
47908,1
58088,1
28478,0
46286,1
46070,1
29967,1
40675,1
35281,1
6626,0
49203,1
15413,0
51127,1
39613,1
2157,0
23035,0
19048,0
33879,1
26180,0
15719,0
31923,1
55245,1
12868,0
23516,0
7966,0
56994,1
52651,1
9799,0
48729,1
21374,0
29825,1
46673,1
4714,0
7216,0
57549,1
56585,1
5155,0
22492,0
51581,1
49073,1
35257,1
32853,1
50831,1
13309,0
38633,1
49714,1
22434,0
8546,0
34773,1
292,0
56185,1
29841,1
57271,1
3014,0
38577,1
33267,1
30720,1
41874,1
50993,1
35666,1
330,0
31869,1
49119,1
58011,1
37704,1
52862,1
54221,1
17716,0
31542,1
36818,1
20357,0
43834,1
40872,1
58497,1
16418,0
31348,1
49,0
42919,1
23789,0
32373,1
57136,1
51742,1
48737,1
51244,1
37998,1
20903,0
2899,0
21837,0
46221,1
17857,0
38731,1
11901,0
21766,0
22012,0
42188,1
21254,0
42825,1
40396,1
43261,1
26478,0
26359,0
18547,0
56409,1
9634,0
45542,1
55081,1
9115,0
1106,0
38990,1
41063,1
1347,0
14359,0
17670,0
56495,1
287,0
46143,1
53122,1
39223,1
13164,0
26924,0
39538,1
35698,1
17966,0
14054,0
3284,0
33184,1
19781,0
56310,1
11432,0
28826,0
21931,0
7706,0
32808,1
50662,1
54553,1
29882,1
32428,1
10290,0
55789,1
2456,0
22344,0
32521,1
8227,0
13238,0
9844,0
24012,0
56031,1
28813,0
562,0
39902,1
13485,0
34102,1
14030,0
24865,0
48908,1
18246,0
11968,0
5201,0
33646,1
19436,0
48836,1
4584,0
26539,0
53807,1
54781,1
34529,1
57305,1
35754,1
30186,1
10158,0
39552,1
36029,1
3584,0
57293,1
10760,0
18433,0
20746,0
12314,0
53757,1
21961,0
26255,0
8485,0
58538,1
7621,0
39700,1
21029,0
36863,1
12129,0
54298,1
55442,1
34789,1
42714,1
38089,1
37353,1
45734,1
25226,0
53797,1
15148,0
29998,1
15431,0
35858,1
2929,0
11429,0
833,0
40267,1
15827,0
37005,1
22428,0
21390,0
56646,1
53250,1
34212,1
44662,1
17941,0
6379,0
8620,0
15483,0
26556,0
20278,0
13599,0
14560,0
25982,0
35746,1
27275,0
8381,0
38780,1
15473,0
42959,1
18104,0
21091,0
56488,1
11930,0
54029,1
8995,0
20573,0
48337,1
17121,0
43648,1
1079,0
25514,0
9937,0
37769,1
47137,1
2603,0
3210,0
47889,1
7419,0
57411,1
17441,0
41083,1
39853,1
9476,0
4542,0
7794,0
34922,1
50568,1
52786,1
38995,1
6682,0
6421,0
21024,0
3108,0
43271,1
58431,1
28517,0
33660,1
23712,0
22228,0
30894,1
37075,1
5298,0
13788,0
52776,1
7474,0
49650,1
22107,0
19235,0
8267,0
28018,0
45759,1
38715,1
4070,0
15421,0
23491,0
3550,0
1338,0
56770,1
11598,0
15187,0
41318,1
38916,1
33538,1
25941,0
37668,1
39896,1
13474,0
11853,0
43174,1
53362,1
26597,0
56892,1
14368,0
2195,0
12228,0
27835,0
49500,1
30408,1
14519,0
23681,0
32524,1
42418,1
10803,0
15030,0
57981,1
6999,0
24872,0
57027,1
42696,1
37958,1
12123,0
30224,1
43120,1
47058,1
21903,0
21641,0
29206,0
16020,0
39440,1
22171,0
58181,1
49035,1
17877,0
31498,1
46630,1
57287,1
40573,1
35739,1
33261,1
20941,0
1525,0
15694,0
24846,0
2495,0
24740,0
17182,0
57424,1
53981,1
12461,0
31192,1
36465,1
2419,0
23907,0
44339,1
54246,1
46818,1
49125,1
56903,1
30280,1
11204,0
27576,0
19805,0
5284,0
23732,0
51670,1
13180,0
53354,1
50859,1
17172,0
52113,1
6865,0
12699,0
54675,1
34083,1
50659,1
30776,1
8584,0
40791,1
15176,0
22766,0
30253,1
46628,1
55036,1
21194,0
43177,1
14487,0
11492,0
22319,0
41226,1
5086,0
5460,0
41741,1
32163,1
51952,1
43438,1
2305,0
37224,1
16496,0
28651,0
1384,0
27774,0
10444,0
7499,0
9708,0
54103,1
31400,1
50340,1
6148,0
10039,0
29125,0
41537,1
49444,1
46990,1
28872,0
20122,0
3524,0
16721,0
13358,0
50273,1
41796,1
7061,0
26434,0
46795,1
45178,1
34299,1
36905,1
13736,0
49241,1
15716,0
45520,1
2408,0
4634,0
50147,1
5466,0
58450,1
11153,0
1293,0
18197,0
52029,1
26041,0
5422,0
57463,1
15771,0
45273,1
57954,1
8543,0
13029,0
420,0
54180,1
33130,1
42311,1
56609,1
24986,0
56432,1
27064,0
54200,1
39337,1
22822,0
34067,1
32485,1
38205,1
23706,0
39574,1
4267,0
6478,0
45650,1
8939,0
30461,1
32387,1
32586,1
29796,1
45511,1
53414,1
44320,1
10400,0
29261,0
7767,0
6290,0
13026,0
10557,0
3205,0
26134,0
58246,1
50953,1
7849,0
53801,1
20784,0
19549,0
16161,0
11137,0
56508,1
6715,0
42406,1
3989,0
32475,1
40784,1
11742,0
31821,1
13627,0
53973,1
53490,1
42008,1
34779,1
10525,0
5596,0
56536,1
42484,1
44252,1
41424,1
35515,1
16141,0
803,0
3930,0
53463,1
33928,1
39551,1
49265,1
53518,1
14375,0
40671,1
11816,0
29819,1
33076,1
12740,0
30959,1
7464,0
41886,1
5703,0
4299,0
11057,0
55586,1
22183,0
3858,0
8813,0
1071,0
10872,0
43801,1
57313,1
12907,0
1144,0
4546,0
12802,0
14667,0
24326,0
30851,1
55131,1
49450,1
24835,0
19150,0
27897,0
54859,1
12933,0
12608,0
31518,1
35803,1
32355,1
42241,1
9631,0
38297,1
22591,0
47548,1
27629,0
43262,1
24477,0
5754,0
36938,1
48095,1
34781,1
45690,1
54909,1
40906,1
43530,1
23630,0
26428,0
24537,0
24787,0
19993,0
30832,1
36927,1
17185,0
43347,1
47706,1
51967,1
16956,0
11750,0
17088,0
28823,0
51723,1
29496,1
5948,0
27099,0
18086,0
6541,0
47313,1
957,0
3190,0
6157,0
29502,1
31052,1
23541,0
6461,0
18914,0
6622,0
49577,1
22758,0
5289,0
55439,1
56864,1
32299,1
57612,1
33989,1
28985,0
45170,1
3675,0
25674,0
19269,0
53179,1
10523,0
12830,0
58128,1
24588,0
31850,1
6407,0
16935,0
12435,0
45371,1
22486,0
16410,0
4471,0
45208,1
6298,0
16249,0
4919,0
23660,0
56450,1
33899,1
43098,1
25302,0
14848,0
17645,0
40553,1
7055,0
44979,1
40206,1
23401,0
49332,1
12585,0
17366,0
44852,1
19688,0
58542,1
29807,1
13340,0
39977,1
44389,1
53091,1
56813,1
1221,0
35562,1
8777,0
58311,1
48569,1
26628,0
1963,0
33806,1
13058,0
14664,0
55966,1
22714,0
38386,1
43085,1
32974,1
57536,1
9444,0
31561,1
8908,0
28583,0
9198,0
32835,1
39113,1
40648,1
40696,1
7307,0
12698,0
23329,0
24944,0
36267,1
41781,1
9364,0
43816,1
58491,1
39300,1
19712,0
4954,0
12785,0
22789,0
143,0
58122,1
19188,0
50550,1
1170,0
23094,0
17146,0
30030,1
10670,0
19992,0
10737,0
3695,0
8550,0
4176,0
17232,0
51887,1
3803,0
1844,0
7321,0
30549,1
38090,1
30819,1
41572,1
32241,1
52664,1
13361,0
9760,0
23761,0
51513,1
41891,1
735,0
20050,0
56158,1
37997,1
54055,1
9564,0
30787,1
15958,0
47986,1
52412,1
32267,1
56820,1
4914,0
4170,0
31904,1
34477,1
12049,0
56678,1
50670,1
37358,1
12751,0
48016,1
15423,0
53865,1
21655,0
31174,1
37287,1
36658,1
41173,1
36415,1
18583,0
58091,1
11976,0
2995,0
33216,1
39140,1
5484,0
17473,0
44119,1
13055,0
56553,1
13782,0
36153,1
36140,1
22957,0
54455,1
2767,0
39720,1
43758,1
42447,1
35761,1
27359,0
50955,1
9948,0
30617,1
53686,1
20320,0
33100,1
14836,0
31049,1
41936,1
32665,1
54509,1
41313,1
24138,0
53900,1
11558,0
10880,0
32768,1
266,0
28762,0
49739,1
49945,1
55716,1
548,0
1022,0
17094,0
40125,1
20985,0
31113,1
23456,0
39922,1
33977,1
52898,1
31433,1
27339,0
54384,1
20253,0
52655,1
4332,0
56538,1
15631,0
26998,0
61,0
46644,1
54267,1
8386,0
52321,1
37765,1
41031,1
42434,1
33874,1
42224,1
58507,1
24812,0
50944,1
18456,0
42541,1
9985,0
16739,0
18926,0
29215,0
45243,1
35519,1
41652,1
18308,0
9883,0
194,0
52156,1
12143,0
41786,1
32307,1
23842,0
54149,1
34704,1
42167,1
45132,1
48134,1
18830,0
47324,1
48873,1
24277,0
39801,1
6152,0
29720,1
54181,1
45001,1
9366,0
40360,1
56389,1
21160,0
6292,0
30078,1
44728,1
31350,1
52654,1
21529,0
7134,0
373,0
21301,0
19370,0
36021,1
32732,1
22858,0
31369,1
21623,0
40011,1
34908,1
27326,0
18412,0
1201,0
24591,0
10111,0
52970,1
40780,1
31786,1
56704,1
33767,1
45860,1
26218,0
46399,1
28972,0
30564,1
53208,1
14055,0
51695,1
3460,0
17419,0
3287,0
6084,0
27143,0
50928,1
12792,0
40978,1
53744,1
45670,1
17492,0
47836,1
35497,1
32525,1
35251,1
32531,1
402,0
50236,1
23032,0
53144,1
24867,0
655,0
38595,1
42694,1
55362,1
4617,0
17213,0
20356,0
40915,1
52582,1
11043,0
19060,0
14930,0
52400,1
38688,1
58469,1
9702,0
42384,1
48286,1
31048,1
55103,1
26678,0
11759,0
34924,1
16811,0
31788,1
700,0
13720,0
8950,0
19080,0
18346,0
20650,0
12501,0
11907,0
51053,1
53342,1
18740,0
29938,1
6230,0
30359,1
11253,0
21311,0
27634,0
33575,1
3220,0
22414,0
39545,1
30742,1
18316,0
21267,0
80,0
14360,0
7493,0
400,0
573,0
6639,0
49107,1
730,0
47451,1
53401,1
51655,1
54390,1
43159,1
24530,0
9338,0
55480,1
45036,1
3435,0
49529,1
54057,1
49414,1
12177,0
41345,1
53489,1
37051,1
11118,0
13152,0
5775,0
22459,0
8470,0
43234,1
12673,0
20550,0
38765,1
44514,1
25641,0
44940,1
55722,1
2707,0
47109,1
14669,0
43811,1
8948,0
8015,0
50693,1
43130,1
15776,0
16139,0
30756,1
7633,0
41666,1
18318,0
47696,1
20350,0
8719,0
43479,1
3513,0
56493,1
14033,0
41372,1
10399,0
14737,0
42618,1
46551,1
54706,1
37567,1
6239,0
16397,0
37412,1
51338,1
36063,1
19859,0
54297,1
23591,0
3443,0
45042,1
29394,1
57254,1
27867,0
39172,1
50216,1
23882,0
36185,1
35049,1
17705,0
47796,1
11456,0
33764,1
12624,0
6199,0
27230,0
23949,0
56163,1
33039,1
3979,0
58146,1
32737,1
35740,1
9347,0
17487,0
36735,1
10944,0
41913,1
3956,0
12717,0
50751,1
54519,1
41084,1
25390,0
42570,1
53636,1
31949,1
43568,1
57865,1
43709,1
21897,0
28177,0
28070,0
50607,1
1613,0
18144,0
40198,1
57077,1
55528,1
35521,1
22629,0
57370,1
13316,0
45452,1
44862,1
22824,0
41730,1
56159,1
22820,0
6302,0
6037,0
34403,1
49595,1
12571,0
46615,1
3869,0
23087,0
6178,0
58456,1
8405,0
34132,1
51673,1
26226,0
18281,0
15062,0
24547,0
45903,1
4626,0
48634,1
32266,1
32482,1
34236,1
39586,1
55024,1
1180,0
11127,0
18593,0
13112,0
2452,0
12649,0
20303,0
49379,1
24065,0
15289,0
13005,0
7965,0
23855,0
24692,0
43679,1
49692,1
1383,0
28867,0
18570,0
25197,0
32925,1
38779,1
1368,0
46066,1
15956,0
7750,0
47725,1
29714,1
20657,0
53551,1
9480,0
23795,0
36095,1
42289,1
1657,0
30380,1
41997,1
21120,0
702,0
54520,1
38481,1
34898,1
50036,1
39797,1
20847,0
35390,1
10976,0
57408,1
12519,0
43171,1
29306,1
28970,0
40244,1
6939,0
54481,1
8993,0
14666,0
31180,1
3597,0
51342,1
58129,1
45326,1
16847,0
19317,0
8858,0
45538,1
16694,0
40853,1
56986,1
57990,1
27360,0
16911,0
39092,1
14116,0
16912,0
55049,1
24270,0
28862,0
18501,0
44699,1
33870,1
54716,1
16876,0
27431,0
50760,1
1984,0
52746,1
43389,1
21937,0
38418,1
11191,0
14581,0
56837,1
57465,1
50469,1
23962,0
50849,1
12000,0
28206,0
21387,0
5257,0
54743,1
33515,1
13896,0
25432,0
23125,0
43082,1
19273,0
26778,0
20892,0
25492,0
47722,1
20382,0
16502,0
42591,1
7645,0
28276,0
21982,0
42304,1
13776,0
28385,0
43904,1
24468,0
7505,0
20959,0
25746,0
9266,0
55006,1
27596,0
6695,0
51509,1
37874,1
33937,1
25735,0
43446,1
46288,1
5982,0
33829,1
23250,0
20791,0
13927,0
22298,0
16621,0
44641,1
14134,0
49561,1
9801,0
7120,0
40171,1
34528,1
43912,1
56767,1
1051,0
23608,0
43943,1
20397,0
4428,0
56687,1
33205,1
33317,1
16693,0
41247,1
23274,0
57570,1
57456,1
46073,1
48957,1
57512,1
5561,0
35804,1
13133,0
47715,1
34147,1
25272,0
26697,0
24905,0
36123,1
11806,0
15869,0
23631,0
46886,1
32859,1
26561,0
11330,0
23110,0
35319,1
29080,0
9455,0
7129,0
16765,0
23900,0
54599,1
50704,1
36792,1
32762,1
46119,1
53739,1
40290,1
20512,0
15194,0
40552,1
55719,1
1851,0
3470,0
17307,0
38509,1
28600,0
24742,0
44175,1
5214,0
48083,1
56460,1
13398,0
10652,0
19147,0
10216,0
42514,1
22920,0
34474,1
46011,1
34278,1
14319,0
9684,0
46784,1
32493,1
35409,1
44211,1
14576,0
40338,1
8758,0
25805,0
25725,0
46064,1
19573,0
55072,1
46231,1
264,0
8715,0
38756,1
34737,1
23084,0
873,0
21564,0
47778,1
13370,0
30674,1
35836,1
14736,0
10882,0
9615,0
46549,1
43222,1
28839,0
45456,1
1263,0
38437,1
828,0
25822,0
57599,1
56097,1
811,0
16109,0
37810,1
53923,1
15238,0
39459,1
53215,1
15325,0
38185,1
56036,1
34070,1
38740,1
12318,0
38233,1
9722,0
28315,0
55252,1
12085,0
5226,0
35993,1
55982,1
39375,1
583,0
50575,1
7130,0
33131,1
1123,0
45867,1
6665,0
1838,0
1375,0
589,0
47737,1
38065,1
56901,1
35032,1
25811,0
27004,0
13572,0
32483,1
36572,1
14515,0
55945,1
46692,1
12397,0
52778,1
40563,1
15722,0
43065,1
19204,0
24047,0
9893,0
56376,1
11937,0
42141,1
55181,1
16238,0
37731,1
10715,0
48098,1
48959,1
13814,0
53704,1
48543,1
45715,1
47898,1
10832,0
4466,0
30284,1
55400,1
4036,0
36563,1
58505,1
34336,1
53171,1
6335,0
42641,1
4078,0
54636,1
38791,1
27295,0
49336,1
5253,0
53702,1
39923,1
51457,1
55224,1
36108,1
56699,1
29876,1
37599,1
36799,1
8198,0
30257,1
22219,0
30187,1
933,0
528,0
24470,0
18682,0
27552,0
8621,0
460,0
56211,1
260,0
31964,1
45522,1
47594,1
49962,1
31351,1
17592,0
24385,0
14660,0
32764,1
30237,1
34531,1
16401,0
10879,0
12317,0
7592,0
18224,0
1040,0
53439,1
51643,1
53959,1
11537,0
15531,0
27103,0
26756,0
6203,0
18403,0
45105,1
14895,0
51489,1
37759,1
52347,1
14311,0
24527,0
35053,1
36536,1
46802,1
55052,1
18779,0
17192,0
47077,1
51451,1
22321,0
31535,1
17295,0
44185,1
4286,0
46627,1
15687,0
41689,1
31015,1
22519,0
2370,0
57102,1
11233,0
31572,1
30569,1
54540,1
28060,0
50226,1
54234,1
52863,1
36213,1
23356,0
50708,1
26979,0
37023,1
19384,0
7807,0
35042,1
24444,0
13326,0
8763,0
28063,0
57185,1
39781,1
40986,1
33396,1
54470,1
23034,0
47891,1
15957,0
26261,0
52809,1
11304,0
8107,0
56608,1
16914,0
10927,0
32253,1
18515,0
28212,0
20551,0
18829,0
15481,0
35143,1
19974,0
4695,0
57604,1
682,0
52621,1
15681,0
9538,0
47834,1
32880,1
8583,0
23765,0
41969,1
47759,1
21159,0
8886,0
48980,1
30474,1
7319,0
26145,0
11491,0
57702,1
48853,1
27228,0
34126,1
16395,0
14769,0
9027,0
7972,0
32705,1
52295,1
27113,0
45587,1
6808,0
3428,0
26762,0
43724,1
42709,1
4397,0
48429,1
33174,1
44686,1
15652,0
23674,0
47587,1
55352,1
27998,0
13186,0
41540,1
7969,0
14141,0
28892,0
31011,1
11448,0
21265,0
36510,1
7447,0
40584,1
14493,0
53352,1
4653,0
51718,1
57955,1
20949,0
20472,0
21819,0
50581,1
51530,1
29444,1
12361,0
18149,0
55515,1
19824,0
44145,1
42557,1
49575,1
37018,1
554,0
196,0
7004,0
57176,1
51450,1
20348,0
31657,1
37615,1
49809,1
15474,0
22182,0
23402,0
5343,0
39226,1
16454,0
28955,0
34846,1
34388,1
26104,0
34731,1
40512,1
51313,1
13691,0
14341,0
42717,1
42411,1
29547,1
24243,0
3432,0
5265,0
38742,1
24369,0
50999,1
6404,0
2387,0
734,0
14323,0
45101,1
40259,1
42339,1
49270,1
10505,0
25495,0
50201,1
5568,0
47135,1
9690,0
42439,1
17435,0
49745,1
57985,1
4100,0
34469,1
8412,0
55003,1
14506,0
44581,1
18780,0
9022,0
17388,0
12770,0
17576,0
32251,1
20315,0
13824,0
11408,0
19937,0
53800,1
48692,1
23409,0
30125,1
25214,0
37116,1
18138,0
26332,0
9655,0
8741,0
33831,1
10861,0
8849,0
30870,1
10653,0
56987,1
9534,0
17197,0
17884,0
4127,0
8677,0
20274,0
27761,0
55718,1
43218,1
807,0
52998,1
37688,1
58511,1
42917,1
14869,0
33197,1
19104,0
15450,0
56768,1
44909,1
40253,1
45801,1
6887,0
31087,1
6009,0
31426,1
35539,1
46537,1
20912,0
45288,1
24192,0
23836,0
37753,1
40659,1
28476,0
6490,0
35679,1
48865,1
4951,0
32902,1
46258,1
30939,1
13039,0
12404,0
14132,0
47096,1
37242,1
48159,1
43367,1
38722,1
43823,1
50710,1
31907,1
40375,1
28127,0
39023,1
47011,1
9263,0
33387,1
46917,1
12564,0
47000,1
23072,0
10469,0
19849,0
56306,1
34685,1
25630,0
24248,0
13252,0
48223,1
8074,0
2731,0
1604,0
9864,0
34675,1
3838,0
13539,0
32057,1
21203,0
54511,1
8229,0
6366,0
40909,1
19545,0
31637,1
960,0
4783,0
52741,1
34606,1
29433,1
38371,1
55349,1
45021,1
35196,1
11471,0
3019,0
54021,1
44016,1
2802,0
53336,1
23791,0
44464,1
29786,1
57277,1
34117,1
43994,1
18092,0
33609,1
55880,1
46078,1
9158,0
21601,0
27566,0
32172,1
53232,1
15860,0
9530,0
21252,0
29198,0
51949,1
38325,1
43369,1
42996,1
55335,1
53545,1
18401,0
30463,1
26297,0
9345,0
14449,0
47800,1
6277,0
52668,1
49674,1
13294,0
46468,1
45518,1
47413,1
41598,1
43697,1
52153,1
45975,1
38805,1
53094,1
24803,0
42495,1
5879,0
2121,0
42359,1
410,0
23635,0
36413,1
21503,0
44458,1
1143,0
18418,0
53556,1
57014,1
52325,1
52425,1
28532,0
45253,1
18396,0
3609,0
11844,0
6915,0
18347,0
1688,0
55582,1
4123,0
7476,0
54827,1
39662,1
6986,0
42023,1
46347,1
45188,1
24331,0
26654,0
24347,0
12657,0
9156,0
4688,0
41953,1
55779,1
25750,0
31177,1
55229,1
30800,1
24567,0
4250,0
52472,1
26656,0
41547,1
31436,1
54240,1
53228,1
20968,0
14588,0
15293,0
56936,1
40463,1
26075,0
47609,1
48460,1
33858,1
44071,1
42998,1
10374,0
20205,0
38663,1
25111,0
35632,1
58463,1
28950,0
57812,1
8023,0
43810,1
31009,1
24284,0
23048,0
29052,0
30161,1
10707,0
8634,0
30719,1
33776,1
12224,0
35046,1
52803,1
5405,0
16550,0
7603,0
48166,1
57843,1
55098,1
26463,0
49259,1
17202,0
53577,1
48299,1
27773,0
53492,1
34343,1
8284,0
12861,0
34134,1
40000,1
21070,0
23881,0
40007,1
18650,0
10263,0
38031,1
16070,0
354,0
13300,0
43073,1
55549,1
14259,0
16919,0
25284,0
53259,1
52843,1
6293,0
2521,0
51769,1
5306,0
56391,1
20475,0
13941,0
44941,1
11385,0
37555,1
41022,1
26651,0
31262,1
35164,1
53170,1
49412,1
57444,1
25654,0
23656,0
32270,1
6494,0
13488,0
41693,1
32563,1
12009,0
26550,0
44762,1
7568,0
23457,0
2900,0
38846,1
22895,0
51384,1
45725,1
4184,0
58154,1
12623,0
10242,0
23079,0
19143,0
12071,0
45463,1
48946,1
15703,0
51817,1
3671,0
37946,1
27170,0
44261,1
46327,1
1358,0
11347,0
5543,0
15968,0
34684,1
33095,1
48379,1
12106,0
868,0
24449,0
4207,0
52744,1
7740,0
56915,1
44462,1
58166,1
34211,1
39188,1
43713,1
24738,0
14720,0
47419,1
42598,1
18274,0
55584,1
2765,0
13888,0
47305,1
15126,0
23581,0
31586,1
43576,1
732,0
41317,1
2037,0
48935,1
43641,1
11058,0
25413,0
32668,1
38267,1
4939,0
10898,0
39589,1
45950,1
20836,0
31125,1
42611,1
8331,0
55482,1
28045,0
52841,1
16790,0
31055,1
30981,1
16627,0
2783,0
13835,0
8781,0
31036,1
39653,1
15230,0
883,0
2807,0
23319,0
27906,0
3034,0
4580,0
13983,0
12005,0
40121,1
37084,1
26222,0
2764,0
31896,1
1882,0
26108,0
23523,0
28676,0
45785,1
57223,1
51077,1
39869,1
34104,1
31379,1
41147,1
45190,1
41050,1
54648,1
19279,0
982,0
46171,1
25353,0
18656,0
33208,1
58290,1
33864,1
57459,1
38137,1
56304,1
55899,1
27466,0
54953,1
35433,1
37155,1
1783,0
37537,1
28456,0
23144,0
31349,1
43325,1
22679,0
16932,0
34935,1
19425,0
24840,0
54486,1
34001,1
43237,1
7077,0
51492,1
38516,1
16630,0
13609,0
43707,1
12711,0
15862,0
37130,1
21907,0
40312,1
49559,1
9395,0
44269,1
27969,0
40930,1
23847,0
7871,0
6654,0
31071,1
23047,0
14983,0
47466,1
27899,0
4664,0
30814,1
13444,0
12227,0
22565,0
30627,1
36175,1
37238,1
57574,1
13876,0
37330,1
38131,1
3532,0
41016,1
18063,0
30118,1
46310,1
15684,0
8794,0
55074,1
11719,0
17989,0
20197,0
24927,0
22539,0
8047,0
6757,0
48053,1
35786,1
19113,0
48555,1
14771,0
37923,1
43014,1
2358,0
25403,0
13939,0
58109,1
18692,0
10509,0
47563,1
2840,0
24684,0
23676,0
50321,1
1433,0
17107,0
19044,0
31930,1
25088,0
55070,1
3002,0
10969,0
52191,1
57243,1
11038,0
34953,1
31672,1
5579,0
38077,1
42429,1
12995,0
11232,0
5806,0
19278,0
1505,0
58024,1
35899,1
1482,0
19770,0
20631,0
46620,1
10387,0
36209,1
51248,1
32413,1
42671,1
16383,0
17314,0
14764,0
20842,0
57020,1
17525,0
20676,0
23968,0
12681,0
11301,0
30524,1
36723,1
48407,1
19399,0
41674,1
55546,1
25166,0
37418,1
46948,1
8140,0
58575,1
27660,0
48463,1
32333,1
24629,0
5419,0
22051,0
25026,0
27490,0
13167,0
4993,0
11796,0
31899,1
1188,0
30582,1
58384,1
20316,0
49837,1
21249,0
27823,0
36703,1
6191,0
18801,0
21430,0
9627,0
1030,0
41214,1
57114,1
54949,1
57473,1
48219,1
7768,0
46116,1
6791,0
34442,1
49048,1
8214,0
10390,0
7444,0
41495,1
43496,1
25774,0
27023,0
18853,0
40836,1
29336,1
43002,1
39103,1
28469,0
34543,1
45445,1
52333,1
39660,1
7705,0
21590,0
15019,0
12734,0
14853,0
6845,0
41884,1
39798,1
10688,0
15294,0
9356,0
32119,1
31298,1
25575,0
50586,1
43863,1
43862,1
38702,1
28147,0
18443,0
53364,1
51502,1
54798,1
58057,1
9231,0
55034,1
10649,0
56001,1
48108,1
29234,0
28613,0
54913,1
47124,1
41059,1
2302,0
50964,1
34778,1
47104,1
27456,0
22471,0
7180,0
1261,0
19714,0
11045,0
36369,1
31706,1
24046,0
5598,0
21887,0
41954,1
21722,0
57007,1
26010,0
22566,0
38368,1
41115,1
44427,1
6956,0
6437,0
38701,1
45832,1
32900,1
7658,0
50037,1
56366,1
41632,1
15784,0
45980,1
34888,1
15472,0
30291,1
48695,1
18770,0
42976,1
50463,1
4802,0
25850,0
51069,1
38014,1
17000,0
32647,1
28678,0
18613,0
41985,1
23484,0
15394,0
55180,1
47048,1
40959,1
31034,1
42639,1
40943,1
7024,0
8407,0
41977,1
30220,1
11778,0
42378,1
5687,0
20161,0
46239,1
3847,0
17974,0
28195,0
11931,0
32774,1
15952,0
35227,1
12020,0
57458,1
18575,0
36687,1
25863,0
3562,0
4766,0
12644,0
11201,0
38146,1
47231,1
394,0
9630,0
43,0
25663,0
56334,1
2553,0
41269,1
24598,0
18069,0
2418,0
23487,0
50621,1
43987,1
36667,1
26031,0
18640,0
17102,0
14542,0
16960,0
14809,0
21306,0
26739,0
940,0
22949,0
18483,0
27601,0
9289,0
28671,0
37401,1
30010,1
36137,1
28969,0
25128,0
32577,1
22953,0
13600,0
37479,1
46004,1
36904,1
48065,1
4833,0
47008,1
25645,0
33626,1
45395,1
17472,0
11807,0
38193,1
47655,1
5593,0
37849,1
19806,0
1178,0
16623,0
47128,1
8145,0
20104,0
27885,0
51304,1
55857,1
57016,1
31297,1
51685,1
55276,1
20332,0
58045,1
41334,1
24121,0
47039,1
53493,1
39848,1
46829,1
48480,1
7187,0
7688,0
10204,0
26570,0
3557,0
16090,0
2203,0
28919,0
53793,1
12019,0
50126,1
16037,0
44229,1
19046,0
20033,0
50174,1
26706,0
33782,1
28974,0
37042,1
36254,1
53163,1
20605,0
18788,0
16588,0
19284,0
13099,0
21127,0
17169,0
22033,0
13570,0
57904,1
55028,1
38539,1
37872,1
40954,1
23103,0
45360,1
3689,0
9822,0
19929,0
10034,0
49144,1
24879,0
37043,1
10533,0
1456,0
49167,1
44849,1
37210,1
9079,0
17105,0
47798,1
25378,0
10291,0
4985,0
13017,0
17617,0
8012,0
23956,0
19427,0
12262,0
35067,1
25830,0
7054,0
28213,0
5920,0
26603,0
14962,0
19140,0
29802,1
1511,0
26051,0
28642,0
17596,0
29554,1
17632,0
28434,0
32513,1
5553,0
47976,1
38190,1
35533,1
16258,0
39827,1
39824,1
26579,0
35726,1
16355,0
55604,1
43066,1
38762,1
21561,0
31311,1
9423,0
34225,1
39073,1
47175,1
55724,1
37896,1
38343,1
26040,0
173,0
55420,1
40508,1
58432,1
33883,1
20364,0
45944,1
56972,1
6049,0
46426,1
26416,0
21,0
32865,1
55793,1
29289,0
29749,1
45372,1
7615,0
44072,1
54891,1
10324,0
42799,1
20761,0
1704,0
23390,0
32490,1
21753,0
33235,1
9818,0
23622,0
13103,0
15301,0
43693,1
56702,1
25481,0
1182,0
56795,1
43639,1
53445,1
17143,0
12921,0
10126,0
3628,0
44375,1
35198,1
26599,0
26372,0
35230,1
9118,0
42594,1
21836,0
7565,0
29519,1
48960,1
50503,1
14629,0
43752,1
52019,1
48081,1
37207,1
57496,1
25142,0
51358,1
39734,1
37888,1
47054,1
57811,1
4661,0
37616,1
7960,0
30218,1
40337,1
22392,0
28698,0
3096,0
38647,1
3158,0
7379,0
4498,0
26770,0
2485,0
11062,0
4044,0
43476,1
36313,1
16806,0
42781,1
40568,1
36265,1
31776,1
47732,1
29455,1
14164,0
1965,0
41975,1
23106,0
43876,1
42534,1
50599,1
53940,1
17392,0
45751,1
30104,1
51947,1
24682,0
23405,0
3344,0
42632,1
4202,0
55338,1
28992,0
24220,0
43377,1
20599,0
58115,1
3971,0
23123,0
34653,1
28058,0
20902,0
17219,0
52280,1
57605,1
44740,1
9481,0
29112,0
40352,1
13875,0
49625,1
35927,1
24521,0
19304,0
37306,1
55213,1
30357,1
5992,0
11387,0
13935,0
12723,0
38057,1
45766,1
5337,0
34465,1
29339,1
42053,1
53754,1
26883,0
32425,1
36933,1
20956,0
14636,0
14217,0
40256,1
26442,0
53521,1
12834,0
34311,1
18946,0
22505,0
1485,0
23117,0
46977,1
35332,1
49626,1
48145,1
31558,1
45485,1
25966,0
49757,1
36431,1
14446,0
14182,0
13836,0
35376,1
8295,0
36833,1
21884,0
16613,0
3604,0
7703,0
47853,1
55490,1
11097,0
6161,0
13396,0
33643,1
33956,1
35277,1
32317,1
15961,0
48173,1
27971,0
36338,1
1181,0
34482,1
9142,0
30028,1
48092,1
54843,1
12430,0
11979,0
31474,1
12653,0
54930,1
25737,0
13798,0
26018,0
7163,0
12596,0
54283,1
29865,1
45617,1
4938,0
10548,0
37618,1
17187,0
51935,1
16492,0
47139,1
44419,1
6531,0
25363,0
9719,0
39718,1
55682,1
23657,0
30903,1
30932,1
43233,1
42878,1
25442,0
57613,1
34964,1
23910,0
43086,1
32183,1
27521,0
26884,0
29385,1
52091,1
44697,1
3433,0
45952,1
28349,0
56991,1
6134,0
22959,0
24963,0
2991,0
26257,0
22114,0
17648,0
18513,0
48471,1
2809,0
39810,1
26374,0
5671,0
23568,0
57132,1
14902,0
16247,0
1579,0
2493,0
56101,1
5181,0
48778,1
34091,1
33483,1
44530,1
4160,0
44793,1
50440,1
7451,0
50977,1
54882,1
37831,1
38179,1
35216,1
41691,1
37584,1
38135,1
19524,0
45739,1
17325,0
36341,1
20859,0
28763,0
28933,0
13196,0
49478,1
53444,1
29343,1
53142,1
54284,1
37813,1
51755,1
36128,1
35292,1
56899,1
27862,0
36809,1
5147,0
6538,0
32035,1
10888,0
26933,0
42069,1
12697,0
5414,0
49404,1
43046,1
38154,1
10054,0
4096,0
12160,0
34385,1
23462,0
38999,1
27406,0
26002,0
8722,0
22603,0
39885,1
51180,1
27985,0
3168,0
57933,1
35704,1
51086,1
31165,1
24920,0
21716,0
38773,1
17931,0
27481,0
1087,0
20697,0
14246,0
11263,0
51196,1
43544,1
54465,1
44149,1
32199,1
37219,1
52933,1
17977,0
2221,0
27333,0
21215,0
3070,0
4141,0
6656,0
25636,0
50686,1
23278,0
29348,1
27280,0
38000,1
55587,1
37451,1
9327,0
37776,1
39505,1
3387,0
35406,1
46245,1
44768,1
16277,0
41713,1
42193,1
28682,0
54838,1
28746,0
21436,0
56630,1
51940,1
43535,1
36643,1
10842,0
53784,1
47227,1
2734,0
4329,0
26914,0
51279,1
18955,0
29030,0
49953,1
45446,1
48533,1
4569,0
40741,1
52288,1
37603,1
55550,1
17681,0
44293,1
553,0
12831,0
52980,1
49551,1
30947,1
18368,0
11650,0
36219,1
22468,0
2913,0
44044,1
49965,1
31301,1
18337,0
25061,0
36066,1
54065,1
28568,0
41151,1
45588,1
14305,0
14518,0
29514,1
43269,1
43169,1
16384,0
39751,1
20211,0
40564,1
1142,0
23595,0
11606,0
34599,1
26536,0
22078,0
53322,1
26973,0
56869,1
36718,1
11883,0
52278,1
10501,0
39114,1
40106,1
20465,0
47437,1
49405,1
23947,0
21744,0
45562,1
21811,0
31497,1
24461,0
30196,1
19431,0
30230,1
51340,1
9178,0
28535,0
27201,0
31175,1
55084,1
9462,0
30066,1
38504,1
46367,1
53650,1
30988,1
49024,1
46777,1
39418,1
24130,0
54087,1
8593,0
45723,1
46087,1
30847,1
13552,0
4340,0
50370,1
6056,0
55797,1
43410,1
18195,0
13978,0
322,0
42143,1
28002,0
32970,1
45493,1
41158,1
14863,0
37680,1
39116,1
39927,1
37887,1
32894,1
51851,1
12280,0
19864,0
14718,0
17407,0
42586,1
45995,1
41499,1
9386,0
18660,0
32096,1
7576,0
47364,1
23972,0
57413,1
54045,1
23474,0
34863,1
49756,1
31364,1
43348,1
56634,1
12409,0
23282,0
33777,1
32792,1
22243,0
18621,0
16704,0
57801,1
6877,0
48637,1
32144,1
35531,1
4057,0
38830,1
41675,1
52552,1
3261,0
33866,1
5191,0
36993,1
51511,1
4272,0
41244,1
9254,0
49475,1
42416,1
11723,0
6284,0
57414,1
44355,1
3603,0
18190,0
10104,0
57499,1
39091,1
48301,1
20717,0
58411,1
16981,0
32150,1
31253,1
1001,0
11248,0
31626,1
45571,1
288,0
33015,1
52343,1
53619,1
43545,1
9504,0
38503,1
31621,1
37703,1
53920,1
3538,0
51205,1
8565,0
42894,1
838,0
22799,0
56628,1
35086,1
53356,1
44661,1
4651,0
45244,1
30329,1
403,0
51976,1
33780,1
31324,1
25629,0
26592,0
12357,0
26176,0
55178,1
33817,1
30341,1
31993,1
55666,1
9511,0
32118,1
27211,0
41308,1
30390,1
46509,1
30978,1
47957,1
34867,1
3354,0
50661,1
13687,0
14641,0
30283,1
42079,1
49037,1
37518,1
35648,1
34480,1
23053,0
27159,0
46573,1
26985,0
22643,0
21284,0
40824,1
9453,0
3334,0
6346,0
16155,0
50629,1
56348,1
50696,1
49526,1
46321,1
6520,0
45547,1
52832,1
1012,0
31973,1
47399,1
50166,1
13236,0
33811,1
45823,1
50949,1
3055,0
11551,0
32887,1
21511,0
18478,0
46949,1
2359,0
31828,1
2822,0
19619,0
42861,1
37674,1
26607,0
15838,0
49137,1
7642,0
56534,1
10863,0
53384,1
7563,0
10116,0
4571,0
17517,0
2478,0
23075,0
35145,1
23602,0
24626,0
23451,0
14931,0
3763,0
33096,1
1586,0
56696,1
2816,0
43036,1
32652,1
722,0
5335,0
21977,0
21943,0
1769,0
48188,1
15,0
49816,1
20453,0
25082,0
30092,1
11934,0
8233,0
27066,0
27002,0
25800,0
21242,0
4645,0
55665,1
23975,0
44594,1
38588,1
4144,0
48051,1
31557,1
18713,0
57282,1
53730,1
6765,0
52135,1
51929,1
3056,0
4905,0
13853,0
3804,0
2446,0
23586,0
4403,0
42190,1
30129,1
4244,0
55735,1
10684,0
5399,0
115,0
47504,1
70,0
40821,1
20347,0
49915,1
51284,1
12047,0
53397,1
17120,0
39876,1
47963,1
14947,0
19827,0
13708,0
50510,1
20345,0
45103,1
55649,1
10221,0
34413,1
17426,0
8648,0
21835,0
57669,1
9575,0
21701,0
51865,1
5884,0
31005,1
13858,0
14439,0
28059,0
23982,0
32599,1
13406,0
25180,0
57487,1
54541,1
51229,1
6928,0
29533,1
57015,1
52604,1
5787,0
40240,1
24091,0
11935,0
10168,0
6681,0
9946,0
15361,0
12849,0
37719,1
8658,0
42685,1
24059,0
25448,0
20023,0
877,0
54286,1
29253,0
15766,0
10274,0
9755,0
45584,1
900,0
16916,0
29575,1
31671,1
9009,0
26435,0
1584,0
34903,1
56632,1
3202,0
41596,1
52085,1
50721,1
10827,0
38720,1
51360,1
21005,0
9585,0
13585,0
14811,0
7224,0
7857,0
41683,1
19622,0
5254,0
46895,1
40666,1
24236,0
33139,1
52508,1
44872,1
54987,1
32011,1
48293,1
51093,1
2621,0
28491,0
57147,1
2133,0
52120,1
23374,0
26901,0
34090,1
2073,0
21896,0
11011,0
44022,1
273,0
45676,1
49207,1
16463,0
11270,0
46555,1
140,0
50123,1
26077,0
44430,1
38974,1
25733,0
45195,1
4547,0
41421,1
17559,0
58483,1
56312,1
1031,0
38685,1
18728,0
28381,0
31738,1
40506,1
32087,1
2872,0
48791,1
9054,0
49406,1
57003,1
14593,0
36158,1
10591,0
9408,0
32735,1
6306,0
9452,0
6660,0
52937,1
28046,0
41650,1
25383,0
37425,1
34579,1
19776,0
834,0
19920,0
46434,1
43985,1
52294,1
662,0
22810,0
39457,1
467,0
5313,0
51101,1
8671,0
42443,1
33980,1
20835,0
56941,1
22181,0
34659,1
10567,0
26975,0
13312,0
54948,1
28224,0
37468,1
27991,0
11685,0
35990,1
32765,1
54688,1
51847,1
12450,0
19146,0
6124,0
22045,0
14354,0
32013,1
38959,1
18315,0
38876,1
21056,0
31366,1
19883,0
27745,0
27725,0
15677,0
38305,1
25688,0
4836,0
2332,0
52770,1
15045,0
43762,1
56583,1
56256,1
34564,1
13272,0
2514,0
18700,0
28861,0
34900,1
25429,0
13541,0
15221,0
46704,1
8902,0
29288,0
18366,0
31808,1
2392,0
29372,1
5077,0
27276,0
39089,1
3926,0
48991,1
43317,1
11915,0
40752,1
40565,1
40886,1
53220,1
50825,1
42951,1
32500,1
30239,1
46198,1
35705,1
45029,1
37800,1
51220,1
36952,1
45384,1
55720,1
37724,1
46480,1
56054,1
46322,1
33795,1
50155,1
40649,1
53193,1
18669,0
41095,1
14214,0
7397,0
16483,0
49466,1
32617,1
50840,1
43645,1
49090,1
57053,1
6258,0
17272,0
48000,1
41529,1
8724,0
53990,1
56423,1
21844,0
56759,1
37628,1
29082,0
58282,1
35448,1
49431,1
23400,0
21886,0
24541,0
35275,1
31459,1
35197,1
43616,1
56219,1
15533,0
17178,0
6451,0
35795,1
3883,0
55812,1
49223,1
432,0
37069,1
25097,0
55196,1
47599,1
44956,1
11884,0
47627,1
22735,0
25696,0
7694,0
4405,0
37101,1
48579,1
32914,1
55794,1
34950,1
27389,0
52822,1
42101,1
6165,0
33913,1
25971,0
20171,0
45810,1
37273,1
34695,1
10508,0
42245,1
2634,0
30306,1
48749,1
41420,1
21104,0
17684,0
42425,1
52756,1
7654,0
510,0
49875,1
43463,1
37109,1
21738,0
51707,1
7716,0
29964,1
3976,0
41496,1
40639,1
21228,0
53921,1
7327,0
1814,0
50209,1
25013,0
27405,0
23121,0
5705,0
56018,1
41039,1
26356,0
55525,1
27324,0
53892,1
41177,1
21488,0
27470,0
44314,1
18500,0
42511,1
2773,0
35307,1
801,0
24900,0
3455,0
53631,1
20922,0
5629,0
22968,0
7691,0
7080,0
29210,0
18303,0
26162,0
50761,1
9676,0
10434,0
23709,0
8710,0
8962,0
35781,1
41516,1
20915,0
31272,1
7135,0
4216,0
17701,0
7341,0
1557,0
18082,0
45400,1
23216,0
30555,1
44921,1
56945,1
56099,1
7573,0
6231,0
16976,0
29713,1
52316,1
57756,1
29821,1
1313,0
18296,0
36386,1
57787,1
14293,0
7168,0
12881,0
31866,1
31842,1
39928,1
24825,0
38855,1
17108,0
11446,0
5365,0
18794,0
3791,0
17416,0
46639,1
29978,1
8149,0
41297,1
6213,0
36864,1
22979,0
49080,1
32027,1
23899,0
34342,1
57919,1
48656,1
17937,0
37661,1
37897,1
35595,1
2785,0
34372,1
19443,0
34245,1
52044,1
38826,1
29258,0
49944,1
57093,1
17848,0
21258,0
56952,1
45351,1
20565,0
29359,1
109,0
44707,1
6086,0
10727,0
5096,0
9427,0
39916,1
2806,0
17607,0
478,0
22474,0
34667,1
24255,0
42726,1
2649,0
40348,1
14752,0
7819,0
49390,1
25996,0
21717,0
50079,1
31553,1
30715,1
29208,0
10547,0
44933,1
22187,0
20492,0
38334,1
47872,1
34577,1
50076,1
32962,1
31815,1
24172,0
24549,0
15985,0
38011,1
31356,1
55073,1
55785,1
39109,1
34612,1
44508,1
24866,0
14619,0
13892,0
14029,0
31514,1
50883,1
40425,1
20928,0
23725,0
16354,0
14750,0
28996,0
55324,1
20537,0
6050,0
32915,1
26972,0
49423,1
42382,1
20396,0
2284,0
47867,1
20487,0
13160,0
23256,0
27836,0
50284,1
47684,1
48080,1
9871,0
7141,0
53855,1
14525,0
56568,1
15220,0
31405,1
55669,1
30879,1
16030,0
2549,0
2689,0
34207,1
10902,0
31319,1
45311,1
19736,0
47294,1
19580,0
51693,1
10065,0
57562,1
50121,1
13247,0
28343,0
15730,0
3559,0
35211,1
24140,0
48270,1
29939,1
29990,1
7548,0
1284,0
31380,1
24657,0
20832,0
3381,0
14894,0
4672,0
7148,0
48821,1
52693,1
31462,1
37487,1
5715,0
29172,0
23068,0
37564,1
28891,0
50016,1
20137,0
4535,0
39022,1
18035,0
35752,1
23217,0
42248,1
56087,1
45819,1
8119,0
8934,0
7756,0
2415,0
21399,0
3826,0
45576,1
2039,0
38033,1
51794,1
25637,0
16200,0
34619,1
42607,1
57050,1
27274,0
961,0
41472,1
35780,1
34198,1
8977,0
3599,0
9566,0
29334,1
28256,0
40063,1
3035,0
7440,0
10610,0
8025,0
34315,1
39666,1
29772,1
6650,0
23552,0
44818,1
35949,1
50524,1
9029,0
11743,0
10021,0
52546,1
1430,0
58190,1
21615,0
3728,0
33413,1
53624,1
29735,1
22394,0
23813,0
34963,1
11644,0
4671,0
9335,0
31675,1
28567,0
10839,0
15359,0
44057,1
48082,1
33123,1
40022,1
27649,0
18510,0
46924,1
27638,0
28001,0
36299,1
52769,1
20966,0
1343,0
24977,0
57479,1
44183,1
51385,1
17502,0
48279,1
58184,1
40814,1
35459,1
2526,0
36276,1
15791,0
53701,1
41840,1
12798,0
57922,1
43124,1
57763,1
19516,0
43836,1
27447,0
8847,0
315,0
53413,1
14349,0
10372,0
54591,1
27730,0
43831,1
24397,0
25076,0
45565,1
55151,1
51117,1
9414,0
8602,0
38650,1
25591,0
53574,1
10379,0
23506,0
39528,1
51043,1
15410,0
39999,1
5958,0
47506,1
16498,0
39485,1
50657,1
32941,1
57174,1
16373,0
58268,1
44199,1
11375,0
13837,0
56141,1
15269,0
41591,1
47654,1
31074,1
51065,1
18864,0
5025,0
56971,1
32405,1
43140,1
41860,1
34184,1
51108,1
43048,1
39201,1
19807,0
52792,1
20913,0
8423,0
14129,0
55849,1
22470,0
5503,0
29689,1
1609,0
10769,0
20532,0
53018,1
35975,1
8471,0
13037,0
26802,0
747,0
21339,0
43211,1
37885,1
45503,1
34467,1
19294,0
12927,0
14470,0
22948,0
32469,1
46041,1
14285,0
23741,0
42255,1
7690,0
55029,1
13335,0
5406,0
58276,1
22703,0
6429,0
58,0
6720,0
9176,0
45283,1
27580,0
47031,1
4045,0
10259,0
42740,1
15033,0
32088,1
2390,0
44794,1
28308,0
27702,0
24084,0
41166,1
24338,0
31406,1
26079,0
36684,1
31447,1
4178,0
50171,1
24595,0
14692,0
48857,1
16475,0
10141,0
8799,0
38461,1
54860,1
17883,0
25521,0
1446,0
12099,0
51245,1
52289,1
32884,1
39130,1
31375,1
17440,0
51246,1
13929,0
31696,1
351,0
5968,0
53980,1
32643,1
12211,0
8035,0
10128,0
20202,0
43529,1
42493,1
8200,0
39320,1
31603,1
24302,0
54467,1
53947,1
2628,0
1935,0
25355,0
5386,0
24498,0
21355,0
16918,0
47756,1
6025,0
5297,0
57068,1
7625,0
44631,1
51298,1
44244,1
7248,0
7396,0
17521,0
45000,1
37006,1
24767,0
39826,1
41237,1
39732,1
52499,1
8919,0
9037,0
12445,0
55738,1
36105,1
9215,0
22718,0
55194,1
53348,1
27792,0
50031,1
43681,1
43197,1
53678,1
41132,1
19066,0
45698,1
19667,0
16286,0
47351,1
45409,1
5480,0
38484,1
29388,1
57691,1
6087,0
58042,1
16928,0
38184,1
50826,1
4827,0
14825,0
12107,0
53647,1
43118,1
38364,1
35827,1
41203,1
41367,1
31662,1
7071,0
47784,1
8408,0
14574,0
52219,1
19691,0
38212,1
44452,1
24563,0
25504,0
10255,0
41819,1
8372,0
56324,1
42065,1
4475,0
15059,0
24919,0
3780,0
18105,0
42243,1
55572,1
55241,1
47177,1
55503,1
1455,0
50134,1
21906,0
14579,0
14647,0
17605,0
30262,1
42348,1
41769,1
27571,0
40200,1
49098,1
12794,0
992,0
32784,1
55828,1
56257,1
28208,0
15926,0
38622,1
29652,1
39404,1
47373,1
13777,0
47663,1
50156,1
41254,1
50858,1
20730,0
42475,1
16270,0
55903,1
42073,1
1659,0
26475,0
24482,0
30130,1
28150,0
50470,1
16864,0
38204,1
18460,0
49220,1
52935,1
46558,1
17083,0
47547,1
37321,1
34636,1
21102,0
45899,1
15823,0
18107,0
54559,1
48055,1
33431,1
12703,0
48668,1
24593,0
14586,0
8400,0
49780,1
8956,0
19959,0
34359,1
9571,0
5157,0
58158,1
18170,0
672,0
19318,0
2750,0
5244,0
22530,0
46387,1
55819,1
6382,0
21947,0
40420,1
42914,1
41104,1
57526,1
20376,0
30232,1
10638,0
10148,0
5219,0
14380,0
35201,1
6934,0
11802,0
3846,0
1393,0
58584,1
49113,1
9688,0
5235,0
2492,0
56701,1
30810,1
34297,1
27277,0
35622,1
6237,0
20194,0
10092,0
25334,0
52915,1
23878,0
47404,1
49057,1
27401,0
18916,0
33470,1
7497,0
35845,1
54142,1
38408,1
4484,0
57677,1
53779,1
14550,0
31624,1
6907,0
33591,1
26049,0
2534,0
18811,0
53950,1
45317,1
4979,0
11255,0
22955,0
48359,1
45856,1
48621,1
57220,1
53320,1
13723,0
21221,0
465,0
5379,0
38463,1
22306,0
6453,0
21680,0
3617,0
38537,1
21667,0
44477,1
54915,1
42907,1
26139,0
1091,0
15260,0
53255,1
29350,1
8639,0
30849,1
14464,0
17687,0
55016,1
45597,1
11133,0
48794,1
18519,0
20394,0
1354,0
2244,0
44186,1
41170,1
12956,0
57445,1
57768,1
40740,1
7212,0
24026,0
33005,1
33157,1
30395,1
33156,1
56386,1
19159,0
43212,1
10025,0
37974,1
9742,0
19429,0
34569,1
6505,0
37570,1
53508,1
51364,1
21420,0
45187,1
3194,0
50830,1
31179,1
22568,0
23720,0
646,0
10795,0
14558,0
11158,0
16580,0
32497,1
36269,1
13531,0
4870,0
13222,0
52220,1
21098,0
18647,0
21181,0
5849,0
48500,1
22593,0
53985,1
3861,0
10639,0
48288,1
16776,0
25304,0
4582,0
23432,0
24102,0
45141,1
56929,1
15758,0
12305,0
53565,1
53161,1
22634,0
31851,1
35548,1
25804,0
20776,0
15922,0
12302,0
2531,0
39550,1
49236,1
28711,0
29004,0
28781,0
21336,0
43944,1
44407,1
14107,0
51576,1
40494,1
17593,0
28254,0
35821,1
18754,0
24727,0
36106,1
31947,1
51185,1
57191,1
57352,1
48558,1
19721,0
23458,0
51152,1
48221,1
40374,1
5361,0
15867,0
38636,1
52825,1
9810,0
40635,1
28466,0
55641,1
42775,1
38435,1
13477,0
37795,1
28355,0
15801,0
49712,1
18618,0
31435,1
41692,1
57746,1
47733,1
23214,0
35998,1
46499,1
10549,0
48599,1
9767,0
6703,0
37574,1
51946,1
20663,0
588,0
48545,1
11291,0
24851,0
28656,0
5389,0
21349,0
29469,1
41698,1
57883,1
29366,1
6545,0
40724,1
24452,0
52263,1
54120,1
16903,0
28247,0
54528,1
7458,0
16931,0
24263,0
37369,1
17825,0
38019,1
14989,0
54812,1
3937,0
25943,0
22292,0
16004,0
42809,1
38888,1
34708,1
25924,0
50984,1
11532,0
12324,0
32492,1
35184,1
20184,0
44698,1
54662,1
32917,1
33835,1
13075,0
8216,0
28897,0
46025,1
3260,0
839,0
22023,0
49393,1
49891,1
40157,1
7998,0
40889,1
3942,0
5833,0
47383,1
48045,1
19327,0
49443,1
27590,0
55105,1
20436,0
34732,1
36438,1
7514,0
26718,0
44724,1
2680,0
55959,1
11309,0
46450,1
41944,1
18097,0
52627,1
610,0
47213,1
2887,0
26014,0
16131,0
42870,1
55706,1
821,0
35618,1
35339,1
13625,0
28498,0
43288,1
39334,1
4781,0
31532,1
13546,0
718,0
21153,0
34237,1
53164,1
49054,1
4084,0
38767,1
9733,0
43677,1
36807,1
53845,1
3483,0
22259,0
24551,0
12934,0
48606,1
11735,0
41734,1
15729,0
53674,1
47658,1
913,0
10118,0
40894,1
25044,0
6282,0
25114,0
17855,0
24207,0
35034,1
620,0
52614,1
4472,0
8542,0
44552,1
858,0
43883,1
47933,1
33668,1
40792,1
26128,0
53505,1
42729,1
22553,0
27602,0
43311,1
35914,1
20063,0
24219,0
36885,1
2010,0
19377,0
46396,1
25847,0
50298,1
40421,1
765,0
11888,0
746,0
38781,1
15976,0
40144,1
51188,1
46423,1
16041,0
52108,1
57902,1
19246,0
36865,1
20839,0
43097,1
56073,1
37977,1
13795,0
4852,0
22268,0
15882,0
51109,1
29217,0
989,0
30387,1
24903,0
17558,0
20795,0
39429,1
21521,0
49864,1
21445,0
24758,0
51562,1
39701,1
30624,1
25827,0
55067,1
54808,1
32912,1
15465,0
40719,1
16572,0
42650,1
1336,0
17363,0
41468,1
31484,1
39984,1
11625,0
31496,1
28233,0
7063,0
16387,0
26470,0
6030,0
2147,0
43147,1
47105,1
57199,1
51239,1
31260,1
30846,1
14808,0
56638,1
9672,0
50841,1
10059,0
48501,1
5472,0
1176,0
3345,0
27491,0
55952,1
46761,1
57995,1
4845,0
49553,1
57045,1
48416,1
8337,0
27141,0
37447,1
21860,0
32247,1
51547,1
22159,0
56345,1
54364,1
53725,1
38084,1
18998,0
30648,1
10299,0
5549,0
12992,0
51938,1
39139,1
23967,0
43091,1
45546,1
11616,0
28470,0
41217,1
58294,1
44266,1
27414,0
20372,0
29428,1
25573,0
35072,1
11610,0
617,0
24392,0
28900,0
33279,1
29970,1
40044,1
21842,0
25740,0
56999,1
30568,1
8614,0
29041,0
23707,0
8341,0
12084,0
37236,1
41007,1
14833,0
13137,0
3025,0
18003,0
19387,0
52538,1
31823,1
45020,1
24980,0
10163,0
17324,0
12829,0
24494,0
25469,0
20659,0
52589,1
16855,0
33663,1
6058,0
54060,1
55188,1
30752,1
44279,1
52430,1
5210,0
37879,1
36034,1
40221,1
52731,1
20026,0
12752,0
25055,0
16819,0
50461,1
30910,1
36745,1
11419,0
55083,1
43835,1
1265,0
15553,0
26024,0
19226,0
42291,1
